id,cod_ana,nivel_cm,nivel_m,data_hora,fonte,criado_em
5647,87163000,106.80,1.068,2026-08-13T18:47:40.000Z,DCRS,2026-08-13T18:47:42.000Z
5644,87270000,381.00,3.810,2026-08-13T18:47:38.000Z,DCRS,2026-08-13T18:47:42.000Z
5646,87300000,204.00,2.040,2026-08-13T18:47:35.000Z,DCRS,2026-08-13T18:47:42.000Z
5645,87150000,61.70,0.617,2026-08-13T18:47:33.000Z,DCRS,2026-08-13T18:47:42.000Z
5640,87163000,106.80,1.068,2026-08-13T18:42:40.000Z,DCRS,2026-08-13T18:42:42.000Z
5643,87270000,379.00,3.790,2026-08-13T18:42:38.000Z,DCRS,2026-08-13T18:42:42.000Z
5641,87300000,204.00,2.040,2026-08-13T18:42:35.000Z,DCRS,2026-08-13T18:42:42.000Z
5642,87150000,61.70,0.617,2026-08-13T18:42:33.000Z,DCRS,2026-08-13T18:42:42.000Z
5638,87163000,106.80,1.068,2026-08-13T18:37:40.000Z,DCRS,2026-08-13T18:37:42.000Z
5639,87270000,377.00,3.770,2026-08-13T18:37:38.000Z,DCRS,2026-08-13T18:37:42.000Z
5636,87300000,204.00,2.040,2026-08-13T18:37:35.000Z,DCRS,2026-08-13T18:37:42.000Z
5637,87150000,61.70,0.617,2026-08-13T18:37:33.000Z,DCRS,2026-08-13T18:37:42.000Z
5634,87163000,106.80,1.068,2026-08-13T18:32:40.000Z,DCRS,2026-08-13T18:32:42.000Z
5632,87270000,377.00,3.770,2026-08-13T18:32:38.000Z,DCRS,2026-08-13T18:32:42.000Z
5633,87300000,204.00,2.040,2026-08-13T18:32:35.000Z,DCRS,2026-08-13T18:32:42.000Z
5631,87150000,61.60,0.616,2026-08-13T18:32:33.000Z,DCRS,2026-08-13T18:32:42.000Z
5627,87163000,106.80,1.068,2026-08-13T18:27:40.000Z,DCRS,2026-08-13T18:27:42.000Z
5629,87270000,375.00,3.750,2026-08-13T18:27:38.000Z,DCRS,2026-08-13T18:27:42.000Z
5628,87300000,204.00,2.040,2026-08-13T18:27:35.000Z,DCRS,2026-08-13T18:27:42.000Z
5630,87150000,61.70,0.617,2026-08-13T18:27:33.000Z,DCRS,2026-08-13T18:27:42.000Z
5623,87163000,106.90,1.069,2026-08-13T18:22:30.000Z,DCRS,2026-08-13T18:22:34.000Z
5625,87270000,373.00,3.730,2026-08-13T18:22:28.000Z,DCRS,2026-08-13T18:22:34.000Z
5624,87300000,202.00,2.020,2026-08-13T18:22:25.000Z,DCRS,2026-08-13T18:22:34.000Z
5622,87150000,61.70,0.617,2026-08-13T18:22:23.000Z,DCRS,2026-08-13T18:22:34.000Z
5618,87163000,106.90,1.069,2026-08-13T18:20:30.000Z,DCRS,2026-08-13T18:20:32.000Z
5621,87270000,373.00,3.730,2026-08-13T18:20:28.000Z,DCRS,2026-08-13T18:20:32.000Z
5620,87300000,202.00,2.020,2026-08-13T18:20:25.000Z,DCRS,2026-08-13T18:20:32.000Z
5619,87150000,61.70,0.617,2026-08-13T18:20:23.000Z,DCRS,2026-08-13T18:20:32.000Z
5617,87163000,106.90,1.069,2026-08-13T18:17:30.000Z,DCRS,2026-08-13T18:17:33.000Z
5614,87270000,373.00,3.730,2026-08-13T18:17:28.000Z,DCRS,2026-08-13T18:17:33.000Z
5615,87300000,202.00,2.020,2026-08-13T18:17:25.000Z,DCRS,2026-08-13T18:17:33.000Z
5616,87150000,61.70,0.617,2026-08-13T18:17:23.000Z,DCRS,2026-08-13T18:17:33.000Z
5611,87150000,61.70,0.617,2026-08-13T18:14:43.000Z,DCRS,2026-08-13T18:14:46.000Z
5609,87163000,106.90,1.069,2026-08-13T18:14:40.000Z,DCRS,2026-08-13T18:14:46.000Z
5608,87270000,371.00,3.710,2026-08-13T18:14:38.000Z,DCRS,2026-08-13T18:14:46.000Z
5610,87300000,202.00,2.020,2026-08-13T18:14:35.000Z,DCRS,2026-08-13T18:14:46.000Z
5604,87163000,106.90,1.069,2026-08-13T18:10:30.000Z,DCRS,2026-08-13T18:10:32.000Z
5603,87270000,371.00,3.710,2026-08-13T18:10:28.000Z,DCRS,2026-08-13T18:10:32.000Z
5606,87300000,202.00,2.020,2026-08-13T18:10:25.000Z,DCRS,2026-08-13T18:10:32.000Z
5605,87150000,61.70,0.617,2026-08-13T18:10:23.000Z,DCRS,2026-08-13T18:10:32.000Z
5601,87300000,202.00,2.020,2026-08-13T18:03:05.000Z,DCRS,2026-08-13T18:03:08.000Z
5598,87150000,61.60,0.616,2026-08-13T18:03:03.000Z,DCRS,2026-08-13T18:03:08.000Z
5599,87163000,106.90,1.069,2026-08-13T18:03:00.000Z,DCRS,2026-08-13T18:03:08.000Z
5600,87270000,369.00,3.690,2026-08-13T18:02:58.000Z,DCRS,2026-08-13T18:03:08.000Z
5596,87150000,61.60,0.616,2026-08-13T17:19:53.000Z,DCRS,2026-08-13T17:19:55.000Z
5597,87163000,106.90,1.069,2026-08-13T17:19:50.000Z,DCRS,2026-08-13T17:19:55.000Z
5595,87270000,360.00,3.600,2026-08-13T17:19:48.000Z,DCRS,2026-08-13T17:19:55.000Z
5594,87300000,198.00,1.980,2026-08-13T17:19:45.000Z,DCRS,2026-08-13T17:19:55.000Z
5589,87163000,107.00,1.070,2026-08-13T17:14:50.000Z,DCRS,2026-08-13T17:14:55.000Z
5591,87270000,358.00,3.580,2026-08-13T17:14:48.000Z,DCRS,2026-08-13T17:14:55.000Z
5588,87300000,198.00,1.980,2026-08-13T17:14:45.000Z,DCRS,2026-08-13T17:14:55.000Z
5590,87150000,61.60,0.616,2026-08-13T17:14:43.000Z,DCRS,2026-08-13T17:14:55.000Z
5586,87163000,107.00,1.070,2026-08-13T17:09:50.000Z,DCRS,2026-08-13T17:09:55.000Z
5587,87270000,356.00,3.560,2026-08-13T17:09:48.000Z,DCRS,2026-08-13T17:09:55.000Z
5584,87300000,198.00,1.980,2026-08-13T17:09:45.000Z,DCRS,2026-08-13T17:09:55.000Z
5585,87150000,61.60,0.616,2026-08-13T17:09:43.000Z,DCRS,2026-08-13T17:09:55.000Z
5579,87163000,107.00,1.070,2026-08-13T17:04:50.000Z,DCRS,2026-08-13T17:04:55.000Z
5582,87270000,356.00,3.560,2026-08-13T17:04:48.000Z,DCRS,2026-08-13T17:04:55.000Z
5581,87300000,196.00,1.960,2026-08-13T17:04:45.000Z,DCRS,2026-08-13T17:04:55.000Z
5580,87150000,61.60,0.616,2026-08-13T17:04:43.000Z,DCRS,2026-08-13T17:04:55.000Z
5575,87163000,107.00,1.070,2026-08-13T16:59:50.000Z,DCRS,2026-08-13T16:59:54.000Z
5577,87270000,354.00,3.540,2026-08-13T16:59:48.000Z,DCRS,2026-08-13T16:59:54.000Z
5576,87300000,196.00,1.960,2026-08-13T16:59:45.000Z,DCRS,2026-08-13T16:59:54.000Z
5578,87150000,61.60,0.616,2026-08-13T16:59:43.000Z,DCRS,2026-08-13T16:59:54.000Z
5573,87300000,198.00,1.980,2026-08-13T16:57:15.000Z,DCRS,2026-08-13T16:57:18.000Z
5571,87150000,61.70,0.617,2026-08-13T16:57:13.000Z,DCRS,2026-08-13T16:57:18.000Z
5572,87163000,107.00,1.070,2026-08-13T16:57:10.000Z,DCRS,2026-08-13T16:57:18.000Z
5574,87270000,354.00,3.540,2026-08-13T16:57:08.000Z,DCRS,2026-08-13T16:57:18.000Z
5567,87300000,196.00,1.960,2026-08-13T16:52:15.000Z,DCRS,2026-08-13T16:52:18.000Z
5566,87150000,61.70,0.617,2026-08-13T16:52:13.000Z,DCRS,2026-08-13T16:52:18.000Z
5569,87163000,107.00,1.070,2026-08-13T16:52:10.000Z,DCRS,2026-08-13T16:52:18.000Z
5568,87270000,352.00,3.520,2026-08-13T16:52:08.000Z,DCRS,2026-08-13T16:52:18.000Z
5564,87270000,352.00,3.520,2026-08-13T16:47:18.000Z,DCRS,2026-08-13T16:47:18.000Z
5562,87300000,195.00,1.950,2026-08-13T16:47:15.000Z,DCRS,2026-08-13T16:47:18.000Z
5563,87150000,61.70,0.617,2026-08-13T16:47:13.000Z,DCRS,2026-08-13T16:47:18.000Z
5565,87163000,107.00,1.070,2026-08-13T16:47:10.000Z,DCRS,2026-08-13T16:47:18.000Z
5560,87300000,197.00,1.970,2026-08-13T16:42:15.000Z,DCRS,2026-08-13T16:42:18.000Z
5561,87150000,61.70,0.617,2026-08-13T16:42:13.000Z,DCRS,2026-08-13T16:42:18.000Z
5559,87163000,107.00,1.070,2026-08-13T16:42:10.000Z,DCRS,2026-08-13T16:42:18.000Z
5558,87270000,350.00,3.500,2026-08-13T16:42:08.000Z,DCRS,2026-08-13T16:42:18.000Z
5556,87300000,196.00,1.960,2026-08-13T16:37:15.000Z,DCRS,2026-08-13T16:37:18.000Z
5557,87150000,61.70,0.617,2026-08-13T16:37:13.000Z,DCRS,2026-08-13T16:37:18.000Z
5555,87163000,107.00,1.070,2026-08-13T16:37:10.000Z,DCRS,2026-08-13T16:37:18.000Z
5554,87270000,348.00,3.480,2026-08-13T16:37:08.000Z,DCRS,2026-08-13T16:37:18.000Z
5551,87300000,194.00,1.940,2026-08-13T16:32:15.000Z,DCRS,2026-08-13T16:32:18.000Z
5550,87150000,61.70,0.617,2026-08-13T16:32:14.000Z,DCRS,2026-08-13T16:32:18.000Z
5552,87163000,107.00,1.070,2026-08-13T16:32:10.000Z,DCRS,2026-08-13T16:32:18.000Z
5549,87270000,348.00,3.480,2026-08-13T16:32:08.000Z,DCRS,2026-08-13T16:32:18.000Z
5548,87300000,193.00,1.930,2026-08-13T16:27:15.000Z,DCRS,2026-08-13T16:27:18.000Z
5546,87150000,61.60,0.616,2026-08-13T16:27:13.000Z,DCRS,2026-08-13T16:27:18.000Z
5545,87163000,107.00,1.070,2026-08-13T16:27:10.000Z,DCRS,2026-08-13T16:27:18.000Z
5547,87270000,346.00,3.460,2026-08-13T16:27:08.000Z,DCRS,2026-08-13T16:27:18.000Z
5542,87300000,193.00,1.930,2026-08-13T16:22:15.000Z,DCRS,2026-08-13T16:22:18.000Z
5540,87150000,61.60,0.616,2026-08-13T16:22:13.000Z,DCRS,2026-08-13T16:22:18.000Z
5541,87163000,107.00,1.070,2026-08-13T16:22:10.000Z,DCRS,2026-08-13T16:22:18.000Z
5543,87270000,346.00,3.460,2026-08-13T16:22:08.000Z,DCRS,2026-08-13T16:22:18.000Z
5538,87163000,107.10,1.071,2026-08-13T16:16:10.000Z,DCRS,2026-08-13T16:16:14.000Z
5536,87270000,342.00,3.420,2026-08-13T16:16:08.000Z,DCRS,2026-08-13T16:16:14.000Z
5539,87300000,193.00,1.930,2026-08-13T16:16:05.000Z,DCRS,2026-08-13T16:16:14.000Z
5537,87150000,61.60,0.616,2026-08-13T16:16:03.000Z,DCRS,2026-08-13T16:16:14.000Z
5533,87300000,194.00,1.940,2026-08-13T16:12:15.000Z,DCRS,2026-08-13T16:12:18.000Z
5531,87150000,61.70,0.617,2026-08-13T16:12:13.000Z,DCRS,2026-08-13T16:12:18.000Z
5530,87163000,107.10,1.071,2026-08-13T16:12:10.000Z,DCRS,2026-08-13T16:12:18.000Z
5532,87270000,342.00,3.420,2026-08-13T16:12:08.000Z,DCRS,2026-08-13T16:12:18.000Z
5527,87300000,192.00,1.920,2026-08-13T16:07:15.000Z,DCRS,2026-08-13T16:07:18.000Z
5526,87150000,61.60,0.616,2026-08-13T16:07:13.000Z,DCRS,2026-08-13T16:07:18.000Z
5528,87163000,107.10,1.071,2026-08-13T16:07:10.000Z,DCRS,2026-08-13T16:07:18.000Z
5529,87270000,342.00,3.420,2026-08-13T16:07:08.000Z,DCRS,2026-08-13T16:07:18.000Z
5522,87300000,192.00,1.920,2026-08-13T16:02:15.000Z,DCRS,2026-08-13T16:02:18.000Z
5521,87150000,61.70,0.617,2026-08-13T16:02:13.000Z,DCRS,2026-08-13T16:02:18.000Z
5524,87163000,107.10,1.071,2026-08-13T16:02:10.000Z,DCRS,2026-08-13T16:02:18.000Z
5523,87270000,340.00,3.400,2026-08-13T16:02:08.000Z,DCRS,2026-08-13T16:02:18.000Z
5518,87300000,192.00,1.920,2026-08-13T15:57:15.000Z,DCRS,2026-08-13T15:57:18.000Z
5519,87150000,61.70,0.617,2026-08-13T15:57:13.000Z,DCRS,2026-08-13T15:57:18.000Z
5517,87163000,107.10,1.071,2026-08-13T15:57:10.000Z,DCRS,2026-08-13T15:57:18.000Z
5520,87270000,338.00,3.380,2026-08-13T15:57:08.000Z,DCRS,2026-08-13T15:57:18.000Z
5512,87300000,190.00,1.900,2026-08-13T15:52:15.000Z,DCRS,2026-08-13T15:52:18.000Z
5513,87150000,61.70,0.617,2026-08-13T15:52:13.000Z,DCRS,2026-08-13T15:52:18.000Z
5515,87163000,107.10,1.071,2026-08-13T15:52:10.000Z,DCRS,2026-08-13T15:52:18.000Z
5514,87270000,337.00,3.370,2026-08-13T15:52:08.000Z,DCRS,2026-08-13T15:52:18.000Z
5510,87300000,190.00,1.900,2026-08-13T15:47:15.000Z,DCRS,2026-08-13T15:47:18.000Z
5508,87150000,61.60,0.616,2026-08-13T15:47:13.000Z,DCRS,2026-08-13T15:47:18.000Z
5509,87163000,107.10,1.071,2026-08-13T15:47:10.000Z,DCRS,2026-08-13T15:47:18.000Z
5511,87270000,337.00,3.370,2026-08-13T15:47:08.000Z,DCRS,2026-08-13T15:47:18.000Z
5507,87300000,188.00,1.880,2026-08-13T15:42:15.000Z,DCRS,2026-08-13T15:42:18.000Z
5506,87150000,61.70,0.617,2026-08-13T15:42:13.000Z,DCRS,2026-08-13T15:42:18.000Z
5504,87163000,107.10,1.071,2026-08-13T15:42:10.000Z,DCRS,2026-08-13T15:42:18.000Z
5505,87270000,335.00,3.350,2026-08-13T15:42:08.000Z,DCRS,2026-08-13T15:42:18.000Z
5503,87300000,191.00,1.910,2026-08-13T15:37:15.000Z,DCRS,2026-08-13T15:37:18.000Z
5501,87150000,61.60,0.616,2026-08-13T15:37:13.000Z,DCRS,2026-08-13T15:37:18.000Z
5500,87163000,107.10,1.071,2026-08-13T15:37:10.000Z,DCRS,2026-08-13T15:37:18.000Z
5502,87270000,333.00,3.330,2026-08-13T15:37:08.000Z,DCRS,2026-08-13T15:37:18.000Z
5495,87300000,188.00,1.880,2026-08-13T15:32:15.000Z,DCRS,2026-08-13T15:32:18.000Z
5498,87150000,61.60,0.616,2026-08-13T15:32:13.000Z,DCRS,2026-08-13T15:32:18.000Z
5497,87163000,107.10,1.071,2026-08-13T15:32:10.000Z,DCRS,2026-08-13T15:32:18.000Z
5496,87270000,333.00,3.330,2026-08-13T15:32:08.000Z,DCRS,2026-08-13T15:32:18.000Z
5492,87300000,189.00,1.890,2026-08-13T15:27:15.000Z,DCRS,2026-08-13T15:27:18.000Z
5491,87150000,61.60,0.616,2026-08-13T15:27:13.000Z,DCRS,2026-08-13T15:27:18.000Z
5493,87163000,107.10,1.071,2026-08-13T15:27:10.000Z,DCRS,2026-08-13T15:27:18.000Z
5494,87270000,331.00,3.310,2026-08-13T15:27:08.000Z,DCRS,2026-08-13T15:27:18.000Z
5486,87300000,187.00,1.870,2026-08-13T15:22:15.000Z,DCRS,2026-08-13T15:22:18.000Z
5488,87150000,61.60,0.616,2026-08-13T15:22:13.000Z,DCRS,2026-08-13T15:22:18.000Z
5489,87163000,107.10,1.071,2026-08-13T15:22:10.000Z,DCRS,2026-08-13T15:22:18.000Z
5487,87270000,329.00,3.290,2026-08-13T15:22:08.000Z,DCRS,2026-08-13T15:22:18.000Z
5482,87300000,188.00,1.880,2026-08-13T15:17:15.000Z,DCRS,2026-08-13T15:17:18.000Z
5484,87150000,61.60,0.616,2026-08-13T15:17:13.000Z,DCRS,2026-08-13T15:17:18.000Z
5485,87163000,107.10,1.071,2026-08-13T15:17:10.000Z,DCRS,2026-08-13T15:17:18.000Z
5483,87270000,329.00,3.290,2026-08-13T15:17:08.000Z,DCRS,2026-08-13T15:17:18.000Z
5635,87170000,852.00,8.520,2026-08-13T15:15:00.000Z,ANA,2026-08-13T18:32:44.000Z
5478,87300000,188.00,1.880,2026-08-13T15:12:15.000Z,DCRS,2026-08-13T15:12:18.000Z
5476,87150000,61.60,0.616,2026-08-13T15:12:13.000Z,DCRS,2026-08-13T15:12:18.000Z
5479,87163000,107.10,1.071,2026-08-13T15:12:10.000Z,DCRS,2026-08-13T15:12:18.000Z
5477,87270000,327.00,3.270,2026-08-13T15:12:08.000Z,DCRS,2026-08-13T15:12:18.000Z
5473,87300000,187.00,1.870,2026-08-13T15:07:15.000Z,DCRS,2026-08-13T15:07:18.000Z
5474,87150000,61.70,0.617,2026-08-13T15:07:13.000Z,DCRS,2026-08-13T15:07:18.000Z
5471,87163000,107.10,1.071,2026-08-13T15:07:10.000Z,DCRS,2026-08-13T15:07:18.000Z
5472,87270000,327.00,3.270,2026-08-13T15:07:08.000Z,DCRS,2026-08-13T15:07:18.000Z
5467,87300000,189.00,1.890,2026-08-13T15:02:15.000Z,DCRS,2026-08-13T15:02:18.000Z
5469,87150000,61.70,0.617,2026-08-13T15:02:13.000Z,DCRS,2026-08-13T15:02:18.000Z
5468,87163000,107.10,1.071,2026-08-13T15:02:10.000Z,DCRS,2026-08-13T15:02:18.000Z
5470,87270000,325.00,3.250,2026-08-13T15:02:08.000Z,DCRS,2026-08-13T15:02:18.000Z
5612,87168590,796.00,7.960,2026-08-13T15:00:00.000Z,ANA,2026-08-13T18:14:47.000Z
5613,87165001,398.00,3.980,2026-08-13T15:00:00.000Z,ANA,2026-08-13T18:14:47.000Z
5626,87170000,847.00,8.470,2026-08-13T15:00:00.000Z,ANA,2026-08-13T18:22:36.000Z
5464,87300000,187.00,1.870,2026-08-13T14:57:15.000Z,DCRS,2026-08-13T14:57:18.000Z
5465,87150000,61.60,0.616,2026-08-13T14:57:13.000Z,DCRS,2026-08-13T14:57:18.000Z
5463,87163000,107.10,1.071,2026-08-13T14:57:10.000Z,DCRS,2026-08-13T14:57:18.000Z
5466,87270000,323.00,3.230,2026-08-13T14:57:08.000Z,DCRS,2026-08-13T14:57:18.000Z
5459,87300000,186.00,1.860,2026-08-13T14:52:15.000Z,DCRS,2026-08-13T14:52:18.000Z
5460,87150000,61.60,0.616,2026-08-13T14:52:13.000Z,DCRS,2026-08-13T14:52:18.000Z
5458,87163000,107.20,1.072,2026-08-13T14:52:10.000Z,DCRS,2026-08-13T14:52:18.000Z
5461,87270000,323.00,3.230,2026-08-13T14:52:08.000Z,DCRS,2026-08-13T14:52:18.000Z
5456,87300000,186.00,1.860,2026-08-13T14:47:15.000Z,DCRS,2026-08-13T14:47:18.000Z
5455,87150000,61.60,0.616,2026-08-13T14:47:13.000Z,DCRS,2026-08-13T14:47:18.000Z
5457,87163000,107.20,1.072,2026-08-13T14:47:10.000Z,DCRS,2026-08-13T14:47:18.000Z
5454,87270000,321.00,3.210,2026-08-13T14:47:08.000Z,DCRS,2026-08-13T14:47:18.000Z
5607,87170000,840.00,8.400,2026-08-13T14:45:00.000Z,ANA,2026-08-13T18:10:33.000Z
5453,87300000,186.00,1.860,2026-08-13T14:42:15.000Z,DCRS,2026-08-13T14:42:18.000Z
5450,87150000,61.60,0.616,2026-08-13T14:42:13.000Z,DCRS,2026-08-13T14:42:18.000Z
5451,87163000,107.20,1.072,2026-08-13T14:42:10.000Z,DCRS,2026-08-13T14:42:18.000Z
5452,87270000,319.00,3.190,2026-08-13T14:42:08.000Z,DCRS,2026-08-13T14:42:18.000Z
5447,87300000,184.00,1.840,2026-08-13T14:36:35.000Z,DCRS,2026-08-13T14:36:38.000Z
5446,87150000,61.60,0.616,2026-08-13T14:36:33.000Z,DCRS,2026-08-13T14:36:38.000Z
5449,87163000,107.10,1.071,2026-08-13T14:36:30.000Z,DCRS,2026-08-13T14:36:38.000Z
5448,87270000,319.00,3.190,2026-08-13T14:36:28.000Z,DCRS,2026-08-13T14:36:38.000Z
5443,87300000,184.00,1.840,2026-08-13T14:32:15.000Z,DCRS,2026-08-13T14:32:18.000Z
5441,87150000,61.70,0.617,2026-08-13T14:32:13.000Z,DCRS,2026-08-13T14:32:18.000Z
5442,87163000,107.20,1.072,2026-08-13T14:32:10.000Z,DCRS,2026-08-13T14:32:18.000Z
5444,87270000,317.00,3.170,2026-08-13T14:32:08.000Z,DCRS,2026-08-13T14:32:18.000Z
5602,87170000,834.00,8.340,2026-08-13T14:30:00.000Z,ANA,2026-08-13T18:03:09.000Z
5438,87300000,184.00,1.840,2026-08-13T14:27:15.000Z,DCRS,2026-08-13T14:27:18.000Z
5437,87150000,61.60,0.616,2026-08-13T14:27:13.000Z,DCRS,2026-08-13T14:27:18.000Z
5439,87163000,107.20,1.072,2026-08-13T14:27:10.000Z,DCRS,2026-08-13T14:27:18.000Z
5440,87270000,315.00,3.150,2026-08-13T14:27:08.000Z,DCRS,2026-08-13T14:27:18.000Z
5433,87300000,184.00,1.840,2026-08-13T14:22:15.000Z,DCRS,2026-08-13T14:22:18.000Z
5432,87150000,61.60,0.616,2026-08-13T14:22:13.000Z,DCRS,2026-08-13T14:22:18.000Z
5435,87163000,107.20,1.072,2026-08-13T14:22:10.000Z,DCRS,2026-08-13T14:22:18.000Z
5434,87270000,315.00,3.150,2026-08-13T14:22:08.000Z,DCRS,2026-08-13T14:22:18.000Z
5428,87300000,184.00,1.840,2026-08-13T14:17:15.000Z,DCRS,2026-08-13T14:17:18.000Z
5430,87150000,61.60,0.616,2026-08-13T14:17:13.000Z,DCRS,2026-08-13T14:17:18.000Z
5429,87163000,107.20,1.072,2026-08-13T14:17:10.000Z,DCRS,2026-08-13T14:17:18.000Z
5431,87270000,313.00,3.130,2026-08-13T14:17:08.000Z,DCRS,2026-08-13T14:17:18.000Z
5423,87300000,182.00,1.820,2026-08-13T14:12:15.000Z,DCRS,2026-08-13T14:12:18.000Z
5424,87150000,61.60,0.616,2026-08-13T14:12:13.000Z,DCRS,2026-08-13T14:12:18.000Z
5422,87163000,107.20,1.072,2026-08-13T14:12:10.000Z,DCRS,2026-08-13T14:12:18.000Z
5425,87270000,312.00,3.120,2026-08-13T14:12:08.000Z,DCRS,2026-08-13T14:12:18.000Z
5417,87163000,107.10,1.071,2026-08-13T14:06:30.000Z,DCRS,2026-08-13T14:06:34.000Z
5418,87270000,311.00,3.110,2026-08-13T14:06:28.000Z,DCRS,2026-08-13T14:06:34.000Z
5419,87300000,182.00,1.820,2026-08-13T14:06:25.000Z,DCRS,2026-08-13T14:06:34.000Z
5420,87150000,61.60,0.616,2026-08-13T14:06:23.000Z,DCRS,2026-08-13T14:06:34.000Z
5414,87300000,182.00,1.820,2026-08-13T14:02:15.000Z,DCRS,2026-08-13T14:02:18.000Z
5413,87150000,61.60,0.616,2026-08-13T14:02:13.000Z,DCRS,2026-08-13T14:02:18.000Z
5416,87163000,107.20,1.072,2026-08-13T14:02:10.000Z,DCRS,2026-08-13T14:02:18.000Z
5415,87270000,309.00,3.090,2026-08-13T14:02:08.000Z,DCRS,2026-08-13T14:02:18.000Z
5592,87168590,777.00,7.770,2026-08-13T14:00:00.000Z,ANA,2026-08-13T17:14:57.000Z
5593,87165001,393.00,3.930,2026-08-13T14:00:00.000Z,ANA,2026-08-13T17:14:57.000Z
5412,87163000,107.20,1.072,2026-08-13T13:56:30.000Z,DCRS,2026-08-13T13:56:34.000Z
5409,87270000,309.00,3.090,2026-08-13T13:56:28.000Z,DCRS,2026-08-13T13:56:34.000Z
5411,87300000,180.00,1.800,2026-08-13T13:56:25.000Z,DCRS,2026-08-13T13:56:34.000Z
5410,87150000,61.60,0.616,2026-08-13T13:56:23.000Z,DCRS,2026-08-13T13:56:34.000Z
5407,87300000,180.00,1.800,2026-08-13T13:52:15.000Z,DCRS,2026-08-13T13:52:18.000Z
5404,87150000,61.60,0.616,2026-08-13T13:52:13.000Z,DCRS,2026-08-13T13:52:18.000Z
5405,87163000,107.10,1.071,2026-08-13T13:52:10.000Z,DCRS,2026-08-13T13:52:18.000Z
5406,87270000,307.00,3.070,2026-08-13T13:52:08.000Z,DCRS,2026-08-13T13:52:18.000Z
5403,87300000,180.00,1.800,2026-08-13T13:47:15.000Z,DCRS,2026-08-13T13:47:18.000Z
5401,87150000,61.60,0.616,2026-08-13T13:47:13.000Z,DCRS,2026-08-13T13:47:18.000Z
5402,87163000,107.20,1.072,2026-08-13T13:47:10.000Z,DCRS,2026-08-13T13:47:18.000Z
5400,87270000,307.00,3.070,2026-08-13T13:47:08.000Z,DCRS,2026-08-13T13:47:18.000Z
5583,87170000,814.00,8.140,2026-08-13T13:45:00.000Z,ANA,2026-08-13T17:04:57.000Z
5396,87300000,180.00,1.800,2026-08-13T13:42:15.000Z,DCRS,2026-08-13T13:42:18.000Z
5399,87150000,61.60,0.616,2026-08-13T13:42:13.000Z,DCRS,2026-08-13T13:42:18.000Z
5398,87163000,107.20,1.072,2026-08-13T13:42:10.000Z,DCRS,2026-08-13T13:42:18.000Z
5397,87270000,305.00,3.050,2026-08-13T13:42:08.000Z,DCRS,2026-08-13T13:42:18.000Z
5394,87300000,180.00,1.800,2026-08-13T13:37:15.000Z,DCRS,2026-08-13T13:37:18.000Z
5391,87150000,61.60,0.616,2026-08-13T13:37:13.000Z,DCRS,2026-08-13T13:37:18.000Z
5392,87163000,107.10,1.071,2026-08-13T13:37:10.000Z,DCRS,2026-08-13T13:37:18.000Z
5393,87270000,303.00,3.030,2026-08-13T13:37:08.000Z,DCRS,2026-08-13T13:37:18.000Z
5389,87300000,179.00,1.790,2026-08-13T13:32:15.000Z,DCRS,2026-08-13T13:32:18.000Z
5388,87150000,61.60,0.616,2026-08-13T13:32:13.000Z,DCRS,2026-08-13T13:32:18.000Z
5390,87163000,107.10,1.071,2026-08-13T13:32:10.000Z,DCRS,2026-08-13T13:32:18.000Z
5387,87270000,301.00,3.010,2026-08-13T13:32:08.000Z,DCRS,2026-08-13T13:32:18.000Z
5570,87170000,806.00,8.060,2026-08-13T13:30:00.000Z,ANA,2026-08-13T16:52:20.000Z
5386,87300000,176.00,1.760,2026-08-13T13:27:15.000Z,DCRS,2026-08-13T13:27:18.000Z
5384,87150000,61.60,0.616,2026-08-13T13:27:13.000Z,DCRS,2026-08-13T13:27:18.000Z
5383,87163000,107.10,1.071,2026-08-13T13:27:10.000Z,DCRS,2026-08-13T13:27:18.000Z
5385,87270000,299.00,2.990,2026-08-13T13:27:08.000Z,DCRS,2026-08-13T13:27:18.000Z
5380,87300000,178.00,1.780,2026-08-13T13:22:15.000Z,DCRS,2026-08-13T13:22:18.000Z
5379,87150000,61.50,0.615,2026-08-13T13:22:13.000Z,DCRS,2026-08-13T13:22:18.000Z
5378,87163000,107.10,1.071,2026-08-13T13:22:10.000Z,DCRS,2026-08-13T13:22:18.000Z
5381,87270000,299.00,2.990,2026-08-13T13:22:08.000Z,DCRS,2026-08-13T13:22:18.000Z
5377,87300000,176.00,1.760,2026-08-13T13:17:15.000Z,DCRS,2026-08-13T13:17:18.000Z
5376,87150000,61.50,0.615,2026-08-13T13:17:13.000Z,DCRS,2026-08-13T13:17:18.000Z
5374,87163000,107.10,1.071,2026-08-13T13:17:10.000Z,DCRS,2026-08-13T13:17:18.000Z
5375,87270000,299.00,2.990,2026-08-13T13:17:08.000Z,DCRS,2026-08-13T13:17:18.000Z
5553,87170000,798.00,7.980,2026-08-13T13:15:00.000Z,ANA,2026-08-13T16:32:19.000Z
5370,87300000,176.00,1.760,2026-08-13T13:12:15.000Z,DCRS,2026-08-13T13:12:18.000Z
5369,87150000,61.60,0.616,2026-08-13T13:12:13.000Z,DCRS,2026-08-13T13:12:18.000Z
5371,87163000,107.10,1.071,2026-08-13T13:12:10.000Z,DCRS,2026-08-13T13:12:18.000Z
5368,87270000,297.00,2.970,2026-08-13T13:12:08.000Z,DCRS,2026-08-13T13:12:18.000Z
5365,87300000,176.00,1.760,2026-08-13T13:07:15.000Z,DCRS,2026-08-13T13:07:18.000Z
5363,87150000,61.50,0.615,2026-08-13T13:07:13.000Z,DCRS,2026-08-13T13:07:18.000Z
5366,87163000,107.10,1.071,2026-08-13T13:07:10.000Z,DCRS,2026-08-13T13:07:18.000Z
5364,87270000,297.00,2.970,2026-08-13T13:07:08.000Z,DCRS,2026-08-13T13:07:18.000Z
5359,87300000,173.00,1.730,2026-08-13T13:02:15.000Z,DCRS,2026-08-13T13:02:18.000Z
5360,87150000,61.60,0.616,2026-08-13T13:02:13.000Z,DCRS,2026-08-13T13:02:18.000Z
5361,87163000,107.10,1.071,2026-08-13T13:02:10.000Z,DCRS,2026-08-13T13:02:18.000Z
5362,87270000,295.00,2.950,2026-08-13T13:02:08.000Z,DCRS,2026-08-13T13:02:18.000Z
5534,87165001,384.00,3.840,2026-08-13T13:00:00.000Z,ANA,2026-08-13T16:12:20.000Z
5535,87168590,751.00,7.510,2026-08-13T13:00:00.000Z,ANA,2026-08-13T16:12:20.000Z
5544,87170000,792.00,7.920,2026-08-13T13:00:00.000Z,ANA,2026-08-13T16:22:20.000Z
5355,87300000,175.00,1.750,2026-08-13T12:57:15.000Z,DCRS,2026-08-13T12:57:18.000Z
5356,87150000,61.60,0.616,2026-08-13T12:57:13.000Z,DCRS,2026-08-13T12:57:18.000Z
5358,87163000,107.10,1.071,2026-08-13T12:57:10.000Z,DCRS,2026-08-13T12:57:18.000Z
5357,87270000,293.00,2.930,2026-08-13T12:57:08.000Z,DCRS,2026-08-13T12:57:18.000Z
5350,87300000,175.00,1.750,2026-08-13T12:52:15.000Z,DCRS,2026-08-13T12:52:18.000Z
5351,87150000,61.60,0.616,2026-08-13T12:52:13.000Z,DCRS,2026-08-13T12:52:18.000Z
5353,87163000,107.00,1.070,2026-08-13T12:52:10.000Z,DCRS,2026-08-13T12:52:18.000Z
5352,87270000,292.00,2.920,2026-08-13T12:52:08.000Z,DCRS,2026-08-13T12:52:18.000Z
5349,87300000,174.00,1.740,2026-08-13T12:47:15.000Z,DCRS,2026-08-13T12:47:18.000Z
5348,87150000,61.50,0.615,2026-08-13T12:47:13.000Z,DCRS,2026-08-13T12:47:18.000Z
5346,87163000,107.10,1.071,2026-08-13T12:47:10.000Z,DCRS,2026-08-13T12:47:18.000Z
5347,87270000,292.00,2.920,2026-08-13T12:47:08.000Z,DCRS,2026-08-13T12:47:18.000Z
5525,87170000,784.00,7.840,2026-08-13T12:45:00.000Z,ANA,2026-08-13T16:02:31.000Z
5343,87300000,173.00,1.730,2026-08-13T12:42:15.000Z,DCRS,2026-08-13T12:42:18.000Z
5342,87150000,61.50,0.615,2026-08-13T12:42:13.000Z,DCRS,2026-08-13T12:42:18.000Z
5345,87163000,107.10,1.071,2026-08-13T12:42:10.000Z,DCRS,2026-08-13T12:42:18.000Z
5344,87270000,288.00,2.880,2026-08-13T12:42:08.000Z,DCRS,2026-08-13T12:42:18.000Z
5338,87163000,107.00,1.070,2026-08-13T12:36:30.000Z,DCRS,2026-08-13T12:36:34.000Z
5341,87270000,288.00,2.880,2026-08-13T12:36:28.000Z,DCRS,2026-08-13T12:36:34.000Z
5339,87300000,173.00,1.730,2026-08-13T12:36:25.000Z,DCRS,2026-08-13T12:36:34.000Z
5340,87150000,61.50,0.615,2026-08-13T12:36:23.000Z,DCRS,2026-08-13T12:36:34.000Z
5335,87163000,107.00,1.070,2026-08-13T12:34:20.000Z,DCRS,2026-08-13T12:34:22.000Z
5334,87270000,286.00,2.860,2026-08-13T12:34:18.000Z,DCRS,2026-08-13T12:34:22.000Z
5337,87300000,173.00,1.730,2026-08-13T12:34:15.000Z,DCRS,2026-08-13T12:34:22.000Z
5336,87150000,61.50,0.615,2026-08-13T12:34:13.000Z,DCRS,2026-08-13T12:34:22.000Z
5330,87163000,107.00,1.070,2026-08-13T12:31:50.000Z,DCRS,2026-08-13T12:31:54.000Z
5332,87270000,287.00,2.870,2026-08-13T12:31:48.000Z,DCRS,2026-08-13T12:31:54.000Z
5329,87300000,171.00,1.710,2026-08-13T12:31:45.000Z,DCRS,2026-08-13T12:31:54.000Z
5331,87150000,61.50,0.615,2026-08-13T12:31:43.000Z,DCRS,2026-08-13T12:31:54.000Z
5516,87170000,778.00,7.780,2026-08-13T12:30:00.000Z,ANA,2026-08-13T15:52:20.000Z
5327,87163000,107.00,1.070,2026-08-13T12:26:30.000Z,DCRS,2026-08-13T12:26:34.000Z
5325,87270000,285.00,2.850,2026-08-13T12:26:28.000Z,DCRS,2026-08-13T12:26:34.000Z
5326,87300000,169.00,1.690,2026-08-13T12:26:25.000Z,DCRS,2026-08-13T12:26:34.000Z
5328,87150000,61.50,0.615,2026-08-13T12:26:23.000Z,DCRS,2026-08-13T12:26:34.000Z
5323,87163000,106.90,1.069,2026-08-13T12:21:30.000Z,DCRS,2026-08-13T12:21:34.000Z
5322,87270000,283.00,2.830,2026-08-13T12:21:28.000Z,DCRS,2026-08-13T12:21:34.000Z
5320,87300000,169.00,1.690,2026-08-13T12:21:25.000Z,DCRS,2026-08-13T12:21:34.000Z
5321,87150000,61.50,0.615,2026-08-13T12:21:23.000Z,DCRS,2026-08-13T12:21:34.000Z
5319,87163000,107.00,1.070,2026-08-13T12:17:10.000Z,DCRS,2026-08-13T12:17:14.000Z
5316,87270000,283.00,2.830,2026-08-13T12:17:08.000Z,DCRS,2026-08-13T12:17:14.000Z
5318,87300000,168.00,1.680,2026-08-13T12:17:05.000Z,DCRS,2026-08-13T12:17:14.000Z
5317,87150000,61.40,0.614,2026-08-13T12:17:03.000Z,DCRS,2026-08-13T12:17:14.000Z
5499,87170000,770.00,7.700,2026-08-13T12:15:00.000Z,ANA,2026-08-13T15:32:20.000Z
5311,87300000,171.00,1.710,2026-08-13T12:12:15.000Z,DCRS,2026-08-13T12:12:18.000Z
5312,87150000,61.50,0.615,2026-08-13T12:12:13.000Z,DCRS,2026-08-13T12:12:18.000Z
5310,87163000,107.00,1.070,2026-08-13T12:12:10.000Z,DCRS,2026-08-13T12:12:18.000Z
5313,87270000,283.00,2.830,2026-08-13T12:12:08.000Z,DCRS,2026-08-13T12:12:18.000Z
5307,87163000,107.00,1.070,2026-08-13T12:06:30.000Z,DCRS,2026-08-13T12:06:34.000Z
5305,87270000,281.00,2.810,2026-08-13T12:06:28.000Z,DCRS,2026-08-13T12:06:34.000Z
5306,87300000,170.00,1.700,2026-08-13T12:06:25.000Z,DCRS,2026-08-13T12:06:34.000Z
5308,87150000,61.40,0.614,2026-08-13T12:06:23.000Z,DCRS,2026-08-13T12:06:34.000Z
5301,87163000,106.90,1.069,2026-08-13T12:01:30.000Z,DCRS,2026-08-13T12:01:34.000Z
5303,87270000,281.00,2.810,2026-08-13T12:01:28.000Z,DCRS,2026-08-13T12:01:34.000Z
5304,87300000,170.00,1.700,2026-08-13T12:01:25.000Z,DCRS,2026-08-13T12:01:34.000Z
5302,87150000,61.50,0.615,2026-08-13T12:01:23.000Z,DCRS,2026-08-13T12:01:34.000Z
5480,87165001,367.00,3.670,2026-08-13T12:00:00.000Z,ANA,2026-08-13T15:12:21.000Z
5481,87168590,729.00,7.290,2026-08-13T12:00:00.000Z,ANA,2026-08-13T15:12:21.000Z
5490,87170000,760.00,7.600,2026-08-13T12:00:00.000Z,ANA,2026-08-13T15:22:20.000Z
5300,87270000,278.00,2.780,2026-08-13T11:56:18.000Z,DCRS,2026-08-13T11:56:21.000Z
5297,87300000,168.00,1.680,2026-08-13T11:56:15.000Z,DCRS,2026-08-13T11:56:21.000Z
5298,87150000,61.40,0.614,2026-08-13T11:56:13.000Z,DCRS,2026-08-13T11:56:21.000Z
5299,87163000,106.90,1.069,2026-08-13T11:56:10.000Z,DCRS,2026-08-13T11:56:21.000Z
5294,87163000,106.90,1.069,2026-08-13T11:51:30.000Z,DCRS,2026-08-13T11:51:34.000Z
5292,87270000,278.00,2.780,2026-08-13T11:51:28.000Z,DCRS,2026-08-13T11:51:34.000Z
5293,87300000,168.00,1.680,2026-08-13T11:51:25.000Z,DCRS,2026-08-13T11:51:34.000Z
5295,87150000,61.40,0.614,2026-08-13T11:51:23.000Z,DCRS,2026-08-13T11:51:34.000Z
5291,87150000,61.40,0.614,2026-08-13T11:46:33.000Z,DCRS,2026-08-13T11:46:34.000Z
5288,87163000,106.90,1.069,2026-08-13T11:46:30.000Z,DCRS,2026-08-13T11:46:34.000Z
5290,87270000,276.00,2.760,2026-08-13T11:46:28.000Z,DCRS,2026-08-13T11:46:34.000Z
5289,87300000,166.00,1.660,2026-08-13T11:46:25.000Z,DCRS,2026-08-13T11:46:34.000Z
5475,87170000,755.00,7.550,2026-08-13T11:45:00.000Z,ANA,2026-08-13T15:07:20.000Z
5285,87163000,106.90,1.069,2026-08-13T11:41:30.000Z,DCRS,2026-08-13T11:41:34.000Z
5287,87270000,274.00,2.740,2026-08-13T11:41:28.000Z,DCRS,2026-08-13T11:41:34.000Z
5284,87300000,165.00,1.650,2026-08-13T11:41:25.000Z,DCRS,2026-08-13T11:41:34.000Z
5286,87150000,61.40,0.614,2026-08-13T11:41:23.000Z,DCRS,2026-08-13T11:41:34.000Z
5278,87163000,106.90,1.069,2026-08-13T11:36:30.000Z,DCRS,2026-08-13T11:36:33.000Z
5280,87270000,272.00,2.720,2026-08-13T11:36:28.000Z,DCRS,2026-08-13T11:36:33.000Z
5277,87300000,164.00,1.640,2026-08-13T11:36:25.000Z,DCRS,2026-08-13T11:36:33.000Z
5279,87150000,61.40,0.614,2026-08-13T11:36:23.000Z,DCRS,2026-08-13T11:36:33.000Z
5462,87170000,746.00,7.460,2026-08-13T11:30:00.000Z,ANA,2026-08-13T14:52:20.000Z
5445,87170000,737.00,7.370,2026-08-13T11:15:00.000Z,ANA,2026-08-13T14:32:27.000Z
5273,87163000,106.80,1.068,2026-08-13T11:10:50.000Z,DCRS,2026-08-13T11:10:52.000Z
5271,87270000,267.00,2.670,2026-08-13T11:10:48.000Z,DCRS,2026-08-13T11:10:52.000Z
5272,87300000,162.00,1.620,2026-08-13T11:10:45.000Z,DCRS,2026-08-13T11:10:52.000Z
5270,87150000,61.40,0.614,2026-08-13T11:10:43.000Z,DCRS,2026-08-13T11:10:52.000Z
5426,87168590,703.00,7.030,2026-08-13T11:00:00.000Z,ANA,2026-08-13T14:12:25.000Z
5427,87165001,355.00,3.550,2026-08-13T11:00:00.000Z,ANA,2026-08-13T14:12:25.000Z
5436,87170000,730.00,7.300,2026-08-13T11:00:00.000Z,ANA,2026-08-13T14:22:20.000Z
5421,87170000,722.00,7.220,2026-08-13T10:45:00.000Z,ANA,2026-08-13T14:06:36.000Z
5408,87170000,716.00,7.160,2026-08-13T10:30:00.000Z,ANA,2026-08-13T13:52:20.000Z
5395,87170000,706.00,7.060,2026-08-13T10:15:00.000Z,ANA,2026-08-13T13:37:19.000Z
5372,87165001,342.00,3.420,2026-08-13T10:00:00.000Z,ANA,2026-08-13T13:12:20.000Z
5373,87168590,670.00,6.700,2026-08-13T10:00:00.000Z,ANA,2026-08-13T13:12:20.000Z
5382,87170000,699.00,6.990,2026-08-13T10:00:00.000Z,ANA,2026-08-13T13:22:20.000Z
5367,87170000,689.00,6.890,2026-08-13T09:45:00.000Z,ANA,2026-08-13T13:07:20.000Z
5354,87170000,682.00,6.820,2026-08-13T09:30:00.000Z,ANA,2026-08-13T12:52:20.000Z
5333,87170000,675.00,6.750,2026-08-13T09:15:00.000Z,ANA,2026-08-13T12:31:55.000Z
5314,87168590,641.00,6.410,2026-08-13T09:00:00.000Z,ANA,2026-08-13T12:12:23.000Z
5315,87165001,324.00,3.240,2026-08-13T09:00:00.000Z,ANA,2026-08-13T12:12:23.000Z
5324,87170000,667.00,6.670,2026-08-13T09:00:00.000Z,ANA,2026-08-13T12:21:35.000Z
5309,87170000,659.00,6.590,2026-08-13T08:45:00.000Z,ANA,2026-08-13T12:06:36.000Z
5296,87170000,653.00,6.530,2026-08-13T08:30:00.000Z,ANA,2026-08-13T11:51:36.000Z
5282,87170000,646.00,6.460,2026-08-13T08:15:00.000Z,ANA,2026-08-13T11:36:35.000Z
5281,87168590,609.00,6.090,2026-08-13T08:00:00.000Z,ANA,2026-08-13T11:36:35.000Z
5283,87165001,311.00,3.110,2026-08-13T08:00:00.000Z,ANA,2026-08-13T11:36:35.000Z
5275,87170000,633.00,6.330,2026-08-13T07:45:00.000Z,ANA,2026-08-13T11:10:54.000Z
5274,87165001,293.00,2.930,2026-08-13T07:00:00.000Z,ANA,2026-08-13T11:10:54.000Z
5276,87168590,589.00,5.890,2026-08-13T07:00:00.000Z,ANA,2026-08-13T11:10:54.000Z
5263,87270000,164.00,1.640,2026-08-12T18:10:08.000Z,DCRS,2026-08-12T18:10:11.000Z
5264,87300000,138.00,1.380,2026-08-12T18:10:08.000Z,DCRS,2026-08-12T18:10:11.000Z
5266,87150000,60.60,0.606,2026-08-12T18:10:03.000Z,DCRS,2026-08-12T18:10:11.000Z
5265,87163000,105.90,1.059,2026-08-12T18:09:59.000Z,DCRS,2026-08-12T18:10:11.000Z
5257,87150000,60.50,0.605,2026-08-12T16:39:03.000Z,DCRS,2026-08-12T16:39:07.000Z
5256,87163000,105.80,1.058,2026-08-12T16:38:59.000Z,DCRS,2026-08-12T16:39:07.000Z
5258,87270000,161.00,1.610,2026-08-12T16:38:58.000Z,DCRS,2026-08-12T16:39:07.000Z
5259,87300000,135.00,1.350,2026-08-12T16:38:58.000Z,DCRS,2026-08-12T16:39:07.000Z
5269,87170000,337.00,3.370,2026-08-12T14:45:00.000Z,ANA,2026-08-12T18:10:13.000Z
5267,87168590,392.00,3.920,2026-08-12T14:00:00.000Z,ANA,2026-08-12T18:10:13.000Z
5268,87165001,155.00,1.550,2026-08-12T14:00:00.000Z,ANA,2026-08-12T18:10:13.000Z
5261,87170000,326.00,3.260,2026-08-12T13:15:00.000Z,ANA,2026-08-12T16:39:08.000Z
5262,87168590,385.00,3.850,2026-08-12T13:00:00.000Z,ANA,2026-08-12T16:39:08.000Z
5260,87165001,146.00,1.460,2026-08-12T12:00:00.000Z,ANA,2026-08-12T16:39:08.000Z
5251,87163000,105.70,1.057,2026-08-11T21:58:09.000Z,DCRS,2026-08-11T21:58:14.000Z
5249,87270000,164.00,1.640,2026-08-11T21:58:08.000Z,DCRS,2026-08-11T21:58:14.000Z
5252,87300000,147.00,1.470,2026-08-11T21:58:08.000Z,DCRS,2026-08-11T21:58:14.000Z
5250,87150000,60.30,0.603,2026-08-11T21:58:03.000Z,DCRS,2026-08-11T21:58:14.000Z
5253,87170000,315.00,3.150,2026-08-11T18:30:00.000Z,ANA,2026-08-11T21:58:15.000Z
5254,87168590,358.00,3.580,2026-08-11T18:00:00.000Z,ANA,2026-08-11T21:58:15.000Z
5255,87165001,135.00,1.350,2026-08-11T18:00:00.000Z,ANA,2026-08-11T21:58:15.000Z
5245,87163000,105.70,1.057,2026-08-09T22:47:46.000Z,DCRS,2026-08-09T22:47:48.000Z
5244,87150000,60.50,0.605,2026-08-09T22:47:43.000Z,DCRS,2026-08-09T22:47:48.000Z
5242,87300000,160.00,1.600,2026-08-09T22:47:38.000Z,DCRS,2026-08-09T22:47:48.000Z
5243,87270000,186.00,1.860,2026-08-09T22:47:38.000Z,DCRS,2026-08-09T22:47:48.000Z
5235,87270000,188.00,1.880,2026-08-09T21:42:28.000Z,DCRS,2026-08-09T21:42:33.000Z
5237,87300000,160.00,1.600,2026-08-09T21:42:28.000Z,DCRS,2026-08-09T21:42:33.000Z
5238,87163000,105.70,1.057,2026-08-09T21:42:26.000Z,DCRS,2026-08-09T21:42:33.000Z
5236,87150000,60.50,0.605,2026-08-09T21:42:23.000Z,DCRS,2026-08-09T21:42:33.000Z
5248,87170000,355.00,3.550,2026-08-09T19:15:00.000Z,ANA,2026-08-09T22:47:49.000Z
5246,87165001,151.00,1.510,2026-08-09T19:00:00.000Z,ANA,2026-08-09T22:47:49.000Z
5247,87168590,380.00,3.800,2026-08-09T19:00:00.000Z,ANA,2026-08-09T22:47:49.000Z
5239,87170000,356.00,3.560,2026-08-09T18:15:00.000Z,ANA,2026-08-09T21:42:35.000Z
5240,87168590,380.00,3.800,2026-08-09T18:00:00.000Z,ANA,2026-08-09T21:42:35.000Z
5241,87165001,152.00,1.520,2026-08-09T18:00:00.000Z,ANA,2026-08-09T21:42:35.000Z
5228,87270000,189.00,1.890,2026-08-09T13:37:48.000Z,DCRS,2026-08-09T13:37:54.000Z
5229,87300000,166.00,1.660,2026-08-09T13:37:48.000Z,DCRS,2026-08-09T13:37:54.000Z
5230,87150000,60.50,0.605,2026-08-09T13:37:46.000Z,DCRS,2026-08-09T13:37:54.000Z
5231,87163000,105.70,1.057,2026-08-09T13:37:46.000Z,DCRS,2026-08-09T13:37:54.000Z
5233,87170000,363.00,3.630,2026-08-09T10:15:00.000Z,ANA,2026-08-09T13:37:55.000Z
5232,87165001,155.00,1.550,2026-08-09T10:00:00.000Z,ANA,2026-08-09T13:37:55.000Z
5234,87168590,386.00,3.860,2026-08-09T10:00:00.000Z,ANA,2026-08-09T13:37:55.000Z
5221,87150000,60.50,0.605,2026-08-08T17:04:55.000Z,DCRS,2026-08-08T17:04:58.000Z
5224,87163000,105.60,1.056,2026-08-08T17:04:52.000Z,DCRS,2026-08-08T17:04:58.000Z
5223,87270000,199.00,1.990,2026-08-08T17:04:48.000Z,DCRS,2026-08-08T17:04:58.000Z
5222,87300000,163.00,1.630,2026-08-08T17:04:47.000Z,DCRS,2026-08-08T17:04:58.000Z
5225,87170000,398.00,3.980,2026-08-08T13:45:00.000Z,ANA,2026-08-08T17:04:59.000Z
5226,87165001,167.00,1.670,2026-08-08T13:00:00.000Z,ANA,2026-08-08T17:04:59.000Z
5227,87168590,402.00,4.020,2026-08-08T13:00:00.000Z,ANA,2026-08-08T17:05:00.000Z
5215,87270000,216.00,2.160,2026-08-08T02:16:28.000Z,DCRS,2026-08-08T02:16:34.000Z
5217,87300000,173.00,1.730,2026-08-08T02:16:27.000Z,DCRS,2026-08-08T02:16:34.000Z
5214,87150000,60.60,0.606,2026-08-08T02:16:25.000Z,DCRS,2026-08-08T02:16:34.000Z
5218,87165001,187.00,1.870,2026-08-07T23:00:00.000Z,ANA,2026-08-08T02:16:36.000Z
5220,87168590,429.00,4.290,2026-08-07T23:00:00.000Z,ANA,2026-08-08T02:16:36.000Z
5219,87170000,430.00,4.300,2026-08-07T22:45:00.000Z,ANA,2026-08-08T02:16:36.000Z
5216,87163000,118.70,1.187,2026-08-07T13:09:17.000Z,DCRS,2026-08-08T02:16:34.000Z
5209,87270000,190.00,1.900,2026-08-07T10:48:38.000Z,DCRS,2026-08-07T10:48:42.000Z
5207,87300000,159.00,1.590,2026-08-07T10:48:37.000Z,DCRS,2026-08-07T10:48:42.000Z
5208,87163000,118.70,1.187,2026-08-07T10:48:37.000Z,DCRS,2026-08-07T10:48:42.000Z
5210,87150000,60.60,0.606,2026-08-07T10:48:35.000Z,DCRS,2026-08-07T10:48:42.000Z
5212,87170000,389.00,3.890,2026-08-07T07:15:00.000Z,ANA,2026-08-07T10:48:43.000Z
5211,87165001,179.00,1.790,2026-08-07T07:00:00.000Z,ANA,2026-08-07T10:48:43.000Z
5213,87168590,423.00,4.230,2026-08-07T07:00:00.000Z,ANA,2026-08-07T10:48:44.000Z
5200,87270000,189.00,1.890,2026-08-07T04:07:18.000Z,DCRS,2026-08-07T04:07:24.000Z
5201,87300000,156.00,1.560,2026-08-07T04:07:17.000Z,DCRS,2026-08-07T04:07:24.000Z
5202,87163000,118.70,1.187,2026-08-07T04:07:17.000Z,DCRS,2026-08-07T04:07:24.000Z
5203,87150000,60.50,0.605,2026-08-07T04:07:12.000Z,DCRS,2026-08-07T04:07:24.000Z
5204,87170000,362.00,3.620,2026-08-07T00:45:00.000Z,ANA,2026-08-07T04:07:25.000Z
5196,87270000,187.00,1.870,2026-08-07T00:08:41.000Z,DCRS,2026-08-07T00:08:46.000Z
5193,87300000,157.00,1.570,2026-08-07T00:08:38.000Z,DCRS,2026-08-07T00:08:46.000Z
5195,87150000,60.40,0.604,2026-08-07T00:08:38.000Z,DCRS,2026-08-07T00:08:46.000Z
5194,87163000,105.50,1.055,2026-08-07T00:08:37.000Z,DCRS,2026-08-07T00:08:46.000Z
5205,87165001,158.00,1.580,2026-08-07T00:00:00.000Z,ANA,2026-08-07T04:07:25.000Z
5206,87168590,395.00,3.950,2026-08-07T00:00:00.000Z,ANA,2026-08-07T04:07:25.000Z
5189,87150000,60.40,0.604,2026-08-06T23:09:58.000Z,DCRS,2026-08-06T23:09:59.000Z
5188,87300000,160.00,1.600,2026-08-06T23:09:57.000Z,DCRS,2026-08-06T23:09:59.000Z
5190,87163000,105.70,1.057,2026-08-06T23:09:54.000Z,DCRS,2026-08-06T23:09:59.000Z
5191,87270000,188.00,1.880,2026-08-06T23:09:51.000Z,DCRS,2026-08-06T23:09:59.000Z
5182,87163000,105.70,1.057,2026-08-06T22:56:34.000Z,DCRS,2026-08-06T22:56:37.000Z
5183,87270000,190.00,1.900,2026-08-06T22:56:31.000Z,DCRS,2026-08-06T22:56:37.000Z
5181,87150000,60.40,0.604,2026-08-06T22:56:28.000Z,DCRS,2026-08-06T22:56:37.000Z
5184,87300000,159.00,1.590,2026-08-06T22:56:27.000Z,DCRS,2026-08-06T22:56:37.000Z
5199,87170000,356.00,3.560,2026-08-06T20:45:00.000Z,ANA,2026-08-07T00:08:47.000Z
5197,87168590,379.00,3.790,2026-08-06T20:00:00.000Z,ANA,2026-08-07T00:08:47.000Z
5198,87165001,151.00,1.510,2026-08-06T20:00:00.000Z,ANA,2026-08-07T00:08:47.000Z
5192,87170000,356.00,3.560,2026-08-06T19:45:00.000Z,ANA,2026-08-06T23:10:01.000Z
5185,87170000,357.00,3.570,2026-08-06T19:30:00.000Z,ANA,2026-08-06T22:56:39.000Z
5186,87168590,379.00,3.790,2026-08-06T19:00:00.000Z,ANA,2026-08-06T22:56:39.000Z
5187,87165001,152.00,1.520,2026-08-06T19:00:00.000Z,ANA,2026-08-06T22:56:40.000Z
5175,87150000,60.50,0.605,2026-08-06T16:53:57.000Z,DCRS,2026-08-06T16:53:58.000Z
5177,87163000,105.70,1.057,2026-08-06T16:53:54.000Z,DCRS,2026-08-06T16:53:58.000Z
5174,87300000,162.00,1.620,2026-08-06T16:53:47.000Z,DCRS,2026-08-06T16:53:58.000Z
5176,87270000,193.00,1.930,2026-08-06T16:53:47.000Z,DCRS,2026-08-06T16:53:58.000Z
5179,87170000,362.00,3.620,2026-08-06T13:30:00.000Z,ANA,2026-08-06T16:53:59.000Z
5178,87165001,154.00,1.540,2026-08-06T13:00:00.000Z,ANA,2026-08-06T16:53:59.000Z
5180,87168590,384.00,3.840,2026-08-06T13:00:00.000Z,ANA,2026-08-06T16:54:00.000Z
5168,87163000,105.70,1.057,2026-08-06T06:46:47.000Z,DCRS,2026-08-06T06:46:58.000Z
5169,87270000,203.00,2.030,2026-08-06T06:46:47.000Z,DCRS,2026-08-06T06:46:58.000Z
5170,87300000,170.00,1.700,2026-08-06T06:46:47.000Z,DCRS,2026-08-06T06:46:58.000Z
5167,87150000,60.50,0.605,2026-08-06T06:46:46.000Z,DCRS,2026-08-06T06:46:58.000Z
5173,87170000,371.00,3.710,2026-08-06T03:15:00.000Z,ANA,2026-08-06T06:47:00.000Z
5171,87165001,155.00,1.550,2026-08-06T03:00:00.000Z,ANA,2026-08-06T06:47:00.000Z
5172,87168590,387.00,3.870,2026-08-06T03:00:00.000Z,ANA,2026-08-06T06:47:00.000Z
5164,87300000,179.00,1.790,2026-08-05T22:45:07.000Z,DCRS,2026-08-05T22:45:09.000Z
5166,87163000,105.70,1.057,2026-08-05T22:45:02.000Z,DCRS,2026-08-05T22:45:09.000Z
5165,87150000,60.50,0.605,2026-08-05T22:45:01.000Z,DCRS,2026-08-05T22:45:09.000Z
5163,87270000,210.00,2.100,2026-08-05T22:44:58.000Z,DCRS,2026-08-05T22:45:09.000Z
5158,87270000,210.00,2.100,2026-08-05T22:40:18.000Z,DCRS,2026-08-05T22:40:22.000Z
5157,87300000,179.00,1.790,2026-08-05T22:40:17.000Z,DCRS,2026-08-05T22:40:22.000Z
5159,87163000,105.70,1.057,2026-08-05T22:40:12.000Z,DCRS,2026-08-05T22:40:22.000Z
5156,87150000,60.50,0.605,2026-08-05T22:40:11.000Z,DCRS,2026-08-05T22:40:22.000Z
5160,87170000,380.00,3.800,2026-08-05T19:15:00.000Z,ANA,2026-08-05T22:40:23.000Z
5152,87270000,215.00,2.150,2026-08-05T19:08:28.000Z,DCRS,2026-08-05T19:08:31.000Z
5151,87300000,179.00,1.790,2026-08-05T19:08:27.000Z,DCRS,2026-08-05T19:08:31.000Z
5150,87163000,105.70,1.057,2026-08-05T19:08:22.000Z,DCRS,2026-08-05T19:08:31.000Z
5149,87150000,60.50,0.605,2026-08-05T19:08:21.000Z,DCRS,2026-08-05T19:08:31.000Z
5161,87168590,390.00,3.900,2026-08-05T19:00:00.000Z,ANA,2026-08-05T22:40:23.000Z
5162,87165001,159.00,1.590,2026-08-05T19:00:00.000Z,ANA,2026-08-05T22:40:24.000Z
5153,87170000,384.00,3.840,2026-08-05T15:45:00.000Z,ANA,2026-08-05T19:08:33.000Z
5154,87165001,161.00,1.610,2026-08-05T15:00:00.000Z,ANA,2026-08-05T19:08:33.000Z
5155,87168590,392.00,3.920,2026-08-05T15:00:00.000Z,ANA,2026-08-05T19:08:33.000Z
5142,87163000,105.70,1.057,2026-08-05T06:46:02.000Z,DCRS,2026-08-05T06:46:06.000Z
5143,87150000,60.50,0.605,2026-08-05T06:46:01.000Z,DCRS,2026-08-05T06:46:06.000Z
5144,87270000,227.00,2.270,2026-08-05T06:45:58.000Z,DCRS,2026-08-05T06:46:06.000Z
5145,87300000,195.00,1.950,2026-08-05T06:45:57.000Z,DCRS,2026-08-05T06:46:06.000Z
5136,87163000,105.70,1.057,2026-08-05T04:49:12.000Z,DCRS,2026-08-05T04:49:19.000Z
5135,87150000,60.50,0.605,2026-08-05T04:49:11.000Z,DCRS,2026-08-05T04:49:19.000Z
5137,87270000,230.00,2.300,2026-08-05T04:49:08.000Z,DCRS,2026-08-05T04:49:19.000Z
5138,87300000,191.00,1.910,2026-08-05T04:49:07.000Z,DCRS,2026-08-05T04:49:19.000Z
5148,87170000,401.00,4.010,2026-08-05T03:15:00.000Z,ANA,2026-08-05T06:46:08.000Z
5146,87165001,165.00,1.650,2026-08-05T03:00:00.000Z,ANA,2026-08-05T06:46:08.000Z
5147,87168590,398.00,3.980,2026-08-05T03:00:00.000Z,ANA,2026-08-05T06:46:08.000Z
5140,87170000,404.00,4.040,2026-08-05T01:15:00.000Z,ANA,2026-08-05T04:49:20.000Z
5139,87168590,399.00,3.990,2026-08-05T01:00:00.000Z,ANA,2026-08-05T04:49:20.000Z
5141,87165001,167.00,1.670,2026-08-05T01:00:00.000Z,ANA,2026-08-05T04:49:20.000Z
5131,87300000,198.00,1.980,2026-08-04T22:28:37.000Z,DCRS,2026-08-04T22:28:42.000Z
5129,87163000,105.80,1.058,2026-08-04T22:28:35.000Z,DCRS,2026-08-04T22:28:42.000Z
5128,87150000,60.50,0.605,2026-08-04T22:28:34.000Z,DCRS,2026-08-04T22:28:42.000Z
5130,87270000,238.00,2.380,2026-08-04T22:28:34.000Z,DCRS,2026-08-04T22:28:42.000Z
5132,87168590,403.00,4.030,2026-08-04T19:00:00.000Z,ANA,2026-08-04T22:28:44.000Z
5133,87170000,415.00,4.150,2026-08-04T19:00:00.000Z,ANA,2026-08-04T22:28:44.000Z
5134,87165001,169.00,1.690,2026-08-04T19:00:00.000Z,ANA,2026-08-04T22:28:44.000Z
5123,87300000,208.00,2.080,2026-08-04T14:32:17.000Z,DCRS,2026-08-04T14:32:25.000Z
5124,87163000,105.80,1.058,2026-08-04T14:32:15.000Z,DCRS,2026-08-04T14:32:25.000Z
5125,87150000,60.60,0.606,2026-08-04T14:32:14.000Z,DCRS,2026-08-04T14:32:25.000Z
5126,87270000,257.00,2.570,2026-08-04T14:32:14.000Z,DCRS,2026-08-04T14:32:25.000Z
5121,87300000,208.00,2.080,2026-08-04T14:30:17.000Z,DCRS,2026-08-04T14:30:23.000Z
5119,87163000,105.80,1.058,2026-08-04T14:30:15.000Z,DCRS,2026-08-04T14:30:23.000Z
5120,87150000,60.60,0.606,2026-08-04T14:30:14.000Z,DCRS,2026-08-04T14:30:23.000Z
5122,87270000,257.00,2.570,2026-08-04T14:30:14.000Z,DCRS,2026-08-04T14:30:23.000Z
5116,87300000,208.00,2.080,2026-08-04T14:25:17.000Z,DCRS,2026-08-04T14:25:23.000Z
5115,87163000,105.80,1.058,2026-08-04T14:25:15.000Z,DCRS,2026-08-04T14:25:23.000Z
5117,87270000,257.00,2.570,2026-08-04T14:25:14.000Z,DCRS,2026-08-04T14:25:23.000Z
5118,87150000,60.60,0.606,2026-08-04T14:25:14.000Z,DCRS,2026-08-04T14:25:23.000Z
5111,87270000,257.00,2.570,2026-08-04T14:22:14.000Z,DCRS,2026-08-04T14:22:15.000Z
5113,87300000,210.00,2.100,2026-08-04T14:22:07.000Z,DCRS,2026-08-04T14:22:15.000Z
5110,87163000,105.80,1.058,2026-08-04T14:22:05.000Z,DCRS,2026-08-04T14:22:15.000Z
5112,87150000,60.60,0.606,2026-08-04T14:22:04.000Z,DCRS,2026-08-04T14:22:15.000Z
5107,87300000,210.00,2.100,2026-08-04T14:20:17.000Z,DCRS,2026-08-04T14:20:23.000Z
5106,87163000,105.80,1.058,2026-08-04T14:20:15.000Z,DCRS,2026-08-04T14:20:23.000Z
5108,87150000,60.60,0.606,2026-08-04T14:20:14.000Z,DCRS,2026-08-04T14:20:23.000Z
5109,87270000,257.00,2.570,2026-08-04T14:20:14.000Z,DCRS,2026-08-04T14:20:23.000Z
5103,87300000,210.00,2.100,2026-08-04T14:15:17.000Z,DCRS,2026-08-04T14:15:23.000Z
5100,87163000,105.70,1.057,2026-08-04T14:15:15.000Z,DCRS,2026-08-04T14:15:23.000Z
5101,87270000,257.00,2.570,2026-08-04T14:15:14.000Z,DCRS,2026-08-04T14:15:23.000Z
5102,87150000,60.60,0.606,2026-08-04T14:15:14.000Z,DCRS,2026-08-04T14:15:23.000Z
5098,87300000,210.00,2.100,2026-08-04T14:10:17.000Z,DCRS,2026-08-04T14:10:22.000Z
5097,87163000,105.70,1.057,2026-08-04T14:10:15.000Z,DCRS,2026-08-04T14:10:22.000Z
5096,87150000,60.60,0.606,2026-08-04T14:10:14.000Z,DCRS,2026-08-04T14:10:22.000Z
5099,87270000,257.00,2.570,2026-08-04T14:10:14.000Z,DCRS,2026-08-04T14:10:22.000Z
5095,87300000,210.00,2.100,2026-08-04T14:09:27.000Z,DCRS,2026-08-04T14:09:31.000Z
5094,87163000,105.80,1.058,2026-08-04T14:09:25.000Z,DCRS,2026-08-04T14:09:31.000Z
5092,87150000,60.60,0.606,2026-08-04T14:09:24.000Z,DCRS,2026-08-04T14:09:31.000Z
5093,87270000,257.00,2.570,2026-08-04T14:09:24.000Z,DCRS,2026-08-04T14:09:31.000Z
5088,87300000,210.00,2.100,2026-08-04T14:07:37.000Z,DCRS,2026-08-04T14:07:38.000Z
5086,87163000,105.80,1.058,2026-08-04T14:07:35.000Z,DCRS,2026-08-04T14:07:38.000Z
5085,87150000,60.60,0.606,2026-08-04T14:07:34.000Z,DCRS,2026-08-04T14:07:38.000Z
5087,87270000,257.00,2.570,2026-08-04T14:07:34.000Z,DCRS,2026-08-04T14:07:38.000Z
5127,87170000,433.00,4.330,2026-08-04T11:15:00.000Z,ANA,2026-08-04T14:32:26.000Z
5104,87165001,173.00,1.730,2026-08-04T11:00:00.000Z,ANA,2026-08-04T14:15:24.000Z
5105,87168590,408.00,4.080,2026-08-04T11:00:00.000Z,ANA,2026-08-04T14:15:24.000Z
5114,87170000,433.00,4.330,2026-08-04T11:00:00.000Z,ANA,2026-08-04T14:22:20.000Z
5091,87170000,434.00,4.340,2026-08-04T10:45:00.000Z,ANA,2026-08-04T14:07:40.000Z
5089,87168590,409.00,4.090,2026-08-04T10:00:00.000Z,ANA,2026-08-04T14:07:40.000Z
5090,87165001,173.00,1.730,2026-08-04T10:00:00.000Z,ANA,2026-08-04T14:07:40.000Z
5083,87163000,105.80,1.058,2026-08-03T23:28:51.000Z,DCRS,2026-08-03T23:28:56.000Z
5081,87270000,300.00,3.000,2026-08-03T23:28:50.000Z,DCRS,2026-08-03T23:28:56.000Z
5080,87150000,60.60,0.606,2026-08-03T23:28:47.000Z,DCRS,2026-08-03T23:28:56.000Z
5082,87300000,235.00,2.350,2026-08-03T23:28:47.000Z,DCRS,2026-08-03T23:28:56.000Z
5074,87163000,105.80,1.058,2026-08-03T20:54:54.000Z,DCRS,2026-08-03T20:54:57.000Z
5076,87270000,310.00,3.100,2026-08-03T20:54:50.000Z,DCRS,2026-08-03T20:54:57.000Z
5073,87150000,60.60,0.606,2026-08-03T20:54:47.000Z,DCRS,2026-08-03T20:54:57.000Z
5075,87300000,241.00,2.410,2026-08-03T20:54:47.000Z,DCRS,2026-08-03T20:54:57.000Z
5084,87165001,181.00,1.810,2026-08-03T20:00:00.000Z,ANA,2026-08-03T23:28:58.000Z
5078,87170000,485.00,4.850,2026-08-03T17:30:00.000Z,ANA,2026-08-03T20:54:58.000Z
5077,87168590,421.00,4.210,2026-08-03T17:00:00.000Z,ANA,2026-08-03T20:54:58.000Z
5079,87165001,182.00,1.820,2026-08-03T17:00:00.000Z,ANA,2026-08-03T20:54:58.000Z
5069,87163000,105.80,1.058,2026-08-03T13:43:34.000Z,DCRS,2026-08-03T13:43:36.000Z
5068,87270000,337.00,3.370,2026-08-03T13:43:29.000Z,DCRS,2026-08-03T13:43:36.000Z
5066,87150000,60.60,0.606,2026-08-03T13:43:27.000Z,DCRS,2026-08-03T13:43:36.000Z
5067,87300000,260.00,2.600,2026-08-03T13:43:27.000Z,DCRS,2026-08-03T13:43:36.000Z
5070,87170000,512.00,5.120,2026-08-03T10:15:00.000Z,ANA,2026-08-03T13:43:37.000Z
5071,87165001,187.00,1.870,2026-08-03T10:00:00.000Z,ANA,2026-08-03T13:43:37.000Z
5072,87168590,428.00,4.280,2026-08-03T10:00:00.000Z,ANA,2026-08-03T13:43:38.000Z
5059,87163000,105.90,1.059,2026-08-03T01:25:33.000Z,DCRS,2026-08-03T01:25:38.000Z
5062,87270000,390.00,3.900,2026-08-03T01:25:29.000Z,DCRS,2026-08-03T01:25:38.000Z
5060,87150000,60.70,0.607,2026-08-03T01:25:27.000Z,DCRS,2026-08-03T01:25:38.000Z
5061,87300000,299.00,2.990,2026-08-03T01:25:27.000Z,DCRS,2026-08-03T01:25:38.000Z
5063,87165001,197.00,1.970,2026-08-02T22:00:00.000Z,ANA,2026-08-03T01:25:39.000Z
5064,87170000,565.00,5.650,2026-08-02T22:00:00.000Z,ANA,2026-08-03T01:25:39.000Z
5065,87168590,440.00,4.400,2026-08-02T22:00:00.000Z,ANA,2026-08-03T01:25:39.000Z
5052,87150000,60.70,0.607,2026-08-02T21:21:17.000Z,DCRS,2026-08-02T21:21:19.000Z
5053,87300000,310.00,3.100,2026-08-02T21:21:17.000Z,DCRS,2026-08-02T21:21:19.000Z
5055,87163000,105.90,1.059,2026-08-02T21:21:13.000Z,DCRS,2026-08-02T21:21:19.000Z
5054,87270000,408.00,4.080,2026-08-02T21:21:09.000Z,DCRS,2026-08-02T21:21:19.000Z
5057,87168590,445.00,4.450,2026-08-02T18:00:00.000Z,ANA,2026-08-02T21:21:34.000Z
5058,87170000,585.00,5.850,2026-08-02T18:00:00.000Z,ANA,2026-08-02T21:21:35.000Z
5056,87165001,199.00,1.990,2026-08-02T17:45:00.000Z,ANA,2026-08-02T21:21:32.000Z
5047,87270000,477.00,4.770,2026-08-02T06:47:19.000Z,DCRS,2026-08-02T06:47:22.000Z
5045,87150000,60.80,0.608,2026-08-02T06:47:17.000Z,DCRS,2026-08-02T06:47:22.000Z
5046,87300000,344.00,3.440,2026-08-02T06:47:17.000Z,DCRS,2026-08-02T06:47:22.000Z
5048,87163000,106.00,1.060,2026-08-02T06:47:13.000Z,DCRS,2026-08-02T06:47:22.000Z
5049,87170000,675.00,6.750,2026-08-02T03:15:00.000Z,ANA,2026-08-02T06:47:23.000Z
5050,87165001,213.00,2.130,2026-08-02T03:00:00.000Z,ANA,2026-08-02T06:47:23.000Z
5051,87168590,467.00,4.670,2026-08-02T03:00:00.000Z,ANA,2026-08-02T06:47:23.000Z
5041,87270000,507.00,5.070,2026-08-02T00:29:28.000Z,DCRS,2026-08-02T00:29:32.000Z
5038,87150000,60.80,0.608,2026-08-02T00:29:27.000Z,DCRS,2026-08-02T00:29:32.000Z
5039,87300000,357.00,3.570,2026-08-02T00:29:27.000Z,DCRS,2026-08-02T00:29:32.000Z
5040,87163000,106.00,1.060,2026-08-02T00:29:22.000Z,DCRS,2026-08-02T00:29:32.000Z
5036,87163000,106.00,1.060,2026-08-01T23:23:52.000Z,DCRS,2026-08-01T23:23:55.000Z
5033,87270000,513.00,5.130,2026-08-01T23:23:48.000Z,DCRS,2026-08-01T23:23:55.000Z
5034,87300000,358.00,3.580,2026-08-01T23:23:47.000Z,DCRS,2026-08-01T23:23:55.000Z
5035,87150000,60.80,0.608,2026-08-01T23:23:47.000Z,DCRS,2026-08-01T23:23:55.000Z
5032,87163000,106.00,1.060,2026-08-01T23:17:32.000Z,DCRS,2026-08-01T23:17:37.000Z
5031,87270000,513.00,5.130,2026-08-01T23:17:28.000Z,DCRS,2026-08-01T23:17:37.000Z
5029,87300000,357.00,3.570,2026-08-01T23:17:27.000Z,DCRS,2026-08-01T23:17:37.000Z
5030,87150000,60.80,0.608,2026-08-01T23:17:27.000Z,DCRS,2026-08-01T23:17:37.000Z
5022,87300000,359.00,3.590,2026-08-01T23:14:37.000Z,DCRS,2026-08-01T23:14:40.000Z
5023,87150000,60.80,0.608,2026-08-01T23:14:37.000Z,DCRS,2026-08-01T23:14:40.000Z
5025,87163000,106.00,1.060,2026-08-01T23:14:32.000Z,DCRS,2026-08-01T23:14:40.000Z
5024,87270000,513.00,5.130,2026-08-01T23:14:28.000Z,DCRS,2026-08-01T23:14:40.000Z
5016,87270000,519.00,5.190,2026-08-01T21:57:18.000Z,DCRS,2026-08-01T21:57:21.000Z
5015,87150000,60.80,0.608,2026-08-01T21:57:17.000Z,DCRS,2026-08-01T21:57:21.000Z
5017,87300000,360.00,3.600,2026-08-01T21:57:17.000Z,DCRS,2026-08-01T21:57:21.000Z
5018,87163000,106.00,1.060,2026-08-01T21:57:12.000Z,DCRS,2026-08-01T21:57:21.000Z
5042,87165001,221.00,2.210,2026-08-01T21:00:00.000Z,ANA,2026-08-02T00:29:33.000Z
5043,87170000,717.00,7.170,2026-08-01T21:00:00.000Z,ANA,2026-08-02T00:29:33.000Z
5044,87168590,477.00,4.770,2026-08-01T21:00:00.000Z,ANA,2026-08-02T00:29:33.000Z
5026,87168590,480.00,4.800,2026-08-01T20:00:00.000Z,ANA,2026-08-01T23:14:41.000Z
5028,87165001,222.00,2.220,2026-08-01T20:00:00.000Z,ANA,2026-08-01T23:14:41.000Z
5037,87170000,724.00,7.240,2026-08-01T20:00:00.000Z,ANA,2026-08-01T23:23:56.000Z
5009,87150000,60.80,0.608,2026-08-01T19:45:17.000Z,DCRS,2026-08-01T19:45:20.000Z
5011,87300000,366.00,3.660,2026-08-01T19:45:17.000Z,DCRS,2026-08-01T19:45:20.000Z
5010,87270000,528.00,5.280,2026-08-01T19:45:16.000Z,DCRS,2026-08-01T19:45:20.000Z
5008,87163000,106.00,1.060,2026-08-01T19:45:13.000Z,DCRS,2026-08-01T19:45:20.000Z
5027,87170000,725.00,7.250,2026-08-01T19:45:00.000Z,ANA,2026-08-01T23:14:41.000Z
5020,87170000,734.00,7.340,2026-08-01T18:30:00.000Z,ANA,2026-08-01T21:57:23.000Z
5019,87165001,225.00,2.250,2026-08-01T18:00:00.000Z,ANA,2026-08-01T21:57:23.000Z
5021,87168590,484.00,4.840,2026-08-01T18:00:00.000Z,ANA,2026-08-01T21:57:23.000Z
5004,87300000,367.00,3.670,2026-08-01T16:56:37.000Z,DCRS,2026-08-01T16:56:43.000Z
5005,87150000,60.80,0.608,2026-08-01T16:56:37.000Z,DCRS,2026-08-01T16:56:43.000Z
5006,87270000,542.00,5.420,2026-08-01T16:56:36.000Z,DCRS,2026-08-01T16:56:43.000Z
5003,87163000,106.00,1.060,2026-08-01T16:56:33.000Z,DCRS,2026-08-01T16:56:43.000Z
4996,87300000,367.00,3.670,2026-08-01T16:45:07.000Z,DCRS,2026-08-01T16:45:10.000Z
4997,87150000,60.80,0.608,2026-08-01T16:45:07.000Z,DCRS,2026-08-01T16:45:10.000Z
4998,87270000,543.00,5.430,2026-08-01T16:45:06.000Z,DCRS,2026-08-01T16:45:10.000Z
4999,87163000,106.00,1.060,2026-08-01T16:45:03.000Z,DCRS,2026-08-01T16:45:10.000Z
5014,87170000,750.00,7.500,2026-08-01T16:15:00.000Z,ANA,2026-08-01T19:45:21.000Z
5012,87168590,488.00,4.880,2026-08-01T16:00:00.000Z,ANA,2026-08-01T19:45:21.000Z
5013,87165001,227.00,2.270,2026-08-01T16:00:00.000Z,ANA,2026-08-01T19:45:21.000Z
5007,87170000,770.00,7.700,2026-08-01T13:30:00.000Z,ANA,2026-08-01T16:56:44.000Z
4995,87163000,106.10,1.061,2026-08-01T13:17:33.000Z,DCRS,2026-08-01T13:17:37.000Z
4992,87300000,375.00,3.750,2026-08-01T13:17:27.000Z,DCRS,2026-08-01T13:17:37.000Z
4994,87150000,60.90,0.609,2026-08-01T13:17:27.000Z,DCRS,2026-08-01T13:17:37.000Z
4993,87270000,556.00,5.560,2026-08-01T13:17:26.000Z,DCRS,2026-08-01T13:17:37.000Z
5001,87170000,772.00,7.720,2026-08-01T13:15:00.000Z,ANA,2026-08-01T16:45:11.000Z
4986,87300000,375.00,3.750,2026-08-01T13:14:57.000Z,DCRS,2026-08-01T13:15:01.000Z
4985,87150000,60.90,0.609,2026-08-01T13:14:57.000Z,DCRS,2026-08-01T13:15:01.000Z
4987,87270000,556.00,5.560,2026-08-01T13:14:56.000Z,DCRS,2026-08-01T13:15:01.000Z
4988,87163000,106.00,1.060,2026-08-01T13:14:53.000Z,DCRS,2026-08-01T13:15:01.000Z
5000,87165001,231.00,2.310,2026-08-01T13:00:00.000Z,ANA,2026-08-01T16:45:11.000Z
5002,87168590,497.00,4.970,2026-08-01T13:00:00.000Z,ANA,2026-08-01T16:45:11.000Z
4978,87300000,376.00,3.760,2026-08-01T12:13:27.000Z,DCRS,2026-08-01T12:13:35.000Z
4980,87150000,60.90,0.609,2026-08-01T12:13:27.000Z,DCRS,2026-08-01T12:13:35.000Z
4979,87270000,560.00,5.600,2026-08-01T12:13:26.000Z,DCRS,2026-08-01T12:13:35.000Z
4981,87163000,106.00,1.060,2026-08-01T12:13:23.000Z,DCRS,2026-08-01T12:13:35.000Z
4972,87150000,60.90,0.609,2026-08-01T11:43:47.000Z,DCRS,2026-08-01T11:43:50.000Z
4973,87300000,378.00,3.780,2026-08-01T11:43:47.000Z,DCRS,2026-08-01T11:43:50.000Z
4974,87270000,562.00,5.620,2026-08-01T11:43:46.000Z,DCRS,2026-08-01T11:43:50.000Z
4971,87163000,106.10,1.061,2026-08-01T11:43:43.000Z,DCRS,2026-08-01T11:43:50.000Z
4990,87165001,244.00,2.440,2026-08-01T10:00:00.000Z,ANA,2026-08-01T13:15:02.000Z
4991,87168590,507.00,5.070,2026-08-01T10:00:00.000Z,ANA,2026-08-01T13:15:02.000Z
4989,87170000,793.00,7.930,2026-08-01T09:45:00.000Z,ANA,2026-08-01T13:15:02.000Z
4983,87165001,247.00,2.470,2026-08-01T09:00:00.000Z,ANA,2026-08-01T12:13:37.000Z
4984,87168590,504.00,5.040,2026-08-01T09:00:00.000Z,ANA,2026-08-01T12:13:37.000Z
4982,87170000,800.00,8.000,2026-08-01T08:45:00.000Z,ANA,2026-08-01T12:13:36.000Z
4975,87170000,804.00,8.040,2026-08-01T08:15:00.000Z,ANA,2026-08-01T11:43:51.000Z
4977,87168590,506.00,5.060,2026-08-01T08:00:00.000Z,ANA,2026-08-01T11:43:51.000Z
4976,87165001,240.00,2.400,2026-08-01T07:45:00.000Z,ANA,2026-08-01T11:43:51.000Z
4966,87300000,382.00,3.820,2026-08-01T06:45:57.000Z,DCRS,2026-08-01T06:46:03.000Z
4967,87150000,60.90,0.609,2026-08-01T06:45:57.000Z,DCRS,2026-08-01T06:46:03.000Z
4964,87270000,581.00,5.810,2026-08-01T06:45:56.000Z,DCRS,2026-08-01T06:46:03.000Z
4965,87163000,106.00,1.060,2026-08-01T06:45:53.000Z,DCRS,2026-08-01T06:46:03.000Z
4957,87150000,61.00,0.610,2026-08-01T05:06:47.000Z,DCRS,2026-08-01T05:06:49.000Z
4959,87300000,382.00,3.820,2026-08-01T05:06:47.000Z,DCRS,2026-08-01T05:06:49.000Z
4958,87163000,106.10,1.061,2026-08-01T05:06:46.000Z,DCRS,2026-08-01T05:06:49.000Z
4960,87270000,587.00,5.870,2026-08-01T05:06:46.000Z,DCRS,2026-08-01T05:06:49.000Z
4970,87170000,841.00,8.410,2026-08-01T03:15:00.000Z,ANA,2026-08-01T06:46:04.000Z
4968,87165001,248.00,2.480,2026-08-01T03:00:00.000Z,ANA,2026-08-01T06:46:04.000Z
4969,87168590,520.00,5.200,2026-08-01T03:00:00.000Z,ANA,2026-08-01T06:46:04.000Z
4950,87300000,384.00,3.840,2026-08-01T01:54:57.000Z,DCRS,2026-08-01T01:55:05.000Z
4953,87150000,61.00,0.610,2026-08-01T01:54:57.000Z,DCRS,2026-08-01T01:55:05.000Z
4951,87163000,106.10,1.061,2026-08-01T01:54:56.000Z,DCRS,2026-08-01T01:55:05.000Z
4952,87270000,600.00,6.000,2026-08-01T01:54:56.000Z,DCRS,2026-08-01T01:55:05.000Z
4963,87170000,854.00,8.540,2026-08-01T01:45:00.000Z,ANA,2026-08-01T05:06:50.000Z
4961,87165001,252.00,2.520,2026-08-01T01:00:00.000Z,ANA,2026-08-01T05:06:50.000Z
4962,87168590,526.00,5.260,2026-08-01T01:00:00.000Z,ANA,2026-08-01T05:06:50.000Z
4943,87300000,384.00,3.840,2026-07-31T23:27:47.000Z,DCRS,2026-07-31T23:27:52.000Z
4946,87150000,61.00,0.610,2026-07-31T23:27:47.000Z,DCRS,2026-07-31T23:27:52.000Z
4944,87163000,106.10,1.061,2026-07-31T23:27:46.000Z,DCRS,2026-07-31T23:27:52.000Z
4945,87270000,608.00,6.080,2026-07-31T23:27:46.000Z,DCRS,2026-07-31T23:27:52.000Z
4955,87170000,881.00,8.810,2026-07-31T22:30:00.000Z,ANA,2026-08-01T01:55:06.000Z
4937,87163000,106.10,1.061,2026-07-31T22:25:36.000Z,DCRS,2026-07-31T22:25:38.000Z
4939,87270000,610.00,6.100,2026-07-31T22:25:36.000Z,DCRS,2026-07-31T22:25:38.000Z
4936,87300000,382.00,3.820,2026-07-31T22:25:27.000Z,DCRS,2026-07-31T22:25:38.000Z
4938,87150000,61.00,0.610,2026-07-31T22:25:27.000Z,DCRS,2026-07-31T22:25:38.000Z
4954,87165001,258.00,2.580,2026-07-31T22:00:00.000Z,ANA,2026-08-01T01:55:06.000Z
4956,87168590,536.00,5.360,2026-07-31T22:00:00.000Z,ANA,2026-08-01T01:55:06.000Z
4933,87300000,384.00,3.840,2026-07-31T21:05:57.000Z,DCRS,2026-07-31T21:05:59.000Z
4934,87150000,61.00,0.610,2026-07-31T21:05:57.000Z,DCRS,2026-07-31T21:05:59.000Z
4931,87270000,616.00,6.160,2026-07-31T21:05:56.000Z,DCRS,2026-07-31T21:05:59.000Z
4932,87163000,106.10,1.061,2026-07-31T21:05:56.000Z,DCRS,2026-07-31T21:05:59.000Z
4924,87150000,61.00,0.610,2026-07-31T21:00:37.000Z,DCRS,2026-07-31T21:00:40.000Z
4926,87300000,384.00,3.840,2026-07-31T21:00:37.000Z,DCRS,2026-07-31T21:00:40.000Z
4925,87270000,616.00,6.160,2026-07-31T21:00:36.000Z,DCRS,2026-07-31T21:00:40.000Z
4927,87163000,106.10,1.061,2026-07-31T21:00:36.000Z,DCRS,2026-07-31T21:00:40.000Z
4947,87168590,541.00,5.410,2026-07-31T20:00:00.000Z,ANA,2026-07-31T23:27:53.000Z
4948,87165001,261.00,2.610,2026-07-31T20:00:00.000Z,ANA,2026-07-31T23:27:53.000Z
4949,87170000,903.00,9.030,2026-07-31T20:00:00.000Z,ANA,2026-07-31T23:27:53.000Z
4940,87170000,911.00,9.110,2026-07-31T19:00:00.000Z,ANA,2026-07-31T22:25:39.000Z
4941,87168590,547.00,5.470,2026-07-31T19:00:00.000Z,ANA,2026-07-31T22:25:39.000Z
4942,87165001,264.00,2.640,2026-07-31T19:00:00.000Z,ANA,2026-07-31T22:25:39.000Z
4918,87150000,61.00,0.610,2026-07-31T18:24:57.000Z,DCRS,2026-07-31T18:25:04.000Z
4919,87300000,382.00,3.820,2026-07-31T18:24:57.000Z,DCRS,2026-07-31T18:25:04.000Z
4917,87270000,627.00,6.270,2026-07-31T18:24:56.000Z,DCRS,2026-07-31T18:25:04.000Z
4920,87163000,106.20,1.062,2026-07-31T18:24:56.000Z,DCRS,2026-07-31T18:25:04.000Z
4935,87170000,922.00,9.220,2026-07-31T17:45:00.000Z,ANA,2026-07-31T21:06:01.000Z
4929,87170000,924.00,9.240,2026-07-31T17:30:00.000Z,ANA,2026-07-31T21:00:41.000Z
4913,87150000,61.00,0.610,2026-07-31T17:15:17.000Z,DCRS,2026-07-31T17:15:21.000Z
4914,87300000,382.00,3.820,2026-07-31T17:15:17.000Z,DCRS,2026-07-31T17:15:21.000Z
4911,87270000,630.00,6.300,2026-07-31T17:15:16.000Z,DCRS,2026-07-31T17:15:21.000Z
4912,87163000,106.20,1.062,2026-07-31T17:15:16.000Z,DCRS,2026-07-31T17:15:21.000Z
4908,87150000,61.00,0.610,2026-07-31T17:11:17.000Z,DCRS,2026-07-31T17:11:20.000Z
4909,87300000,382.00,3.820,2026-07-31T17:11:17.000Z,DCRS,2026-07-31T17:11:20.000Z
4907,87163000,106.20,1.062,2026-07-31T17:11:16.000Z,DCRS,2026-07-31T17:11:20.000Z
4910,87270000,630.00,6.300,2026-07-31T17:11:16.000Z,DCRS,2026-07-31T17:11:20.000Z
4903,87150000,61.10,0.611,2026-07-31T17:10:07.000Z,DCRS,2026-07-31T17:10:15.000Z
4905,87300000,380.00,3.800,2026-07-31T17:10:07.000Z,DCRS,2026-07-31T17:10:15.000Z
4904,87163000,106.20,1.062,2026-07-31T17:10:06.000Z,DCRS,2026-07-31T17:10:15.000Z
4906,87270000,630.00,6.300,2026-07-31T17:10:06.000Z,DCRS,2026-07-31T17:10:15.000Z
4899,87150000,61.10,0.611,2026-07-31T17:08:17.000Z,DCRS,2026-07-31T17:08:19.000Z
4900,87300000,381.00,3.810,2026-07-31T17:08:17.000Z,DCRS,2026-07-31T17:08:19.000Z
4901,87270000,630.00,6.300,2026-07-31T17:08:16.000Z,DCRS,2026-07-31T17:08:19.000Z
4902,87163000,106.20,1.062,2026-07-31T17:08:16.000Z,DCRS,2026-07-31T17:08:19.000Z
4894,87300000,381.00,3.810,2026-07-31T17:05:37.000Z,DCRS,2026-07-31T17:05:41.000Z
4895,87150000,61.00,0.610,2026-07-31T17:05:37.000Z,DCRS,2026-07-31T17:05:41.000Z
4897,87163000,106.20,1.062,2026-07-31T17:05:36.000Z,DCRS,2026-07-31T17:05:41.000Z
4896,87270000,631.00,6.310,2026-07-31T17:05:32.000Z,DCRS,2026-07-31T17:05:41.000Z
4891,87300000,381.00,3.810,2026-07-31T17:02:27.000Z,DCRS,2026-07-31T17:02:32.000Z
4892,87150000,61.10,0.611,2026-07-31T17:02:27.000Z,DCRS,2026-07-31T17:02:32.000Z
4890,87163000,106.20,1.062,2026-07-31T17:02:26.000Z,DCRS,2026-07-31T17:02:32.000Z
4893,87270000,631.00,6.310,2026-07-31T17:02:22.000Z,DCRS,2026-07-31T17:02:32.000Z
4889,87270000,631.00,6.310,2026-07-31T17:00:42.000Z,DCRS,2026-07-31T17:00:45.000Z
4886,87150000,61.10,0.611,2026-07-31T17:00:37.000Z,DCRS,2026-07-31T17:00:45.000Z
4888,87300000,381.00,3.810,2026-07-31T17:00:37.000Z,DCRS,2026-07-31T17:00:45.000Z
4887,87163000,106.20,1.062,2026-07-31T17:00:36.000Z,DCRS,2026-07-31T17:00:45.000Z
4928,87168590,553.00,5.530,2026-07-31T17:00:00.000Z,ANA,2026-07-31T21:00:41.000Z
4930,87165001,268.00,2.680,2026-07-31T17:00:00.000Z,ANA,2026-07-31T21:00:41.000Z
4882,87163000,106.20,1.062,2026-07-31T16:59:46.000Z,DCRS,2026-07-31T16:59:47.000Z
4883,87270000,631.00,6.310,2026-07-31T16:59:42.000Z,DCRS,2026-07-31T16:59:47.000Z
4884,87300000,381.00,3.810,2026-07-31T16:59:37.000Z,DCRS,2026-07-31T16:59:47.000Z
4885,87150000,61.10,0.611,2026-07-31T16:59:37.000Z,DCRS,2026-07-31T16:59:47.000Z
4880,87270000,631.00,6.310,2026-07-31T16:56:32.000Z,DCRS,2026-07-31T16:56:37.000Z
4878,87300000,381.00,3.810,2026-07-31T16:56:27.000Z,DCRS,2026-07-31T16:56:37.000Z
4879,87150000,61.10,0.611,2026-07-31T16:56:27.000Z,DCRS,2026-07-31T16:56:37.000Z
4881,87163000,106.20,1.062,2026-07-31T16:56:26.000Z,DCRS,2026-07-31T16:56:37.000Z
4874,87300000,380.00,3.800,2026-07-31T16:54:17.000Z,DCRS,2026-07-31T16:54:20.000Z
4877,87150000,61.00,0.610,2026-07-31T16:54:17.000Z,DCRS,2026-07-31T16:54:20.000Z
4876,87163000,106.20,1.062,2026-07-31T16:54:16.000Z,DCRS,2026-07-31T16:54:20.000Z
4875,87270000,631.00,6.310,2026-07-31T16:54:12.000Z,DCRS,2026-07-31T16:54:20.000Z
4871,87270000,631.00,6.310,2026-07-31T16:51:32.000Z,DCRS,2026-07-31T16:51:37.000Z
4869,87150000,61.00,0.610,2026-07-31T16:51:27.000Z,DCRS,2026-07-31T16:51:37.000Z
4872,87300000,381.00,3.810,2026-07-31T16:51:27.000Z,DCRS,2026-07-31T16:51:37.000Z
4870,87163000,106.20,1.062,2026-07-31T16:51:26.000Z,DCRS,2026-07-31T16:51:37.000Z
4867,87270000,631.00,6.310,2026-07-31T16:47:32.000Z,DCRS,2026-07-31T16:47:36.000Z
4866,87300000,381.00,3.810,2026-07-31T16:47:27.000Z,DCRS,2026-07-31T16:47:36.000Z
4868,87150000,61.10,0.611,2026-07-31T16:47:27.000Z,DCRS,2026-07-31T16:47:36.000Z
4865,87163000,106.20,1.062,2026-07-31T16:47:26.000Z,DCRS,2026-07-31T16:47:36.000Z
4863,87270000,631.00,6.310,2026-07-31T16:46:32.000Z,DCRS,2026-07-31T16:46:37.000Z
4861,87150000,61.10,0.611,2026-07-31T16:46:27.000Z,DCRS,2026-07-31T16:46:37.000Z
4862,87300000,378.00,3.780,2026-07-31T16:46:27.000Z,DCRS,2026-07-31T16:46:37.000Z
4864,87163000,106.20,1.062,2026-07-31T16:46:26.000Z,DCRS,2026-07-31T16:46:37.000Z
4857,87300000,381.00,3.810,2026-07-31T16:43:17.000Z,DCRS,2026-07-31T16:43:19.000Z
4858,87150000,61.10,0.611,2026-07-31T16:43:17.000Z,DCRS,2026-07-31T16:43:19.000Z
4860,87163000,106.20,1.062,2026-07-31T16:43:16.000Z,DCRS,2026-07-31T16:43:19.000Z
4859,87270000,632.00,6.320,2026-07-31T16:43:12.000Z,DCRS,2026-07-31T16:43:19.000Z
4853,87300000,381.00,3.810,2026-07-31T16:40:57.000Z,DCRS,2026-07-31T16:41:04.000Z
4855,87150000,61.10,0.611,2026-07-31T16:40:57.000Z,DCRS,2026-07-31T16:41:04.000Z
4854,87163000,106.20,1.062,2026-07-31T16:40:56.000Z,DCRS,2026-07-31T16:41:04.000Z
4856,87270000,631.00,6.310,2026-07-31T16:40:52.000Z,DCRS,2026-07-31T16:41:04.000Z
4850,87270000,632.00,6.320,2026-07-31T16:38:32.000Z,DCRS,2026-07-31T16:38:36.000Z
4849,87300000,381.00,3.810,2026-07-31T16:38:27.000Z,DCRS,2026-07-31T16:38:36.000Z
4851,87150000,61.10,0.611,2026-07-31T16:38:27.000Z,DCRS,2026-07-31T16:38:36.000Z
4852,87163000,106.20,1.062,2026-07-31T16:38:26.000Z,DCRS,2026-07-31T16:38:36.000Z
4847,87270000,632.00,6.320,2026-07-31T16:38:12.000Z,DCRS,2026-07-31T16:38:16.000Z
4845,87150000,61.00,0.610,2026-07-31T16:38:07.000Z,DCRS,2026-07-31T16:38:16.000Z
4848,87300000,381.00,3.810,2026-07-31T16:38:07.000Z,DCRS,2026-07-31T16:38:16.000Z
4846,87163000,106.20,1.062,2026-07-31T16:38:06.000Z,DCRS,2026-07-31T16:38:16.000Z
4842,87270000,632.00,6.320,2026-07-31T16:36:12.000Z,DCRS,2026-07-31T16:36:15.000Z
4841,87300000,381.00,3.810,2026-07-31T16:36:07.000Z,DCRS,2026-07-31T16:36:15.000Z
4844,87150000,61.10,0.611,2026-07-31T16:36:07.000Z,DCRS,2026-07-31T16:36:15.000Z
4843,87163000,106.20,1.062,2026-07-31T16:36:06.000Z,DCRS,2026-07-31T16:36:15.000Z
4837,87300000,632.00,6.320,2026-07-31T16:34:02.000Z,DCRS,2026-07-31T16:34:05.000Z
4836,87150000,61.10,0.611,2026-07-31T16:33:57.000Z,DCRS,2026-07-31T16:34:05.000Z
4838,87270000,379.00,3.790,2026-07-31T16:33:57.000Z,DCRS,2026-07-31T16:34:05.000Z
4840,87163000,106.20,1.062,2026-07-31T16:33:56.000Z,DCRS,2026-07-31T16:34:05.000Z
4830,87270000,380.00,3.800,2026-07-31T16:32:47.000Z,DCRS,2026-07-31T16:32:49.000Z
4833,87150000,61.10,0.611,2026-07-31T16:32:47.000Z,DCRS,2026-07-31T16:32:49.000Z
4832,87163000,106.20,1.062,2026-07-31T16:32:46.000Z,DCRS,2026-07-31T16:32:49.000Z
4831,87300000,632.00,6.320,2026-07-31T16:32:42.000Z,DCRS,2026-07-31T16:32:49.000Z
4825,87163000,106.20,1.062,2026-07-31T16:30:16.000Z,DCRS,2026-07-31T16:30:18.000Z
4829,87300000,632.00,6.320,2026-07-31T16:30:12.000Z,DCRS,2026-07-31T16:30:18.000Z
4826,87150000,61.00,0.610,2026-07-31T16:30:07.000Z,DCRS,2026-07-31T16:30:18.000Z
4827,87270000,381.00,3.810,2026-07-31T16:30:07.000Z,DCRS,2026-07-31T16:30:18.000Z
4921,87170000,947.00,9.470,2026-07-31T15:00:00.000Z,ANA,2026-07-31T18:25:06.000Z
4922,87168590,561.00,5.610,2026-07-31T15:00:00.000Z,ANA,2026-07-31T18:25:06.000Z
4923,87165001,272.00,2.720,2026-07-31T15:00:00.000Z,ANA,2026-07-31T18:25:06.000Z
4915,87165001,275.00,2.750,2026-07-31T14:00:00.000Z,ANA,2026-07-31T17:15:22.000Z
4916,87168590,564.00,5.640,2026-07-31T14:00:00.000Z,ANA,2026-07-31T17:15:22.000Z
4898,87170000,958.00,9.580,2026-07-31T13:45:00.000Z,ANA,2026-07-31T17:05:42.000Z
4873,87170000,961.00,9.610,2026-07-31T13:30:00.000Z,ANA,2026-07-31T16:51:39.000Z
4835,87170000,963.00,9.630,2026-07-31T13:15:00.000Z,ANA,2026-07-31T16:32:50.000Z
4814,87165001,277.00,2.770,2026-07-31T13:00:00.000Z,ANA,2026-07-31T16:20:21.000Z
4822,87168590,570.00,5.700,2026-07-31T13:00:00.000Z,ANA,2026-07-31T16:20:23.000Z
4823,87270000,709.00,7.090,2026-07-31T13:00:00.000Z,ANA,2026-07-31T16:27:04.000Z
4824,87170000,965.00,9.650,2026-07-31T13:00:00.000Z,ANA,2026-07-31T16:27:05.000Z
4810,87150000,219.00,2.190,2026-07-31T12:45:00.000Z,ANA,2026-07-31T16:20:20.000Z
4813,87165001,277.00,2.770,2026-07-31T12:45:00.000Z,ANA,2026-07-31T16:20:21.000Z
4816,87170000,967.00,9.670,2026-07-31T12:45:00.000Z,ANA,2026-07-31T16:20:21.000Z
4818,87270000,709.00,7.090,2026-07-31T12:45:00.000Z,ANA,2026-07-31T16:20:22.000Z
4821,87168590,571.00,5.710,2026-07-31T12:45:00.000Z,ANA,2026-07-31T16:20:23.000Z
4809,87150000,219.00,2.190,2026-07-31T12:30:00.000Z,ANA,2026-07-31T16:20:20.000Z
4812,87165001,279.00,2.790,2026-07-31T12:30:00.000Z,ANA,2026-07-31T16:20:21.000Z
4815,87170000,969.00,9.690,2026-07-31T12:30:00.000Z,ANA,2026-07-31T16:20:21.000Z
4817,87270000,710.00,7.100,2026-07-31T12:30:00.000Z,ANA,2026-07-31T16:20:22.000Z
4820,87168590,572.00,5.720,2026-07-31T12:30:00.000Z,ANA,2026-07-31T16:20:23.000Z
4794,87270000,711.00,7.110,2026-07-31T12:15:00.000Z,ANA,2026-07-31T15:45:21.000Z
4802,87170000,972.00,9.720,2026-07-31T12:15:00.000Z,ANA,2026-07-31T15:45:21.000Z
4808,87150000,220.00,2.200,2026-07-31T12:15:00.000Z,ANA,2026-07-31T16:20:20.000Z
4811,87165001,279.00,2.790,2026-07-31T12:15:00.000Z,ANA,2026-07-31T16:20:21.000Z
4819,87168590,573.00,5.730,2026-07-31T12:15:00.000Z,ANA,2026-07-31T16:20:23.000Z
4786,87163000,507.00,5.070,2026-07-31T12:00:00.000Z,ANA,2026-07-31T15:45:20.000Z
4790,87168590,575.00,5.750,2026-07-31T12:00:00.000Z,ANA,2026-07-31T15:45:20.000Z
4793,87270000,713.00,7.130,2026-07-31T12:00:00.000Z,ANA,2026-07-31T15:45:21.000Z
4798,87165001,279.00,2.790,2026-07-31T12:00:00.000Z,ANA,2026-07-31T15:45:21.000Z
4801,87170000,974.00,9.740,2026-07-31T12:00:00.000Z,ANA,2026-07-31T15:45:21.000Z
4807,87150000,221.00,2.210,2026-07-31T12:00:00.000Z,ANA,2026-07-31T16:20:20.000Z
4785,87163000,507.00,5.070,2026-07-31T11:45:00.000Z,ANA,2026-07-31T15:45:20.000Z
4789,87168590,575.00,5.750,2026-07-31T11:45:00.000Z,ANA,2026-07-31T15:45:20.000Z
4792,87270000,713.00,7.130,2026-07-31T11:45:00.000Z,ANA,2026-07-31T15:45:21.000Z
4797,87165001,280.00,2.800,2026-07-31T11:45:00.000Z,ANA,2026-07-31T15:45:21.000Z
4800,87170000,976.00,9.760,2026-07-31T11:45:00.000Z,ANA,2026-07-31T15:45:21.000Z
4806,87150000,222.00,2.220,2026-07-31T11:45:00.000Z,ANA,2026-07-31T15:45:22.000Z
4784,87163000,508.00,5.080,2026-07-31T11:30:00.000Z,ANA,2026-07-31T15:45:20.000Z
4788,87168590,575.00,5.750,2026-07-31T11:30:00.000Z,ANA,2026-07-31T15:45:20.000Z
4791,87270000,713.00,7.130,2026-07-31T11:30:00.000Z,ANA,2026-07-31T15:45:21.000Z
4796,87165001,280.00,2.800,2026-07-31T11:30:00.000Z,ANA,2026-07-31T15:45:21.000Z
4799,87170000,979.00,9.790,2026-07-31T11:30:00.000Z,ANA,2026-07-31T15:45:21.000Z
4805,87150000,222.00,2.220,2026-07-31T11:30:00.000Z,ANA,2026-07-31T15:45:22.000Z
4777,87270000,714.00,7.140,2026-07-31T11:15:00.000Z,ANA,2026-07-31T14:37:10.000Z
4778,87170000,981.00,9.810,2026-07-31T11:15:00.000Z,ANA,2026-07-31T14:37:18.000Z
4783,87163000,509.00,5.090,2026-07-31T11:15:00.000Z,ANA,2026-07-31T15:45:20.000Z
4787,87168590,577.00,5.770,2026-07-31T11:15:00.000Z,ANA,2026-07-31T15:45:20.000Z
4795,87165001,282.00,2.820,2026-07-31T11:15:00.000Z,ANA,2026-07-31T15:45:21.000Z
4804,87150000,224.00,2.240,2026-07-31T11:15:00.000Z,ANA,2026-07-31T15:45:22.000Z
4770,87168590,579.00,5.790,2026-07-31T11:00:00.000Z,ANA,2026-07-31T14:22:42.000Z
4771,87270000,716.00,7.160,2026-07-31T11:00:00.000Z,ANA,2026-07-31T14:22:42.000Z
4775,87165001,282.00,2.820,2026-07-31T11:00:00.000Z,ANA,2026-07-31T14:22:42.000Z
4776,87170000,983.00,9.830,2026-07-31T11:00:00.000Z,ANA,2026-07-31T14:22:42.000Z
4782,87163000,509.00,5.090,2026-07-31T11:00:00.000Z,ANA,2026-07-31T15:45:20.000Z
4803,87150000,229.00,2.290,2026-07-31T11:00:00.000Z,ANA,2026-07-31T15:45:22.000Z
4756,87270000,716.00,7.160,2026-07-31T10:45:00.000Z,ANA,2026-07-31T14:09:29.000Z
4764,87150000,249.00,2.490,2026-07-31T10:45:00.000Z,ANA,2026-07-31T14:09:29.000Z
4766,87170000,985.00,9.850,2026-07-31T10:45:00.000Z,ANA,2026-07-31T14:09:29.000Z
4769,87168590,580.00,5.800,2026-07-31T10:45:00.000Z,ANA,2026-07-31T14:22:42.000Z
4774,87165001,283.00,2.830,2026-07-31T10:45:00.000Z,ANA,2026-07-31T14:22:42.000Z
4781,87163000,509.00,5.090,2026-07-31T10:45:00.000Z,ANA,2026-07-31T15:45:20.000Z
4755,87270000,717.00,7.170,2026-07-31T10:30:00.000Z,ANA,2026-07-31T14:09:29.000Z
4763,87150000,268.00,2.680,2026-07-31T10:30:00.000Z,ANA,2026-07-31T14:09:29.000Z
4765,87170000,988.00,9.880,2026-07-31T10:30:00.000Z,ANA,2026-07-31T14:09:29.000Z
4768,87168590,582.00,5.820,2026-07-31T10:30:00.000Z,ANA,2026-07-31T14:22:42.000Z
4773,87165001,283.00,2.830,2026-07-31T10:30:00.000Z,ANA,2026-07-31T14:22:42.000Z
4780,87163000,510.00,5.100,2026-07-31T10:30:00.000Z,ANA,2026-07-31T15:45:20.000Z
4745,87270000,718.00,7.180,2026-07-31T10:15:00.000Z,ANA,2026-07-31T13:35:32.000Z
4748,87170000,991.00,9.910,2026-07-31T10:15:00.000Z,ANA,2026-07-31T13:35:32.000Z
4762,87150000,270.00,2.700,2026-07-31T10:15:00.000Z,ANA,2026-07-31T14:09:29.000Z
4767,87168590,584.00,5.840,2026-07-31T10:15:00.000Z,ANA,2026-07-31T14:22:42.000Z
4772,87165001,283.00,2.830,2026-07-31T10:15:00.000Z,ANA,2026-07-31T14:22:42.000Z
4779,87163000,511.00,5.110,2026-07-31T10:15:00.000Z,ANA,2026-07-31T15:45:20.000Z
4744,87270000,718.00,7.180,2026-07-31T10:00:00.000Z,ANA,2026-07-31T13:35:32.000Z
4747,87170000,993.00,9.930,2026-07-31T10:00:00.000Z,ANA,2026-07-31T13:35:32.000Z
4752,87168590,584.00,5.840,2026-07-31T10:00:00.000Z,ANA,2026-07-31T13:35:32.000Z
4754,87165001,284.00,2.840,2026-07-31T10:00:00.000Z,ANA,2026-07-31T13:35:34.000Z
4760,87163000,511.00,5.110,2026-07-31T10:00:00.000Z,ANA,2026-07-31T14:09:29.000Z
4761,87150000,270.00,2.700,2026-07-31T10:00:00.000Z,ANA,2026-07-31T14:09:29.000Z
4741,87150000,271.00,2.710,2026-07-31T09:45:00.000Z,ANA,2026-07-31T13:04:33.000Z
4743,87270000,719.00,7.190,2026-07-31T09:45:00.000Z,ANA,2026-07-31T13:35:32.000Z
4746,87170000,995.00,9.950,2026-07-31T09:45:00.000Z,ANA,2026-07-31T13:35:32.000Z
4751,87168590,587.00,5.870,2026-07-31T09:45:00.000Z,ANA,2026-07-31T13:35:32.000Z
4759,87163000,512.00,5.120,2026-07-31T09:45:00.000Z,ANA,2026-07-31T14:09:29.000Z
4737,87170000,998.00,9.980,2026-07-31T09:30:00.000Z,ANA,2026-07-31T13:04:32.000Z
4740,87150000,276.00,2.760,2026-07-31T09:30:00.000Z,ANA,2026-07-31T13:04:33.000Z
4742,87270000,720.00,7.200,2026-07-31T09:30:00.000Z,ANA,2026-07-31T13:04:33.000Z
4750,87168590,586.00,5.860,2026-07-31T09:30:00.000Z,ANA,2026-07-31T13:35:32.000Z
4753,87165001,286.00,2.860,2026-07-31T09:30:00.000Z,ANA,2026-07-31T13:35:34.000Z
4758,87163000,512.00,5.120,2026-07-31T09:30:00.000Z,ANA,2026-07-31T14:09:29.000Z
4726,87270000,722.00,7.220,2026-07-31T09:15:00.000Z,ANA,2026-07-31T12:36:10.000Z
4732,87170000,1001.00,10.010,2026-07-31T09:15:00.000Z,ANA,2026-07-31T12:36:11.000Z
4739,87150000,282.00,2.820,2026-07-31T09:15:00.000Z,ANA,2026-07-31T13:04:33.000Z
4749,87168590,589.00,5.890,2026-07-31T09:15:00.000Z,ANA,2026-07-31T13:35:32.000Z
4757,87163000,513.00,5.130,2026-07-31T09:15:00.000Z,ANA,2026-07-31T14:09:29.000Z
4724,87165001,287.00,2.870,2026-07-31T09:00:00.000Z,ANA,2026-07-31T12:36:10.000Z
4725,87270000,722.00,7.220,2026-07-31T09:00:00.000Z,ANA,2026-07-31T12:36:10.000Z
4730,87163000,514.00,5.140,2026-07-31T09:00:00.000Z,ANA,2026-07-31T12:36:10.000Z
4731,87170000,1003.00,10.030,2026-07-31T09:00:00.000Z,ANA,2026-07-31T12:36:11.000Z
4736,87168590,588.00,5.880,2026-07-31T09:00:00.000Z,ANA,2026-07-31T12:36:12.000Z
4738,87150000,287.00,2.870,2026-07-31T09:00:00.000Z,ANA,2026-07-31T13:04:33.000Z
4714,87270000,723.00,7.230,2026-07-31T08:45:00.000Z,ANA,2026-07-31T12:02:48.000Z
4716,87170000,1006.00,10.060,2026-07-31T08:45:00.000Z,ANA,2026-07-31T12:02:48.000Z
4720,87150000,290.00,2.900,2026-07-31T08:45:00.000Z,ANA,2026-07-31T12:02:48.000Z
4723,87165001,288.00,2.880,2026-07-31T08:45:00.000Z,ANA,2026-07-31T12:36:10.000Z
4729,87163000,515.00,5.150,2026-07-31T08:45:00.000Z,ANA,2026-07-31T12:36:10.000Z
4735,87168590,590.00,5.900,2026-07-31T08:45:00.000Z,ANA,2026-07-31T12:36:12.000Z
4713,87270000,724.00,7.240,2026-07-31T08:30:00.000Z,ANA,2026-07-31T12:02:48.000Z
4715,87170000,1008.00,10.080,2026-07-31T08:30:00.000Z,ANA,2026-07-31T12:02:48.000Z
4719,87150000,290.00,2.900,2026-07-31T08:30:00.000Z,ANA,2026-07-31T12:02:48.000Z
4722,87165001,288.00,2.880,2026-07-31T08:30:00.000Z,ANA,2026-07-31T12:36:10.000Z
4728,87163000,515.00,5.150,2026-07-31T08:30:00.000Z,ANA,2026-07-31T12:36:10.000Z
4734,87168590,591.00,5.910,2026-07-31T08:30:00.000Z,ANA,2026-07-31T12:36:12.000Z
4701,87270000,724.00,7.240,2026-07-31T08:15:00.000Z,ANA,2026-07-31T11:33:21.000Z
4704,87170000,1010.00,10.100,2026-07-31T08:15:00.000Z,ANA,2026-07-31T11:33:21.000Z
4718,87150000,291.00,2.910,2026-07-31T08:15:00.000Z,ANA,2026-07-31T12:02:48.000Z
4721,87165001,289.00,2.890,2026-07-31T08:15:00.000Z,ANA,2026-07-31T12:36:10.000Z
4727,87163000,516.00,5.160,2026-07-31T08:15:00.000Z,ANA,2026-07-31T12:36:10.000Z
4733,87168590,593.00,5.930,2026-07-31T08:15:00.000Z,ANA,2026-07-31T12:36:12.000Z
4698,87163000,517.00,5.170,2026-07-31T08:00:00.000Z,ANA,2026-07-31T11:33:21.000Z
4700,87270000,726.00,7.260,2026-07-31T08:00:00.000Z,ANA,2026-07-31T11:33:21.000Z
4703,87170000,1013.00,10.130,2026-07-31T08:00:00.000Z,ANA,2026-07-31T11:33:21.000Z
4708,87165001,289.00,2.890,2026-07-31T08:00:00.000Z,ANA,2026-07-31T11:33:22.000Z
4712,87168590,594.00,5.940,2026-07-31T08:00:00.000Z,ANA,2026-07-31T11:33:23.000Z
4717,87150000,291.00,2.910,2026-07-31T08:00:00.000Z,ANA,2026-07-31T12:02:48.000Z
4684,87150000,292.00,2.920,2026-07-31T07:45:00.000Z,ANA,2026-07-31T10:53:05.000Z
4697,87163000,517.00,5.170,2026-07-31T07:45:00.000Z,ANA,2026-07-31T11:33:21.000Z
4699,87270000,726.00,7.260,2026-07-31T07:45:00.000Z,ANA,2026-07-31T11:33:21.000Z
4702,87170000,1015.00,10.150,2026-07-31T07:45:00.000Z,ANA,2026-07-31T11:33:21.000Z
4707,87165001,291.00,2.910,2026-07-31T07:45:00.000Z,ANA,2026-07-31T11:33:22.000Z
4711,87168590,595.00,5.950,2026-07-31T07:45:00.000Z,ANA,2026-07-31T11:33:23.000Z
4683,87150000,292.00,2.920,2026-07-31T07:30:00.000Z,ANA,2026-07-31T10:53:05.000Z
4687,87170000,1017.00,10.170,2026-07-31T07:30:00.000Z,ANA,2026-07-31T10:53:06.000Z
4690,87270000,728.00,7.280,2026-07-31T07:30:00.000Z,ANA,2026-07-31T10:53:07.000Z
4696,87163000,518.00,5.180,2026-07-31T07:30:00.000Z,ANA,2026-07-31T11:33:21.000Z
4706,87165001,293.00,2.930,2026-07-31T07:30:00.000Z,ANA,2026-07-31T11:33:22.000Z
4710,87168590,597.00,5.970,2026-07-31T07:30:00.000Z,ANA,2026-07-31T11:33:23.000Z
4682,87150000,292.00,2.920,2026-07-31T07:15:00.000Z,ANA,2026-07-31T10:53:05.000Z
4686,87170000,1020.00,10.200,2026-07-31T07:15:00.000Z,ANA,2026-07-31T10:53:06.000Z
4689,87270000,729.00,7.290,2026-07-31T07:15:00.000Z,ANA,2026-07-31T10:53:07.000Z
4695,87163000,518.00,5.180,2026-07-31T07:15:00.000Z,ANA,2026-07-31T11:33:21.000Z
4705,87165001,292.00,2.920,2026-07-31T07:15:00.000Z,ANA,2026-07-31T11:33:22.000Z
4709,87168590,600.00,6.000,2026-07-31T07:15:00.000Z,ANA,2026-07-31T11:33:23.000Z
4670,87165001,293.00,2.930,2026-07-31T07:00:00.000Z,ANA,2026-07-31T10:18:02.000Z
4680,87168590,600.00,6.000,2026-07-31T07:00:00.000Z,ANA,2026-07-31T10:18:03.000Z
4681,87150000,292.00,2.920,2026-07-31T07:00:00.000Z,ANA,2026-07-31T10:53:05.000Z
4685,87170000,1023.00,10.230,2026-07-31T07:00:00.000Z,ANA,2026-07-31T10:53:06.000Z
4688,87270000,729.00,7.290,2026-07-31T07:00:00.000Z,ANA,2026-07-31T10:53:07.000Z
4694,87163000,519.00,5.190,2026-07-31T07:00:00.000Z,ANA,2026-07-31T11:33:21.000Z
4656,87150000,293.00,2.930,2026-07-31T06:45:00.000Z,ANA,2026-07-31T09:52:39.000Z
4669,87165001,294.00,2.940,2026-07-31T06:45:00.000Z,ANA,2026-07-31T10:18:02.000Z
4675,87270000,730.00,7.300,2026-07-31T06:45:00.000Z,ANA,2026-07-31T10:18:02.000Z
4676,87170000,1025.00,10.250,2026-07-31T06:45:00.000Z,ANA,2026-07-31T10:18:02.000Z
4679,87168590,603.00,6.030,2026-07-31T06:45:00.000Z,ANA,2026-07-31T10:18:03.000Z
4693,87163000,519.00,5.190,2026-07-31T06:45:00.000Z,ANA,2026-07-31T11:33:21.000Z
4628,87170000,1027.00,10.270,2026-07-31T06:30:00.000Z,ANA,2026-07-31T09:52:38.000Z
4655,87150000,293.00,2.930,2026-07-31T06:30:00.000Z,ANA,2026-07-31T09:52:39.000Z
4666,87270000,731.00,7.310,2026-07-31T06:30:00.000Z,ANA,2026-07-31T09:52:40.000Z
4668,87165001,294.00,2.940,2026-07-31T06:30:00.000Z,ANA,2026-07-31T10:18:02.000Z
4678,87168590,602.00,6.020,2026-07-31T06:30:00.000Z,ANA,2026-07-31T10:18:03.000Z
4692,87163000,520.00,5.200,2026-07-31T06:30:00.000Z,ANA,2026-07-31T11:33:21.000Z
4627,87170000,1031.00,10.310,2026-07-31T06:15:00.000Z,ANA,2026-07-31T09:52:38.000Z
4654,87150000,294.00,2.940,2026-07-31T06:15:00.000Z,ANA,2026-07-31T09:52:39.000Z
4665,87270000,732.00,7.320,2026-07-31T06:15:00.000Z,ANA,2026-07-31T09:52:40.000Z
4667,87165001,295.00,2.950,2026-07-31T06:15:00.000Z,ANA,2026-07-31T10:18:02.000Z
4677,87168590,606.00,6.060,2026-07-31T06:15:00.000Z,ANA,2026-07-31T10:18:03.000Z
4691,87163000,521.00,5.210,2026-07-31T06:15:00.000Z,ANA,2026-07-31T11:33:21.000Z
4626,87170000,1033.00,10.330,2026-07-31T06:00:00.000Z,ANA,2026-07-31T09:52:38.000Z
4636,87168590,607.00,6.070,2026-07-31T06:00:00.000Z,ANA,2026-07-31T09:52:38.000Z
4644,87165001,296.00,2.960,2026-07-31T06:00:00.000Z,ANA,2026-07-31T09:52:38.000Z
4653,87150000,294.00,2.940,2026-07-31T06:00:00.000Z,ANA,2026-07-31T09:52:39.000Z
4664,87270000,732.00,7.320,2026-07-31T06:00:00.000Z,ANA,2026-07-31T09:52:40.000Z
4674,87163000,521.00,5.210,2026-07-31T06:00:00.000Z,ANA,2026-07-31T10:18:02.000Z
4625,87170000,1035.00,10.350,2026-07-31T05:45:00.000Z,ANA,2026-07-31T09:52:38.000Z
4635,87168590,607.00,6.070,2026-07-31T05:45:00.000Z,ANA,2026-07-31T09:52:38.000Z
4643,87165001,296.00,2.960,2026-07-31T05:45:00.000Z,ANA,2026-07-31T09:52:38.000Z
4652,87150000,295.00,2.950,2026-07-31T05:45:00.000Z,ANA,2026-07-31T09:52:39.000Z
4663,87270000,734.00,7.340,2026-07-31T05:45:00.000Z,ANA,2026-07-31T09:52:40.000Z
4673,87163000,523.00,5.230,2026-07-31T05:45:00.000Z,ANA,2026-07-31T10:18:02.000Z
4624,87170000,1038.00,10.380,2026-07-31T05:30:00.000Z,ANA,2026-07-31T09:52:38.000Z
4634,87168590,610.00,6.100,2026-07-31T05:30:00.000Z,ANA,2026-07-31T09:52:38.000Z
4642,87165001,297.00,2.970,2026-07-31T05:30:00.000Z,ANA,2026-07-31T09:52:38.000Z
4651,87150000,296.00,2.960,2026-07-31T05:30:00.000Z,ANA,2026-07-31T09:52:39.000Z
4662,87270000,734.00,7.340,2026-07-31T05:30:00.000Z,ANA,2026-07-31T09:52:40.000Z
4672,87163000,523.00,5.230,2026-07-31T05:30:00.000Z,ANA,2026-07-31T10:18:02.000Z
4623,87170000,1040.00,10.400,2026-07-31T05:15:00.000Z,ANA,2026-07-31T09:52:38.000Z
4633,87168590,612.00,6.120,2026-07-31T05:15:00.000Z,ANA,2026-07-31T09:52:38.000Z
4641,87165001,298.00,2.980,2026-07-31T05:15:00.000Z,ANA,2026-07-31T09:52:38.000Z
4650,87150000,296.00,2.960,2026-07-31T05:15:00.000Z,ANA,2026-07-31T09:52:39.000Z
4661,87270000,734.00,7.340,2026-07-31T05:15:00.000Z,ANA,2026-07-31T09:52:40.000Z
4671,87163000,524.00,5.240,2026-07-31T05:15:00.000Z,ANA,2026-07-31T10:18:02.000Z
4618,87163000,524.00,5.240,2026-07-31T05:00:00.000Z,ANA,2026-07-31T09:52:38.000Z
4622,87170000,1043.00,10.430,2026-07-31T05:00:00.000Z,ANA,2026-07-31T09:52:38.000Z
4632,87168590,613.00,6.130,2026-07-31T05:00:00.000Z,ANA,2026-07-31T09:52:38.000Z
4640,87165001,299.00,2.990,2026-07-31T05:00:00.000Z,ANA,2026-07-31T09:52:38.000Z
4649,87150000,296.00,2.960,2026-07-31T05:00:00.000Z,ANA,2026-07-31T09:52:39.000Z
4660,87270000,735.00,7.350,2026-07-31T05:00:00.000Z,ANA,2026-07-31T09:52:40.000Z
4617,87163000,525.00,5.250,2026-07-31T04:45:00.000Z,ANA,2026-07-31T09:52:38.000Z
4621,87170000,1046.00,10.460,2026-07-31T04:45:00.000Z,ANA,2026-07-31T09:52:38.000Z
4631,87168590,616.00,6.160,2026-07-31T04:45:00.000Z,ANA,2026-07-31T09:52:38.000Z
4639,87165001,301.00,3.010,2026-07-31T04:45:00.000Z,ANA,2026-07-31T09:52:38.000Z
4648,87150000,297.00,2.970,2026-07-31T04:45:00.000Z,ANA,2026-07-31T09:52:39.000Z
4659,87270000,736.00,7.360,2026-07-31T04:45:00.000Z,ANA,2026-07-31T09:52:40.000Z
4616,87163000,526.00,5.260,2026-07-31T04:30:00.000Z,ANA,2026-07-31T09:52:38.000Z
4620,87170000,1048.00,10.480,2026-07-31T04:30:00.000Z,ANA,2026-07-31T09:52:38.000Z
4630,87168590,618.00,6.180,2026-07-31T04:30:00.000Z,ANA,2026-07-31T09:52:38.000Z
4638,87165001,300.00,3.000,2026-07-31T04:30:00.000Z,ANA,2026-07-31T09:52:38.000Z
4647,87150000,297.00,2.970,2026-07-31T04:30:00.000Z,ANA,2026-07-31T09:52:39.000Z
4658,87270000,737.00,7.370,2026-07-31T04:30:00.000Z,ANA,2026-07-31T09:52:40.000Z
4615,87163000,526.00,5.260,2026-07-31T04:15:00.000Z,ANA,2026-07-31T09:52:38.000Z
4619,87170000,1051.00,10.510,2026-07-31T04:15:00.000Z,ANA,2026-07-31T09:52:38.000Z
4629,87168590,619.00,6.190,2026-07-31T04:15:00.000Z,ANA,2026-07-31T09:52:38.000Z
4637,87165001,302.00,3.020,2026-07-31T04:15:00.000Z,ANA,2026-07-31T09:52:38.000Z
4646,87150000,298.00,2.980,2026-07-31T04:15:00.000Z,ANA,2026-07-31T09:52:39.000Z
4657,87270000,737.00,7.370,2026-07-31T04:15:00.000Z,ANA,2026-07-31T09:52:40.000Z
4584,87170000,1053.00,10.530,2026-07-31T04:00:00.000Z,ANA,2026-07-31T07:23:51.000Z
4590,87270000,739.00,7.390,2026-07-31T04:00:00.000Z,ANA,2026-07-31T07:23:51.000Z
4598,87168590,620.00,6.200,2026-07-31T04:00:00.000Z,ANA,2026-07-31T07:23:51.000Z
4610,87165001,302.00,3.020,2026-07-31T04:00:00.000Z,ANA,2026-07-31T07:23:53.000Z
4614,87163000,527.00,5.270,2026-07-31T04:00:00.000Z,ANA,2026-07-31T09:52:38.000Z
4645,87150000,298.00,2.980,2026-07-31T04:00:00.000Z,ANA,2026-07-31T09:52:39.000Z
4578,87150000,299.00,2.990,2026-07-31T03:45:00.000Z,ANA,2026-07-31T07:23:51.000Z
4583,87170000,1056.00,10.560,2026-07-31T03:45:00.000Z,ANA,2026-07-31T07:23:51.000Z
4589,87270000,739.00,7.390,2026-07-31T03:45:00.000Z,ANA,2026-07-31T07:23:51.000Z
4597,87168590,622.00,6.220,2026-07-31T03:45:00.000Z,ANA,2026-07-31T07:23:51.000Z
4609,87165001,303.00,3.030,2026-07-31T03:45:00.000Z,ANA,2026-07-31T07:23:53.000Z
4613,87163000,528.00,5.280,2026-07-31T03:45:00.000Z,ANA,2026-07-31T09:52:38.000Z
4577,87150000,299.00,2.990,2026-07-31T03:30:00.000Z,ANA,2026-07-31T07:23:51.000Z
4582,87170000,1060.00,10.600,2026-07-31T03:30:00.000Z,ANA,2026-07-31T07:23:51.000Z
4588,87270000,740.00,7.400,2026-07-31T03:30:00.000Z,ANA,2026-07-31T07:23:51.000Z
4596,87168590,625.00,6.250,2026-07-31T03:30:00.000Z,ANA,2026-07-31T07:23:51.000Z
4608,87165001,304.00,3.040,2026-07-31T03:30:00.000Z,ANA,2026-07-31T07:23:53.000Z
4612,87163000,529.00,5.290,2026-07-31T03:30:00.000Z,ANA,2026-07-31T09:52:38.000Z
4576,87150000,300.00,3.000,2026-07-31T03:15:00.000Z,ANA,2026-07-31T07:23:51.000Z
4581,87170000,1062.00,10.620,2026-07-31T03:15:00.000Z,ANA,2026-07-31T07:23:51.000Z
4587,87270000,741.00,7.410,2026-07-31T03:15:00.000Z,ANA,2026-07-31T07:23:51.000Z
4595,87168590,626.00,6.260,2026-07-31T03:15:00.000Z,ANA,2026-07-31T07:23:51.000Z
4607,87165001,305.00,3.050,2026-07-31T03:15:00.000Z,ANA,2026-07-31T07:23:53.000Z
4611,87163000,529.00,5.290,2026-07-31T03:15:00.000Z,ANA,2026-07-31T09:52:38.000Z
4575,87150000,300.00,3.000,2026-07-31T03:00:00.000Z,ANA,2026-07-31T07:23:51.000Z
4580,87170000,1064.00,10.640,2026-07-31T03:00:00.000Z,ANA,2026-07-31T07:23:51.000Z
4586,87270000,742.00,7.420,2026-07-31T03:00:00.000Z,ANA,2026-07-31T07:23:51.000Z
4594,87168590,629.00,6.290,2026-07-31T03:00:00.000Z,ANA,2026-07-31T07:23:51.000Z
4602,87163000,530.00,5.300,2026-07-31T03:00:00.000Z,ANA,2026-07-31T07:23:52.000Z
4606,87165001,307.00,3.070,2026-07-31T03:00:00.000Z,ANA,2026-07-31T07:23:53.000Z
4566,87150000,301.00,3.010,2026-07-31T02:45:00.000Z,ANA,2026-07-31T05:58:43.000Z
4579,87170000,1068.00,10.680,2026-07-31T02:45:00.000Z,ANA,2026-07-31T07:23:51.000Z
4585,87270000,742.00,7.420,2026-07-31T02:45:00.000Z,ANA,2026-07-31T07:23:51.000Z
4593,87168590,630.00,6.300,2026-07-31T02:45:00.000Z,ANA,2026-07-31T07:23:51.000Z
4601,87163000,531.00,5.310,2026-07-31T02:45:00.000Z,ANA,2026-07-31T07:23:52.000Z
4605,87165001,307.00,3.070,2026-07-31T02:45:00.000Z,ANA,2026-07-31T07:23:53.000Z
4565,87150000,301.00,3.010,2026-07-31T02:30:00.000Z,ANA,2026-07-31T05:58:43.000Z
4572,87270000,743.00,7.430,2026-07-31T02:30:00.000Z,ANA,2026-07-31T05:58:43.000Z
4574,87170000,1070.00,10.700,2026-07-31T02:30:00.000Z,ANA,2026-07-31T05:58:43.000Z
4592,87168590,633.00,6.330,2026-07-31T02:30:00.000Z,ANA,2026-07-31T07:23:51.000Z
4600,87163000,532.00,5.320,2026-07-31T02:30:00.000Z,ANA,2026-07-31T07:23:52.000Z
4604,87165001,308.00,3.080,2026-07-31T02:30:00.000Z,ANA,2026-07-31T07:23:53.000Z
4564,87150000,302.00,3.020,2026-07-31T02:15:00.000Z,ANA,2026-07-31T05:58:43.000Z
4571,87270000,743.00,7.430,2026-07-31T02:15:00.000Z,ANA,2026-07-31T05:58:43.000Z
4573,87170000,1073.00,10.730,2026-07-31T02:15:00.000Z,ANA,2026-07-31T05:58:43.000Z
4591,87168590,636.00,6.360,2026-07-31T02:15:00.000Z,ANA,2026-07-31T07:23:51.000Z
4599,87163000,532.00,5.320,2026-07-31T02:15:00.000Z,ANA,2026-07-31T07:23:52.000Z
4603,87165001,309.00,3.090,2026-07-31T02:15:00.000Z,ANA,2026-07-31T07:23:53.000Z
4522,87168590,637.00,6.370,2026-07-31T02:00:00.000Z,ANA,2026-07-31T05:26:00.000Z
4530,87270000,744.00,7.440,2026-07-31T02:00:00.000Z,ANA,2026-07-31T05:26:00.000Z
4538,87170000,1075.00,10.750,2026-07-31T02:00:00.000Z,ANA,2026-07-31T05:26:00.000Z
4546,87165001,310.00,3.100,2026-07-31T02:00:00.000Z,ANA,2026-07-31T05:26:00.000Z
4563,87150000,302.00,3.020,2026-07-31T02:00:00.000Z,ANA,2026-07-31T05:58:43.000Z
4570,87163000,533.00,5.330,2026-07-31T02:00:00.000Z,ANA,2026-07-31T05:58:43.000Z
4521,87168590,639.00,6.390,2026-07-31T01:45:00.000Z,ANA,2026-07-31T05:26:00.000Z
4529,87270000,744.00,7.440,2026-07-31T01:45:00.000Z,ANA,2026-07-31T05:26:00.000Z
4537,87170000,1079.00,10.790,2026-07-31T01:45:00.000Z,ANA,2026-07-31T05:26:00.000Z
4545,87165001,309.00,3.090,2026-07-31T01:45:00.000Z,ANA,2026-07-31T05:26:00.000Z
4562,87150000,303.00,3.030,2026-07-31T01:45:00.000Z,ANA,2026-07-31T05:26:02.000Z
4569,87163000,534.00,5.340,2026-07-31T01:45:00.000Z,ANA,2026-07-31T05:58:43.000Z
4520,87168590,640.00,6.400,2026-07-31T01:30:00.000Z,ANA,2026-07-31T05:26:00.000Z
4528,87270000,745.00,7.450,2026-07-31T01:30:00.000Z,ANA,2026-07-31T05:26:00.000Z
4536,87170000,1082.00,10.820,2026-07-31T01:30:00.000Z,ANA,2026-07-31T05:26:00.000Z
4544,87165001,312.00,3.120,2026-07-31T01:30:00.000Z,ANA,2026-07-31T05:26:00.000Z
4561,87150000,304.00,3.040,2026-07-31T01:30:00.000Z,ANA,2026-07-31T05:26:02.000Z
4568,87163000,535.00,5.350,2026-07-31T01:30:00.000Z,ANA,2026-07-31T05:58:43.000Z
4519,87168590,643.00,6.430,2026-07-31T01:15:00.000Z,ANA,2026-07-31T05:26:00.000Z
4527,87270000,746.00,7.460,2026-07-31T01:15:00.000Z,ANA,2026-07-31T05:26:00.000Z
4535,87170000,1084.00,10.840,2026-07-31T01:15:00.000Z,ANA,2026-07-31T05:26:00.000Z
4543,87165001,312.00,3.120,2026-07-31T01:15:00.000Z,ANA,2026-07-31T05:26:00.000Z
4560,87150000,304.00,3.040,2026-07-31T01:15:00.000Z,ANA,2026-07-31T05:26:02.000Z
4567,87163000,535.00,5.350,2026-07-31T01:15:00.000Z,ANA,2026-07-31T05:58:43.000Z
4518,87168590,644.00,6.440,2026-07-31T01:00:00.000Z,ANA,2026-07-31T05:26:00.000Z
4526,87270000,747.00,7.470,2026-07-31T01:00:00.000Z,ANA,2026-07-31T05:26:00.000Z
4534,87170000,1086.00,10.860,2026-07-31T01:00:00.000Z,ANA,2026-07-31T05:26:00.000Z
4542,87165001,312.00,3.120,2026-07-31T01:00:00.000Z,ANA,2026-07-31T05:26:00.000Z
4554,87163000,536.00,5.360,2026-07-31T01:00:00.000Z,ANA,2026-07-31T05:26:00.000Z
4559,87150000,304.00,3.040,2026-07-31T01:00:00.000Z,ANA,2026-07-31T05:26:02.000Z
4517,87168590,648.00,6.480,2026-07-31T00:45:00.000Z,ANA,2026-07-31T05:26:00.000Z
4525,87270000,747.00,7.470,2026-07-31T00:45:00.000Z,ANA,2026-07-31T05:26:00.000Z
4533,87170000,1090.00,10.900,2026-07-31T00:45:00.000Z,ANA,2026-07-31T05:26:00.000Z
4541,87165001,314.00,3.140,2026-07-31T00:45:00.000Z,ANA,2026-07-31T05:26:00.000Z
4553,87163000,538.00,5.380,2026-07-31T00:45:00.000Z,ANA,2026-07-31T05:26:00.000Z
4558,87150000,305.00,3.050,2026-07-31T00:45:00.000Z,ANA,2026-07-31T05:26:02.000Z
4516,87168590,650.00,6.500,2026-07-31T00:30:00.000Z,ANA,2026-07-31T05:26:00.000Z
4524,87270000,749.00,7.490,2026-07-31T00:30:00.000Z,ANA,2026-07-31T05:26:00.000Z
4532,87170000,1093.00,10.930,2026-07-31T00:30:00.000Z,ANA,2026-07-31T05:26:00.000Z
4540,87165001,314.00,3.140,2026-07-31T00:30:00.000Z,ANA,2026-07-31T05:26:00.000Z
4552,87163000,538.00,5.380,2026-07-31T00:30:00.000Z,ANA,2026-07-31T05:26:00.000Z
4557,87150000,305.00,3.050,2026-07-31T00:30:00.000Z,ANA,2026-07-31T05:26:02.000Z
4515,87168590,651.00,6.510,2026-07-31T00:15:00.000Z,ANA,2026-07-31T05:26:00.000Z
4523,87270000,747.00,7.470,2026-07-31T00:15:00.000Z,ANA,2026-07-31T05:26:00.000Z
4531,87170000,1095.00,10.950,2026-07-31T00:15:00.000Z,ANA,2026-07-31T05:26:00.000Z
4539,87165001,315.00,3.150,2026-07-31T00:15:00.000Z,ANA,2026-07-31T05:26:00.000Z
4551,87163000,539.00,5.390,2026-07-31T00:15:00.000Z,ANA,2026-07-31T05:26:00.000Z
4556,87150000,306.00,3.060,2026-07-31T00:15:00.000Z,ANA,2026-07-31T05:26:02.000Z
4474,87168590,653.00,6.530,2026-07-31T00:00:00.000Z,ANA,2026-07-31T03:29:47.000Z
4482,87270000,749.00,7.490,2026-07-31T00:00:00.000Z,ANA,2026-07-31T03:29:47.000Z
4498,87170000,1099.00,10.990,2026-07-31T00:00:00.000Z,ANA,2026-07-31T03:29:47.000Z
4506,87165001,317.00,3.170,2026-07-31T00:00:00.000Z,ANA,2026-07-31T03:29:47.000Z
4550,87163000,539.00,5.390,2026-07-31T00:00:00.000Z,ANA,2026-07-31T05:26:00.000Z
4555,87150000,307.00,3.070,2026-07-31T00:00:00.000Z,ANA,2026-07-31T05:26:02.000Z
4473,87168590,656.00,6.560,2026-07-30T23:45:00.000Z,ANA,2026-07-31T03:29:47.000Z
4481,87270000,750.00,7.500,2026-07-30T23:45:00.000Z,ANA,2026-07-31T03:29:47.000Z
4497,87170000,1101.00,11.010,2026-07-30T23:45:00.000Z,ANA,2026-07-31T03:29:47.000Z
4505,87165001,317.00,3.170,2026-07-30T23:45:00.000Z,ANA,2026-07-31T03:29:47.000Z
4514,87150000,307.00,3.070,2026-07-30T23:45:00.000Z,ANA,2026-07-31T03:29:49.000Z
4549,87163000,541.00,5.410,2026-07-30T23:45:00.000Z,ANA,2026-07-31T05:26:00.000Z
4472,87168590,658.00,6.580,2026-07-30T23:30:00.000Z,ANA,2026-07-31T03:29:47.000Z
4480,87270000,750.00,7.500,2026-07-30T23:30:00.000Z,ANA,2026-07-31T03:29:47.000Z
4496,87170000,1104.00,11.040,2026-07-30T23:30:00.000Z,ANA,2026-07-31T03:29:47.000Z
4504,87165001,318.00,3.180,2026-07-30T23:30:00.000Z,ANA,2026-07-31T03:29:47.000Z
4513,87150000,308.00,3.080,2026-07-30T23:30:00.000Z,ANA,2026-07-31T03:29:49.000Z
4548,87163000,541.00,5.410,2026-07-30T23:30:00.000Z,ANA,2026-07-31T05:26:00.000Z
4471,87168590,662.00,6.620,2026-07-30T23:15:00.000Z,ANA,2026-07-31T03:29:47.000Z
4479,87270000,752.00,7.520,2026-07-30T23:15:00.000Z,ANA,2026-07-31T03:29:47.000Z
4495,87170000,1106.00,11.060,2026-07-30T23:15:00.000Z,ANA,2026-07-31T03:29:47.000Z
4503,87165001,320.00,3.200,2026-07-30T23:15:00.000Z,ANA,2026-07-31T03:29:47.000Z
4512,87150000,308.00,3.080,2026-07-30T23:15:00.000Z,ANA,2026-07-31T03:29:49.000Z
4547,87163000,542.00,5.420,2026-07-30T23:15:00.000Z,ANA,2026-07-31T05:26:00.000Z
4470,87168590,664.00,6.640,2026-07-30T23:00:00.000Z,ANA,2026-07-31T03:29:47.000Z
4478,87270000,753.00,7.530,2026-07-30T23:00:00.000Z,ANA,2026-07-31T03:29:47.000Z
4490,87163000,543.00,5.430,2026-07-30T23:00:00.000Z,ANA,2026-07-31T03:29:47.000Z
4494,87170000,1110.00,11.100,2026-07-30T23:00:00.000Z,ANA,2026-07-31T03:29:47.000Z
4502,87165001,320.00,3.200,2026-07-30T23:00:00.000Z,ANA,2026-07-31T03:29:47.000Z
4511,87150000,309.00,3.090,2026-07-30T23:00:00.000Z,ANA,2026-07-31T03:29:49.000Z
4469,87168590,665.00,6.650,2026-07-30T22:45:00.000Z,ANA,2026-07-31T03:29:47.000Z
4477,87270000,753.00,7.530,2026-07-30T22:45:00.000Z,ANA,2026-07-31T03:29:47.000Z
4489,87163000,544.00,5.440,2026-07-30T22:45:00.000Z,ANA,2026-07-31T03:29:47.000Z
4493,87170000,1112.00,11.120,2026-07-30T22:45:00.000Z,ANA,2026-07-31T03:29:47.000Z
4501,87165001,322.00,3.220,2026-07-30T22:45:00.000Z,ANA,2026-07-31T03:29:47.000Z
4510,87150000,309.00,3.090,2026-07-30T22:45:00.000Z,ANA,2026-07-31T03:29:49.000Z
4468,87168590,670.00,6.700,2026-07-30T22:30:00.000Z,ANA,2026-07-31T03:29:47.000Z
4476,87270000,753.00,7.530,2026-07-30T22:30:00.000Z,ANA,2026-07-31T03:29:47.000Z
4488,87163000,545.00,5.450,2026-07-30T22:30:00.000Z,ANA,2026-07-31T03:29:47.000Z
4492,87170000,1116.00,11.160,2026-07-30T22:30:00.000Z,ANA,2026-07-31T03:29:47.000Z
4500,87165001,322.00,3.220,2026-07-30T22:30:00.000Z,ANA,2026-07-31T03:29:47.000Z
4509,87150000,310.00,3.100,2026-07-30T22:30:00.000Z,ANA,2026-07-31T03:29:49.000Z
4467,87168590,671.00,6.710,2026-07-30T22:15:00.000Z,ANA,2026-07-31T03:29:47.000Z
4475,87270000,755.00,7.550,2026-07-30T22:15:00.000Z,ANA,2026-07-31T03:29:47.000Z
4487,87163000,545.00,5.450,2026-07-30T22:15:00.000Z,ANA,2026-07-31T03:29:47.000Z
4491,87170000,1119.00,11.190,2026-07-30T22:15:00.000Z,ANA,2026-07-31T03:29:47.000Z
4499,87165001,323.00,3.230,2026-07-30T22:15:00.000Z,ANA,2026-07-31T03:29:47.000Z
4508,87150000,311.00,3.110,2026-07-30T22:15:00.000Z,ANA,2026-07-31T03:29:49.000Z
4460,87165001,324.00,3.240,2026-07-30T22:00:00.000Z,ANA,2026-07-31T01:18:23.000Z
4464,87168590,674.00,6.740,2026-07-30T22:00:00.000Z,ANA,2026-07-31T01:18:24.000Z
4465,87170000,1121.00,11.210,2026-07-30T22:00:00.000Z,ANA,2026-07-31T01:25:31.000Z
4466,87270000,754.00,7.540,2026-07-30T22:00:00.000Z,ANA,2026-07-31T01:25:32.000Z
4486,87163000,547.00,5.470,2026-07-30T22:00:00.000Z,ANA,2026-07-31T03:29:47.000Z
4507,87150000,311.00,3.110,2026-07-30T22:00:00.000Z,ANA,2026-07-31T03:29:49.000Z
4446,87270000,756.00,7.560,2026-07-30T21:45:00.000Z,ANA,2026-07-31T01:02:40.000Z
4450,87150000,312.00,3.120,2026-07-30T21:45:00.000Z,ANA,2026-07-31T01:02:40.000Z
4452,87170000,1124.00,11.240,2026-07-30T21:45:00.000Z,ANA,2026-07-31T01:02:40.000Z
4459,87165001,325.00,3.250,2026-07-30T21:45:00.000Z,ANA,2026-07-31T01:18:23.000Z
4463,87168590,676.00,6.760,2026-07-30T21:45:00.000Z,ANA,2026-07-31T01:18:24.000Z
4485,87163000,547.00,5.470,2026-07-30T21:45:00.000Z,ANA,2026-07-31T03:29:47.000Z
4445,87270000,755.00,7.550,2026-07-30T21:30:00.000Z,ANA,2026-07-31T01:02:40.000Z
4449,87150000,312.00,3.120,2026-07-30T21:30:00.000Z,ANA,2026-07-31T01:02:40.000Z
4451,87170000,1128.00,11.280,2026-07-30T21:30:00.000Z,ANA,2026-07-31T01:02:40.000Z
4458,87165001,326.00,3.260,2026-07-30T21:30:00.000Z,ANA,2026-07-31T01:18:23.000Z
4462,87168590,680.00,6.800,2026-07-30T21:30:00.000Z,ANA,2026-07-31T01:18:24.000Z
4484,87163000,548.00,5.480,2026-07-30T21:30:00.000Z,ANA,2026-07-31T03:29:47.000Z
4442,87170000,1133.00,11.330,2026-07-30T21:15:00.000Z,ANA,2026-07-31T00:31:50.000Z
4444,87270000,757.00,7.570,2026-07-30T21:15:00.000Z,ANA,2026-07-31T00:31:51.000Z
4448,87150000,313.00,3.130,2026-07-30T21:15:00.000Z,ANA,2026-07-31T01:02:40.000Z
4457,87165001,327.00,3.270,2026-07-30T21:15:00.000Z,ANA,2026-07-31T01:18:23.000Z
4461,87168590,682.00,6.820,2026-07-30T21:15:00.000Z,ANA,2026-07-31T01:18:24.000Z
4483,87163000,549.00,5.490,2026-07-30T21:15:00.000Z,ANA,2026-07-31T03:29:47.000Z
4436,87168590,686.00,6.860,2026-07-30T21:00:00.000Z,ANA,2026-07-31T00:12:40.000Z
4440,87165001,328.00,3.280,2026-07-30T21:00:00.000Z,ANA,2026-07-31T00:12:42.000Z
4441,87170000,1133.00,11.330,2026-07-30T21:00:00.000Z,ANA,2026-07-31T00:31:50.000Z
4443,87270000,757.00,7.570,2026-07-30T21:00:00.000Z,ANA,2026-07-31T00:31:51.000Z
4447,87150000,314.00,3.140,2026-07-30T21:00:00.000Z,ANA,2026-07-31T01:02:40.000Z
4456,87163000,550.00,5.500,2026-07-30T21:00:00.000Z,ANA,2026-07-31T01:02:41.000Z
4429,87150000,314.00,3.140,2026-07-30T20:45:00.000Z,ANA,2026-07-30T23:55:53.000Z
4431,87270000,758.00,7.580,2026-07-30T20:45:00.000Z,ANA,2026-07-31T00:04:46.000Z
4432,87170000,1136.00,11.360,2026-07-30T20:45:00.000Z,ANA,2026-07-31T00:04:48.000Z
4435,87168590,688.00,6.880,2026-07-30T20:45:00.000Z,ANA,2026-07-31T00:12:40.000Z
4439,87165001,329.00,3.290,2026-07-30T20:45:00.000Z,ANA,2026-07-31T00:12:42.000Z
4455,87163000,551.00,5.510,2026-07-30T20:45:00.000Z,ANA,2026-07-31T01:02:41.000Z
4421,87170000,1140.00,11.400,2026-07-30T20:30:00.000Z,ANA,2026-07-30T23:55:53.000Z
4428,87150000,315.00,3.150,2026-07-30T20:30:00.000Z,ANA,2026-07-30T23:55:53.000Z
4430,87270000,758.00,7.580,2026-07-30T20:30:00.000Z,ANA,2026-07-30T23:55:53.000Z
4434,87168590,691.00,6.910,2026-07-30T20:30:00.000Z,ANA,2026-07-31T00:12:40.000Z
4438,87165001,331.00,3.310,2026-07-30T20:30:00.000Z,ANA,2026-07-31T00:12:42.000Z
4454,87163000,552.00,5.520,2026-07-30T20:30:00.000Z,ANA,2026-07-31T01:02:41.000Z
4418,87170000,1142.00,11.420,2026-07-30T20:15:00.000Z,ANA,2026-07-30T23:37:02.000Z
4420,87270000,759.00,7.590,2026-07-30T20:15:00.000Z,ANA,2026-07-30T23:37:02.000Z
4427,87150000,316.00,3.160,2026-07-30T20:15:00.000Z,ANA,2026-07-30T23:55:53.000Z
4433,87168590,693.00,6.930,2026-07-30T20:15:00.000Z,ANA,2026-07-31T00:12:40.000Z
4437,87165001,331.00,3.310,2026-07-30T20:15:00.000Z,ANA,2026-07-31T00:12:42.000Z
4453,87163000,553.00,5.530,2026-07-30T20:15:00.000Z,ANA,2026-07-31T01:02:41.000Z
4412,87165001,333.00,3.330,2026-07-30T20:00:00.000Z,ANA,2026-07-30T23:19:04.000Z
4416,87168590,697.00,6.970,2026-07-30T20:00:00.000Z,ANA,2026-07-30T23:19:06.000Z
4417,87170000,1145.00,11.450,2026-07-30T20:00:00.000Z,ANA,2026-07-30T23:37:02.000Z
4419,87270000,759.00,7.590,2026-07-30T20:00:00.000Z,ANA,2026-07-30T23:37:02.000Z
4425,87163000,554.00,5.540,2026-07-30T20:00:00.000Z,ANA,2026-07-30T23:55:53.000Z
4426,87150000,316.00,3.160,2026-07-30T20:00:00.000Z,ANA,2026-07-30T23:55:53.000Z
4406,87150000,318.00,3.180,2026-07-30T19:45:00.000Z,ANA,2026-07-30T22:51:44.000Z
4407,87270000,759.00,7.590,2026-07-30T19:45:00.000Z,ANA,2026-07-30T23:01:31.000Z
4408,87170000,1148.00,11.480,2026-07-30T19:45:00.000Z,ANA,2026-07-30T23:01:35.000Z
4411,87165001,334.00,3.340,2026-07-30T19:45:00.000Z,ANA,2026-07-30T23:19:04.000Z
4415,87168590,699.00,6.990,2026-07-30T19:45:00.000Z,ANA,2026-07-30T23:19:06.000Z
4424,87163000,555.00,5.550,2026-07-30T19:45:00.000Z,ANA,2026-07-30T23:55:53.000Z
4397,87170000,1151.00,11.510,2026-07-30T19:30:00.000Z,ANA,2026-07-30T22:51:44.000Z
4398,87270000,760.00,7.600,2026-07-30T19:30:00.000Z,ANA,2026-07-30T22:51:44.000Z
4405,87150000,318.00,3.180,2026-07-30T19:30:00.000Z,ANA,2026-07-30T22:51:44.000Z
4410,87165001,334.00,3.340,2026-07-30T19:30:00.000Z,ANA,2026-07-30T23:19:04.000Z
4414,87168590,702.00,7.020,2026-07-30T19:30:00.000Z,ANA,2026-07-30T23:19:06.000Z
4423,87163000,556.00,5.560,2026-07-30T19:30:00.000Z,ANA,2026-07-30T23:55:53.000Z
4395,87170000,1154.00,11.540,2026-07-30T19:15:00.000Z,ANA,2026-07-30T22:36:52.000Z
4396,87270000,761.00,7.610,2026-07-30T19:15:00.000Z,ANA,2026-07-30T22:36:54.000Z
4404,87150000,319.00,3.190,2026-07-30T19:15:00.000Z,ANA,2026-07-30T22:51:44.000Z
4409,87165001,336.00,3.360,2026-07-30T19:15:00.000Z,ANA,2026-07-30T23:19:04.000Z
4413,87168590,706.00,7.060,2026-07-30T19:15:00.000Z,ANA,2026-07-30T23:19:06.000Z
4422,87163000,557.00,5.570,2026-07-30T19:15:00.000Z,ANA,2026-07-30T23:55:53.000Z
1427,87165001,336.00,3.360,2026-07-30T19:00:00.000Z,ANA,2026-07-30T22:22:13.000Z
2920,87170000,1157.00,11.570,2026-07-30T19:00:00.000Z,ANA,2026-07-30T22:22:14.000Z
3668,87270000,762.00,7.620,2026-07-30T19:00:00.000Z,ANA,2026-07-30T22:22:15.000Z
4394,87168590,708.00,7.080,2026-07-30T19:00:00.000Z,ANA,2026-07-30T22:22:16.000Z
4402,87163000,558.00,5.580,2026-07-30T19:00:00.000Z,ANA,2026-07-30T22:51:44.000Z
4403,87150000,319.00,3.190,2026-07-30T19:00:00.000Z,ANA,2026-07-30T22:51:44.000Z
731,87150000,320.00,3.200,2026-07-30T18:45:00.000Z,ANA,2026-07-30T22:22:13.000Z
1426,87165001,338.00,3.380,2026-07-30T18:45:00.000Z,ANA,2026-07-30T22:22:13.000Z
2919,87170000,1159.00,11.590,2026-07-30T18:45:00.000Z,ANA,2026-07-30T22:22:14.000Z
3667,87270000,761.00,7.610,2026-07-30T18:45:00.000Z,ANA,2026-07-30T22:22:15.000Z
4393,87168590,712.00,7.120,2026-07-30T18:45:00.000Z,ANA,2026-07-30T22:22:16.000Z
4401,87163000,559.00,5.590,2026-07-30T18:45:00.000Z,ANA,2026-07-30T22:51:44.000Z
730,87150000,321.00,3.210,2026-07-30T18:30:00.000Z,ANA,2026-07-30T22:22:13.000Z
1425,87165001,339.00,3.390,2026-07-30T18:30:00.000Z,ANA,2026-07-30T22:22:13.000Z
2918,87170000,1163.00,11.630,2026-07-30T18:30:00.000Z,ANA,2026-07-30T22:22:14.000Z
3666,87270000,762.00,7.620,2026-07-30T18:30:00.000Z,ANA,2026-07-30T22:22:15.000Z
4392,87168590,714.00,7.140,2026-07-30T18:30:00.000Z,ANA,2026-07-30T22:22:16.000Z
4400,87163000,560.00,5.600,2026-07-30T18:30:00.000Z,ANA,2026-07-30T22:51:44.000Z
729,87150000,321.00,3.210,2026-07-30T18:15:00.000Z,ANA,2026-07-30T22:22:13.000Z
1424,87165001,340.00,3.400,2026-07-30T18:15:00.000Z,ANA,2026-07-30T22:22:13.000Z
2917,87170000,1166.00,11.660,2026-07-30T18:15:00.000Z,ANA,2026-07-30T22:22:14.000Z
3665,87270000,762.00,7.620,2026-07-30T18:15:00.000Z,ANA,2026-07-30T22:22:15.000Z
4391,87168590,719.00,7.190,2026-07-30T18:15:00.000Z,ANA,2026-07-30T22:22:16.000Z
4399,87163000,560.00,5.600,2026-07-30T18:15:00.000Z,ANA,2026-07-30T22:51:44.000Z
728,87150000,322.00,3.220,2026-07-30T18:00:00.000Z,ANA,2026-07-30T22:22:13.000Z
1423,87165001,341.00,3.410,2026-07-30T18:00:00.000Z,ANA,2026-07-30T22:22:13.000Z
2172,87163000,562.00,5.620,2026-07-30T18:00:00.000Z,ANA,2026-07-30T22:22:13.000Z
2916,87170000,1167.00,11.670,2026-07-30T18:00:00.000Z,ANA,2026-07-30T22:22:14.000Z
3664,87270000,763.00,7.630,2026-07-30T18:00:00.000Z,ANA,2026-07-30T22:22:15.000Z
4390,87168590,722.00,7.220,2026-07-30T18:00:00.000Z,ANA,2026-07-30T22:22:16.000Z
727,87150000,323.00,3.230,2026-07-30T17:45:00.000Z,ANA,2026-07-30T22:22:13.000Z
1422,87165001,343.00,3.430,2026-07-30T17:45:00.000Z,ANA,2026-07-30T22:22:13.000Z
2171,87163000,563.00,5.630,2026-07-30T17:45:00.000Z,ANA,2026-07-30T22:22:13.000Z
2915,87170000,1171.00,11.710,2026-07-30T17:45:00.000Z,ANA,2026-07-30T22:22:14.000Z
3663,87270000,764.00,7.640,2026-07-30T17:45:00.000Z,ANA,2026-07-30T22:22:15.000Z
4389,87168590,724.00,7.240,2026-07-30T17:45:00.000Z,ANA,2026-07-30T22:22:16.000Z
726,87150000,324.00,3.240,2026-07-30T17:30:00.000Z,ANA,2026-07-30T22:22:13.000Z
1421,87165001,344.00,3.440,2026-07-30T17:30:00.000Z,ANA,2026-07-30T22:22:13.000Z
2170,87163000,564.00,5.640,2026-07-30T17:30:00.000Z,ANA,2026-07-30T22:22:13.000Z
2914,87170000,1174.00,11.740,2026-07-30T17:30:00.000Z,ANA,2026-07-30T22:22:14.000Z
3662,87270000,764.00,7.640,2026-07-30T17:30:00.000Z,ANA,2026-07-30T22:22:15.000Z
4388,87168590,726.00,7.260,2026-07-30T17:30:00.000Z,ANA,2026-07-30T22:22:16.000Z
725,87150000,324.00,3.240,2026-07-30T17:15:00.000Z,ANA,2026-07-30T22:22:13.000Z
1420,87165001,345.00,3.450,2026-07-30T17:15:00.000Z,ANA,2026-07-30T22:22:13.000Z
2169,87163000,565.00,5.650,2026-07-30T17:15:00.000Z,ANA,2026-07-30T22:22:13.000Z
2913,87170000,1177.00,11.770,2026-07-30T17:15:00.000Z,ANA,2026-07-30T22:22:14.000Z
3661,87270000,764.00,7.640,2026-07-30T17:15:00.000Z,ANA,2026-07-30T22:22:15.000Z
4387,87168590,730.00,7.300,2026-07-30T17:15:00.000Z,ANA,2026-07-30T22:22:16.000Z
724,87150000,325.00,3.250,2026-07-30T17:00:00.000Z,ANA,2026-07-30T22:22:13.000Z
1419,87165001,347.00,3.470,2026-07-30T17:00:00.000Z,ANA,2026-07-30T22:22:13.000Z
2168,87163000,565.00,5.650,2026-07-30T17:00:00.000Z,ANA,2026-07-30T22:22:13.000Z
2912,87170000,1180.00,11.800,2026-07-30T17:00:00.000Z,ANA,2026-07-30T22:22:14.000Z
3660,87270000,765.00,7.650,2026-07-30T17:00:00.000Z,ANA,2026-07-30T22:22:15.000Z
4386,87168590,735.00,7.350,2026-07-30T17:00:00.000Z,ANA,2026-07-30T22:22:16.000Z
723,87150000,325.00,3.250,2026-07-30T16:45:00.000Z,ANA,2026-07-30T22:22:13.000Z
1418,87165001,348.00,3.480,2026-07-30T16:45:00.000Z,ANA,2026-07-30T22:22:13.000Z
2167,87163000,567.00,5.670,2026-07-30T16:45:00.000Z,ANA,2026-07-30T22:22:13.000Z
2911,87170000,1183.00,11.830,2026-07-30T16:45:00.000Z,ANA,2026-07-30T22:22:14.000Z
3659,87270000,765.00,7.650,2026-07-30T16:45:00.000Z,ANA,2026-07-30T22:22:15.000Z
4385,87168590,737.00,7.370,2026-07-30T16:45:00.000Z,ANA,2026-07-30T22:22:16.000Z
722,87150000,327.00,3.270,2026-07-30T16:30:00.000Z,ANA,2026-07-30T22:22:13.000Z
1417,87165001,349.00,3.490,2026-07-30T16:30:00.000Z,ANA,2026-07-30T22:22:13.000Z
2166,87163000,568.00,5.680,2026-07-30T16:30:00.000Z,ANA,2026-07-30T22:22:13.000Z
2910,87170000,1185.00,11.850,2026-07-30T16:30:00.000Z,ANA,2026-07-30T22:22:14.000Z
3658,87270000,765.00,7.650,2026-07-30T16:30:00.000Z,ANA,2026-07-30T22:22:15.000Z
4384,87168590,740.00,7.400,2026-07-30T16:30:00.000Z,ANA,2026-07-30T22:22:16.000Z
721,87150000,327.00,3.270,2026-07-30T16:15:00.000Z,ANA,2026-07-30T22:22:13.000Z
1416,87165001,350.00,3.500,2026-07-30T16:15:00.000Z,ANA,2026-07-30T22:22:13.000Z
2165,87163000,569.00,5.690,2026-07-30T16:15:00.000Z,ANA,2026-07-30T22:22:13.000Z
2909,87170000,1188.00,11.880,2026-07-30T16:15:00.000Z,ANA,2026-07-30T22:22:14.000Z
3657,87270000,765.00,7.650,2026-07-30T16:15:00.000Z,ANA,2026-07-30T22:22:15.000Z
4383,87168590,744.00,7.440,2026-07-30T16:15:00.000Z,ANA,2026-07-30T22:22:16.000Z
720,87150000,327.00,3.270,2026-07-30T16:00:00.000Z,ANA,2026-07-30T22:22:13.000Z
1415,87165001,352.00,3.520,2026-07-30T16:00:00.000Z,ANA,2026-07-30T22:22:13.000Z
2164,87163000,570.00,5.700,2026-07-30T16:00:00.000Z,ANA,2026-07-30T22:22:13.000Z
2908,87170000,1190.00,11.900,2026-07-30T16:00:00.000Z,ANA,2026-07-30T22:22:14.000Z
3656,87270000,765.00,7.650,2026-07-30T16:00:00.000Z,ANA,2026-07-30T22:22:15.000Z
4382,87168590,746.00,7.460,2026-07-30T16:00:00.000Z,ANA,2026-07-30T22:22:16.000Z
719,87150000,328.00,3.280,2026-07-30T15:45:00.000Z,ANA,2026-07-30T22:22:13.000Z
1414,87165001,352.00,3.520,2026-07-30T15:45:00.000Z,ANA,2026-07-30T22:22:13.000Z
2163,87163000,571.00,5.710,2026-07-30T15:45:00.000Z,ANA,2026-07-30T22:22:13.000Z
2907,87170000,1193.00,11.930,2026-07-30T15:45:00.000Z,ANA,2026-07-30T22:22:14.000Z
3655,87270000,766.00,7.660,2026-07-30T15:45:00.000Z,ANA,2026-07-30T22:22:15.000Z
4381,87168590,749.00,7.490,2026-07-30T15:45:00.000Z,ANA,2026-07-30T22:22:16.000Z
718,87150000,329.00,3.290,2026-07-30T15:30:00.000Z,ANA,2026-07-30T22:22:13.000Z
1413,87165001,354.00,3.540,2026-07-30T15:30:00.000Z,ANA,2026-07-30T22:22:13.000Z
2162,87163000,572.00,5.720,2026-07-30T15:30:00.000Z,ANA,2026-07-30T22:22:13.000Z
2906,87170000,1196.00,11.960,2026-07-30T15:30:00.000Z,ANA,2026-07-30T22:22:14.000Z
3654,87270000,766.00,7.660,2026-07-30T15:30:00.000Z,ANA,2026-07-30T22:22:15.000Z
4380,87168590,754.00,7.540,2026-07-30T15:30:00.000Z,ANA,2026-07-30T22:22:16.000Z
717,87150000,330.00,3.300,2026-07-30T15:15:00.000Z,ANA,2026-07-30T22:22:13.000Z
1412,87165001,355.00,3.550,2026-07-30T15:15:00.000Z,ANA,2026-07-30T22:22:13.000Z
2161,87163000,573.00,5.730,2026-07-30T15:15:00.000Z,ANA,2026-07-30T22:22:13.000Z
2905,87170000,1199.00,11.990,2026-07-30T15:15:00.000Z,ANA,2026-07-30T22:22:14.000Z
3653,87270000,767.00,7.670,2026-07-30T15:15:00.000Z,ANA,2026-07-30T22:22:15.000Z
4379,87168590,760.00,7.600,2026-07-30T15:15:00.000Z,ANA,2026-07-30T22:22:16.000Z
716,87150000,331.00,3.310,2026-07-30T15:00:00.000Z,ANA,2026-07-30T22:22:13.000Z
1411,87165001,356.00,3.560,2026-07-30T15:00:00.000Z,ANA,2026-07-30T22:22:13.000Z
2160,87163000,574.00,5.740,2026-07-30T15:00:00.000Z,ANA,2026-07-30T22:22:13.000Z
2904,87170000,1202.00,12.020,2026-07-30T15:00:00.000Z,ANA,2026-07-30T22:22:14.000Z
3652,87270000,766.00,7.660,2026-07-30T15:00:00.000Z,ANA,2026-07-30T22:22:15.000Z
4378,87168590,763.00,7.630,2026-07-30T15:00:00.000Z,ANA,2026-07-30T22:22:16.000Z
715,87150000,331.00,3.310,2026-07-30T14:45:00.000Z,ANA,2026-07-30T22:22:13.000Z
1410,87165001,357.00,3.570,2026-07-30T14:45:00.000Z,ANA,2026-07-30T22:22:13.000Z
2159,87163000,575.00,5.750,2026-07-30T14:45:00.000Z,ANA,2026-07-30T22:22:13.000Z
2903,87170000,1205.00,12.050,2026-07-30T14:45:00.000Z,ANA,2026-07-30T22:22:14.000Z
3651,87270000,769.00,7.690,2026-07-30T14:45:00.000Z,ANA,2026-07-30T22:22:15.000Z
4377,87168590,765.00,7.650,2026-07-30T14:45:00.000Z,ANA,2026-07-30T22:22:16.000Z
714,87150000,332.00,3.320,2026-07-30T14:30:00.000Z,ANA,2026-07-30T22:22:13.000Z
1409,87165001,358.00,3.580,2026-07-30T14:30:00.000Z,ANA,2026-07-30T22:22:13.000Z
2158,87163000,576.00,5.760,2026-07-30T14:30:00.000Z,ANA,2026-07-30T22:22:13.000Z
2902,87170000,1207.00,12.070,2026-07-30T14:30:00.000Z,ANA,2026-07-30T22:22:14.000Z
3650,87270000,767.00,7.670,2026-07-30T14:30:00.000Z,ANA,2026-07-30T22:22:15.000Z
4376,87168590,768.00,7.680,2026-07-30T14:30:00.000Z,ANA,2026-07-30T22:22:16.000Z
713,87150000,333.00,3.330,2026-07-30T14:15:00.000Z,ANA,2026-07-30T22:22:13.000Z
1408,87165001,359.00,3.590,2026-07-30T14:15:00.000Z,ANA,2026-07-30T22:22:13.000Z
2157,87163000,577.00,5.770,2026-07-30T14:15:00.000Z,ANA,2026-07-30T22:22:13.000Z
2901,87170000,1209.00,12.090,2026-07-30T14:15:00.000Z,ANA,2026-07-30T22:22:14.000Z
3649,87270000,768.00,7.680,2026-07-30T14:15:00.000Z,ANA,2026-07-30T22:22:15.000Z
4375,87168590,775.00,7.750,2026-07-30T14:15:00.000Z,ANA,2026-07-30T22:22:16.000Z
712,87150000,334.00,3.340,2026-07-30T14:00:00.000Z,ANA,2026-07-30T22:22:13.000Z
1407,87165001,360.00,3.600,2026-07-30T14:00:00.000Z,ANA,2026-07-30T22:22:13.000Z
2156,87163000,578.00,5.780,2026-07-30T14:00:00.000Z,ANA,2026-07-30T22:22:13.000Z
2900,87170000,1212.00,12.120,2026-07-30T14:00:00.000Z,ANA,2026-07-30T22:22:14.000Z
3648,87270000,768.00,7.680,2026-07-30T14:00:00.000Z,ANA,2026-07-30T22:22:15.000Z
4374,87168590,777.00,7.770,2026-07-30T14:00:00.000Z,ANA,2026-07-30T22:22:16.000Z
711,87150000,334.00,3.340,2026-07-30T13:45:00.000Z,ANA,2026-07-30T22:22:13.000Z
1406,87165001,363.00,3.630,2026-07-30T13:45:00.000Z,ANA,2026-07-30T22:22:13.000Z
2155,87163000,580.00,5.800,2026-07-30T13:45:00.000Z,ANA,2026-07-30T22:22:13.000Z
2899,87170000,1215.00,12.150,2026-07-30T13:45:00.000Z,ANA,2026-07-30T22:22:14.000Z
3647,87270000,768.00,7.680,2026-07-30T13:45:00.000Z,ANA,2026-07-30T22:22:15.000Z
4373,87168590,781.00,7.810,2026-07-30T13:45:00.000Z,ANA,2026-07-30T22:22:16.000Z
710,87150000,335.00,3.350,2026-07-30T13:30:00.000Z,ANA,2026-07-30T22:22:13.000Z
1405,87165001,363.00,3.630,2026-07-30T13:30:00.000Z,ANA,2026-07-30T22:22:13.000Z
2154,87163000,581.00,5.810,2026-07-30T13:30:00.000Z,ANA,2026-07-30T22:22:13.000Z
2898,87170000,1217.00,12.170,2026-07-30T13:30:00.000Z,ANA,2026-07-30T22:22:14.000Z
3646,87270000,769.00,7.690,2026-07-30T13:30:00.000Z,ANA,2026-07-30T22:22:15.000Z
4372,87168590,784.00,7.840,2026-07-30T13:30:00.000Z,ANA,2026-07-30T22:22:16.000Z
709,87150000,336.00,3.360,2026-07-30T13:15:00.000Z,ANA,2026-07-30T22:22:13.000Z
1404,87165001,365.00,3.650,2026-07-30T13:15:00.000Z,ANA,2026-07-30T22:22:13.000Z
2153,87163000,582.00,5.820,2026-07-30T13:15:00.000Z,ANA,2026-07-30T22:22:13.000Z
2897,87170000,1219.00,12.190,2026-07-30T13:15:00.000Z,ANA,2026-07-30T22:22:14.000Z
3645,87270000,769.00,7.690,2026-07-30T13:15:00.000Z,ANA,2026-07-30T22:22:15.000Z
4371,87168590,788.00,7.880,2026-07-30T13:15:00.000Z,ANA,2026-07-30T22:22:16.000Z
708,87150000,337.00,3.370,2026-07-30T13:00:00.000Z,ANA,2026-07-30T22:22:13.000Z
1403,87165001,367.00,3.670,2026-07-30T13:00:00.000Z,ANA,2026-07-30T22:22:13.000Z
2152,87163000,583.00,5.830,2026-07-30T13:00:00.000Z,ANA,2026-07-30T22:22:13.000Z
2896,87170000,1222.00,12.220,2026-07-30T13:00:00.000Z,ANA,2026-07-30T22:22:14.000Z
3644,87270000,769.00,7.690,2026-07-30T13:00:00.000Z,ANA,2026-07-30T22:22:15.000Z
4370,87168590,790.00,7.900,2026-07-30T13:00:00.000Z,ANA,2026-07-30T22:22:16.000Z
707,87150000,337.00,3.370,2026-07-30T12:45:00.000Z,ANA,2026-07-30T22:22:13.000Z
1402,87165001,368.00,3.680,2026-07-30T12:45:00.000Z,ANA,2026-07-30T22:22:13.000Z
2151,87163000,584.00,5.840,2026-07-30T12:45:00.000Z,ANA,2026-07-30T22:22:13.000Z
2895,87170000,1225.00,12.250,2026-07-30T12:45:00.000Z,ANA,2026-07-30T22:22:14.000Z
3643,87270000,769.00,7.690,2026-07-30T12:45:00.000Z,ANA,2026-07-30T22:22:15.000Z
4369,87168590,795.00,7.950,2026-07-30T12:45:00.000Z,ANA,2026-07-30T22:22:16.000Z
706,87150000,338.00,3.380,2026-07-30T12:30:00.000Z,ANA,2026-07-30T22:22:13.000Z
1401,87165001,369.00,3.690,2026-07-30T12:30:00.000Z,ANA,2026-07-30T22:22:13.000Z
2150,87163000,585.00,5.850,2026-07-30T12:30:00.000Z,ANA,2026-07-30T22:22:13.000Z
2894,87170000,1227.00,12.270,2026-07-30T12:30:00.000Z,ANA,2026-07-30T22:22:14.000Z
3642,87270000,769.00,7.690,2026-07-30T12:30:00.000Z,ANA,2026-07-30T22:22:15.000Z
4368,87168590,800.00,8.000,2026-07-30T12:30:00.000Z,ANA,2026-07-30T22:22:16.000Z
705,87150000,338.00,3.380,2026-07-30T12:15:00.000Z,ANA,2026-07-30T22:22:13.000Z
1400,87165001,370.00,3.700,2026-07-30T12:15:00.000Z,ANA,2026-07-30T22:22:13.000Z
2149,87163000,587.00,5.870,2026-07-30T12:15:00.000Z,ANA,2026-07-30T22:22:13.000Z
2893,87170000,1230.00,12.300,2026-07-30T12:15:00.000Z,ANA,2026-07-30T22:22:14.000Z
3641,87270000,770.00,7.700,2026-07-30T12:15:00.000Z,ANA,2026-07-30T22:22:15.000Z
4367,87168590,802.00,8.020,2026-07-30T12:15:00.000Z,ANA,2026-07-30T22:22:16.000Z
704,87150000,339.00,3.390,2026-07-30T12:00:00.000Z,ANA,2026-07-30T22:22:13.000Z
1399,87165001,372.00,3.720,2026-07-30T12:00:00.000Z,ANA,2026-07-30T22:22:13.000Z
2148,87163000,588.00,5.880,2026-07-30T12:00:00.000Z,ANA,2026-07-30T22:22:13.000Z
2892,87170000,1232.00,12.320,2026-07-30T12:00:00.000Z,ANA,2026-07-30T22:22:14.000Z
3640,87270000,768.00,7.680,2026-07-30T12:00:00.000Z,ANA,2026-07-30T22:22:15.000Z
4366,87168590,807.00,8.070,2026-07-30T12:00:00.000Z,ANA,2026-07-30T22:22:16.000Z
703,87150000,341.00,3.410,2026-07-30T11:45:00.000Z,ANA,2026-07-30T22:22:13.000Z
1398,87165001,372.00,3.720,2026-07-30T11:45:00.000Z,ANA,2026-07-30T22:22:13.000Z
2147,87163000,589.00,5.890,2026-07-30T11:45:00.000Z,ANA,2026-07-30T22:22:13.000Z
2891,87170000,1235.00,12.350,2026-07-30T11:45:00.000Z,ANA,2026-07-30T22:22:14.000Z
3639,87270000,769.00,7.690,2026-07-30T11:45:00.000Z,ANA,2026-07-30T22:22:15.000Z
4365,87168590,810.00,8.100,2026-07-30T11:45:00.000Z,ANA,2026-07-30T22:22:16.000Z
702,87150000,341.00,3.410,2026-07-30T11:30:00.000Z,ANA,2026-07-30T22:22:13.000Z
1397,87165001,374.00,3.740,2026-07-30T11:30:00.000Z,ANA,2026-07-30T22:22:13.000Z
2146,87163000,591.00,5.910,2026-07-30T11:30:00.000Z,ANA,2026-07-30T22:22:13.000Z
2890,87170000,1238.00,12.380,2026-07-30T11:30:00.000Z,ANA,2026-07-30T22:22:14.000Z
3638,87270000,769.00,7.690,2026-07-30T11:30:00.000Z,ANA,2026-07-30T22:22:15.000Z
4364,87168590,815.00,8.150,2026-07-30T11:30:00.000Z,ANA,2026-07-30T22:22:16.000Z
701,87150000,342.00,3.420,2026-07-30T11:15:00.000Z,ANA,2026-07-30T22:22:13.000Z
1396,87165001,376.00,3.760,2026-07-30T11:15:00.000Z,ANA,2026-07-30T22:22:13.000Z
2145,87163000,592.00,5.920,2026-07-30T11:15:00.000Z,ANA,2026-07-30T22:22:13.000Z
2889,87170000,1240.00,12.400,2026-07-30T11:15:00.000Z,ANA,2026-07-30T22:22:14.000Z
3637,87270000,769.00,7.690,2026-07-30T11:15:00.000Z,ANA,2026-07-30T22:22:15.000Z
4363,87168590,818.00,8.180,2026-07-30T11:15:00.000Z,ANA,2026-07-30T22:22:16.000Z
700,87150000,343.00,3.430,2026-07-30T11:00:00.000Z,ANA,2026-07-30T22:22:13.000Z
1395,87165001,378.00,3.780,2026-07-30T11:00:00.000Z,ANA,2026-07-30T22:22:13.000Z
2144,87163000,593.00,5.930,2026-07-30T11:00:00.000Z,ANA,2026-07-30T22:22:13.000Z
2888,87170000,1243.00,12.430,2026-07-30T11:00:00.000Z,ANA,2026-07-30T22:22:14.000Z
3636,87270000,769.00,7.690,2026-07-30T11:00:00.000Z,ANA,2026-07-30T22:22:15.000Z
4362,87168590,822.00,8.220,2026-07-30T11:00:00.000Z,ANA,2026-07-30T22:22:16.000Z
699,87150000,344.00,3.440,2026-07-30T10:45:00.000Z,ANA,2026-07-30T22:22:13.000Z
1394,87165001,380.00,3.800,2026-07-30T10:45:00.000Z,ANA,2026-07-30T22:22:13.000Z
2143,87163000,594.00,5.940,2026-07-30T10:45:00.000Z,ANA,2026-07-30T22:22:13.000Z
2887,87170000,1245.00,12.450,2026-07-30T10:45:00.000Z,ANA,2026-07-30T22:22:14.000Z
3635,87270000,769.00,7.690,2026-07-30T10:45:00.000Z,ANA,2026-07-30T22:22:15.000Z
4361,87168590,825.00,8.250,2026-07-30T10:45:00.000Z,ANA,2026-07-30T22:22:16.000Z
698,87150000,345.00,3.450,2026-07-30T10:30:00.000Z,ANA,2026-07-30T22:22:13.000Z
1393,87165001,382.00,3.820,2026-07-30T10:30:00.000Z,ANA,2026-07-30T22:22:13.000Z
2142,87163000,595.00,5.950,2026-07-30T10:30:00.000Z,ANA,2026-07-30T22:22:13.000Z
2886,87170000,1248.00,12.480,2026-07-30T10:30:00.000Z,ANA,2026-07-30T22:22:14.000Z
3634,87270000,768.00,7.680,2026-07-30T10:30:00.000Z,ANA,2026-07-30T22:22:15.000Z
4360,87168590,830.00,8.300,2026-07-30T10:30:00.000Z,ANA,2026-07-30T22:22:16.000Z
697,87150000,346.00,3.460,2026-07-30T10:15:00.000Z,ANA,2026-07-30T22:22:13.000Z
1392,87165001,383.00,3.830,2026-07-30T10:15:00.000Z,ANA,2026-07-30T22:22:13.000Z
2141,87163000,597.00,5.970,2026-07-30T10:15:00.000Z,ANA,2026-07-30T22:22:13.000Z
2885,87170000,1249.00,12.490,2026-07-30T10:15:00.000Z,ANA,2026-07-30T22:22:14.000Z
3633,87270000,768.00,7.680,2026-07-30T10:15:00.000Z,ANA,2026-07-30T22:22:15.000Z
4359,87168590,835.00,8.350,2026-07-30T10:15:00.000Z,ANA,2026-07-30T22:22:16.000Z
696,87150000,346.00,3.460,2026-07-30T10:00:00.000Z,ANA,2026-07-30T22:22:13.000Z
1391,87165001,384.00,3.840,2026-07-30T10:00:00.000Z,ANA,2026-07-30T22:22:13.000Z
2140,87163000,598.00,5.980,2026-07-30T10:00:00.000Z,ANA,2026-07-30T22:22:13.000Z
2884,87170000,1252.00,12.520,2026-07-30T10:00:00.000Z,ANA,2026-07-30T22:22:14.000Z
3632,87270000,769.00,7.690,2026-07-30T10:00:00.000Z,ANA,2026-07-30T22:22:15.000Z
4358,87168590,838.00,8.380,2026-07-30T10:00:00.000Z,ANA,2026-07-30T22:22:16.000Z
695,87150000,347.00,3.470,2026-07-30T09:45:00.000Z,ANA,2026-07-30T22:22:13.000Z
1390,87165001,387.00,3.870,2026-07-30T09:45:00.000Z,ANA,2026-07-30T22:22:13.000Z
2139,87163000,600.00,6.000,2026-07-30T09:45:00.000Z,ANA,2026-07-30T22:22:13.000Z
2883,87170000,1254.00,12.540,2026-07-30T09:45:00.000Z,ANA,2026-07-30T22:22:14.000Z
3631,87270000,769.00,7.690,2026-07-30T09:45:00.000Z,ANA,2026-07-30T22:22:15.000Z
4357,87168590,841.00,8.410,2026-07-30T09:45:00.000Z,ANA,2026-07-30T22:22:16.000Z
694,87150000,348.00,3.480,2026-07-30T09:30:00.000Z,ANA,2026-07-30T22:22:13.000Z
1389,87165001,388.00,3.880,2026-07-30T09:30:00.000Z,ANA,2026-07-30T22:22:13.000Z
2138,87163000,601.00,6.010,2026-07-30T09:30:00.000Z,ANA,2026-07-30T22:22:13.000Z
2882,87170000,1256.00,12.560,2026-07-30T09:30:00.000Z,ANA,2026-07-30T22:22:14.000Z
3630,87270000,767.00,7.670,2026-07-30T09:30:00.000Z,ANA,2026-07-30T22:22:15.000Z
4356,87168590,844.00,8.440,2026-07-30T09:30:00.000Z,ANA,2026-07-30T22:22:16.000Z
693,87150000,349.00,3.490,2026-07-30T09:15:00.000Z,ANA,2026-07-30T22:22:13.000Z
1388,87165001,390.00,3.900,2026-07-30T09:15:00.000Z,ANA,2026-07-30T22:22:13.000Z
2137,87163000,602.00,6.020,2026-07-30T09:15:00.000Z,ANA,2026-07-30T22:22:13.000Z
2881,87170000,1259.00,12.590,2026-07-30T09:15:00.000Z,ANA,2026-07-30T22:22:14.000Z
3629,87270000,769.00,7.690,2026-07-30T09:15:00.000Z,ANA,2026-07-30T22:22:15.000Z
4355,87168590,851.00,8.510,2026-07-30T09:15:00.000Z,ANA,2026-07-30T22:22:16.000Z
692,87150000,350.00,3.500,2026-07-30T09:00:00.000Z,ANA,2026-07-30T22:22:13.000Z
1387,87165001,391.00,3.910,2026-07-30T09:00:00.000Z,ANA,2026-07-30T22:22:13.000Z
2136,87163000,604.00,6.040,2026-07-30T09:00:00.000Z,ANA,2026-07-30T22:22:13.000Z
2880,87170000,1261.00,12.610,2026-07-30T09:00:00.000Z,ANA,2026-07-30T22:22:14.000Z
3628,87270000,767.00,7.670,2026-07-30T09:00:00.000Z,ANA,2026-07-30T22:22:15.000Z
4354,87168590,853.00,8.530,2026-07-30T09:00:00.000Z,ANA,2026-07-30T22:22:16.000Z
691,87150000,351.00,3.510,2026-07-30T08:45:00.000Z,ANA,2026-07-30T22:22:13.000Z
1386,87165001,392.00,3.920,2026-07-30T08:45:00.000Z,ANA,2026-07-30T22:22:13.000Z
2135,87163000,605.00,6.050,2026-07-30T08:45:00.000Z,ANA,2026-07-30T22:22:13.000Z
2879,87170000,1263.00,12.630,2026-07-30T08:45:00.000Z,ANA,2026-07-30T22:22:14.000Z
3627,87270000,766.00,7.660,2026-07-30T08:45:00.000Z,ANA,2026-07-30T22:22:15.000Z
4353,87168590,858.00,8.580,2026-07-30T08:45:00.000Z,ANA,2026-07-30T22:22:16.000Z
690,87150000,352.00,3.520,2026-07-30T08:30:00.000Z,ANA,2026-07-30T22:22:13.000Z
1385,87165001,394.00,3.940,2026-07-30T08:30:00.000Z,ANA,2026-07-30T22:22:13.000Z
2134,87163000,606.00,6.060,2026-07-30T08:30:00.000Z,ANA,2026-07-30T22:22:13.000Z
2878,87170000,1265.00,12.650,2026-07-30T08:30:00.000Z,ANA,2026-07-30T22:22:14.000Z
3626,87270000,767.00,7.670,2026-07-30T08:30:00.000Z,ANA,2026-07-30T22:22:15.000Z
4352,87168590,861.00,8.610,2026-07-30T08:30:00.000Z,ANA,2026-07-30T22:22:16.000Z
689,87150000,353.00,3.530,2026-07-30T08:15:00.000Z,ANA,2026-07-30T22:22:13.000Z
1384,87165001,396.00,3.960,2026-07-30T08:15:00.000Z,ANA,2026-07-30T22:22:13.000Z
2133,87163000,609.00,6.090,2026-07-30T08:15:00.000Z,ANA,2026-07-30T22:22:13.000Z
2877,87170000,1268.00,12.680,2026-07-30T08:15:00.000Z,ANA,2026-07-30T22:22:14.000Z
3625,87270000,766.00,7.660,2026-07-30T08:15:00.000Z,ANA,2026-07-30T22:22:15.000Z
4351,87168590,866.00,8.660,2026-07-30T08:15:00.000Z,ANA,2026-07-30T22:22:16.000Z
688,87150000,353.00,3.530,2026-07-30T08:00:00.000Z,ANA,2026-07-30T22:22:13.000Z
1383,87165001,398.00,3.980,2026-07-30T08:00:00.000Z,ANA,2026-07-30T22:22:13.000Z
2132,87163000,609.00,6.090,2026-07-30T08:00:00.000Z,ANA,2026-07-30T22:22:13.000Z
2876,87170000,1271.00,12.710,2026-07-30T08:00:00.000Z,ANA,2026-07-30T22:22:14.000Z
3624,87270000,765.00,7.650,2026-07-30T08:00:00.000Z,ANA,2026-07-30T22:22:15.000Z
4350,87168590,869.00,8.690,2026-07-30T08:00:00.000Z,ANA,2026-07-30T22:22:16.000Z
687,87150000,354.00,3.540,2026-07-30T07:45:00.000Z,ANA,2026-07-30T22:22:13.000Z
1382,87165001,399.00,3.990,2026-07-30T07:45:00.000Z,ANA,2026-07-30T22:22:13.000Z
2131,87163000,611.00,6.110,2026-07-30T07:45:00.000Z,ANA,2026-07-30T22:22:13.000Z
2875,87170000,1272.00,12.720,2026-07-30T07:45:00.000Z,ANA,2026-07-30T22:22:14.000Z
3623,87270000,765.00,7.650,2026-07-30T07:45:00.000Z,ANA,2026-07-30T22:22:15.000Z
4349,87168590,874.00,8.740,2026-07-30T07:45:00.000Z,ANA,2026-07-30T22:22:16.000Z
686,87150000,356.00,3.560,2026-07-30T07:30:00.000Z,ANA,2026-07-30T22:22:13.000Z
1381,87165001,401.00,4.010,2026-07-30T07:30:00.000Z,ANA,2026-07-30T22:22:13.000Z
2130,87163000,612.00,6.120,2026-07-30T07:30:00.000Z,ANA,2026-07-30T22:22:13.000Z
2874,87170000,1273.00,12.730,2026-07-30T07:30:00.000Z,ANA,2026-07-30T22:22:14.000Z
3622,87270000,764.00,7.640,2026-07-30T07:30:00.000Z,ANA,2026-07-30T22:22:15.000Z
4348,87168590,878.00,8.780,2026-07-30T07:30:00.000Z,ANA,2026-07-30T22:22:16.000Z
685,87150000,357.00,3.570,2026-07-30T07:15:00.000Z,ANA,2026-07-30T22:22:13.000Z
1380,87165001,402.00,4.020,2026-07-30T07:15:00.000Z,ANA,2026-07-30T22:22:13.000Z
2129,87163000,614.00,6.140,2026-07-30T07:15:00.000Z,ANA,2026-07-30T22:22:13.000Z
2873,87170000,1276.00,12.760,2026-07-30T07:15:00.000Z,ANA,2026-07-30T22:22:14.000Z
3621,87270000,764.00,7.640,2026-07-30T07:15:00.000Z,ANA,2026-07-30T22:22:15.000Z
4347,87168590,881.00,8.810,2026-07-30T07:15:00.000Z,ANA,2026-07-30T22:22:16.000Z
684,87150000,358.00,3.580,2026-07-30T07:00:00.000Z,ANA,2026-07-30T22:22:13.000Z
1379,87165001,403.00,4.030,2026-07-30T07:00:00.000Z,ANA,2026-07-30T22:22:13.000Z
2128,87163000,616.00,6.160,2026-07-30T07:00:00.000Z,ANA,2026-07-30T22:22:13.000Z
2872,87170000,1278.00,12.780,2026-07-30T07:00:00.000Z,ANA,2026-07-30T22:22:14.000Z
3620,87270000,763.00,7.630,2026-07-30T07:00:00.000Z,ANA,2026-07-30T22:22:15.000Z
4346,87168590,886.00,8.860,2026-07-30T07:00:00.000Z,ANA,2026-07-30T22:22:16.000Z
683,87150000,359.00,3.590,2026-07-30T06:45:00.000Z,ANA,2026-07-30T22:22:13.000Z
1378,87165001,405.00,4.050,2026-07-30T06:45:00.000Z,ANA,2026-07-30T22:22:13.000Z
2127,87163000,617.00,6.170,2026-07-30T06:45:00.000Z,ANA,2026-07-30T22:22:13.000Z
2871,87170000,1279.00,12.790,2026-07-30T06:45:00.000Z,ANA,2026-07-30T22:22:14.000Z
3619,87270000,764.00,7.640,2026-07-30T06:45:00.000Z,ANA,2026-07-30T22:22:15.000Z
4345,87168590,891.00,8.910,2026-07-30T06:45:00.000Z,ANA,2026-07-30T22:22:16.000Z
682,87150000,360.00,3.600,2026-07-30T06:30:00.000Z,ANA,2026-07-30T22:22:13.000Z
1377,87165001,408.00,4.080,2026-07-30T06:30:00.000Z,ANA,2026-07-30T22:22:13.000Z
2126,87163000,618.00,6.180,2026-07-30T06:30:00.000Z,ANA,2026-07-30T22:22:13.000Z
2870,87170000,1283.00,12.830,2026-07-30T06:30:00.000Z,ANA,2026-07-30T22:22:14.000Z
3618,87270000,762.00,7.620,2026-07-30T06:30:00.000Z,ANA,2026-07-30T22:22:15.000Z
4344,87168590,894.00,8.940,2026-07-30T06:30:00.000Z,ANA,2026-07-30T22:22:16.000Z
7,87300000,311.00,3.110,2026-07-30T06:15:00.000Z,ANA,2026-07-30T22:22:13.000Z
681,87150000,360.00,3.600,2026-07-30T06:15:00.000Z,ANA,2026-07-30T22:22:13.000Z
1376,87165001,408.00,4.080,2026-07-30T06:15:00.000Z,ANA,2026-07-30T22:22:13.000Z
2125,87163000,619.00,6.190,2026-07-30T06:15:00.000Z,ANA,2026-07-30T22:22:13.000Z
2869,87170000,1283.00,12.830,2026-07-30T06:15:00.000Z,ANA,2026-07-30T22:22:14.000Z
3617,87270000,762.00,7.620,2026-07-30T06:15:00.000Z,ANA,2026-07-30T22:22:15.000Z
4343,87168590,898.00,8.980,2026-07-30T06:15:00.000Z,ANA,2026-07-30T22:22:16.000Z
6,87300000,310.50,3.105,2026-07-30T06:00:00.000Z,ANA,2026-07-30T22:22:13.000Z
680,87150000,362.00,3.620,2026-07-30T06:00:00.000Z,ANA,2026-07-30T22:22:13.000Z
1375,87165001,411.00,4.110,2026-07-30T06:00:00.000Z,ANA,2026-07-30T22:22:13.000Z
2124,87163000,621.00,6.210,2026-07-30T06:00:00.000Z,ANA,2026-07-30T22:22:13.000Z
2868,87170000,1285.00,12.850,2026-07-30T06:00:00.000Z,ANA,2026-07-30T22:22:14.000Z
3616,87270000,759.00,7.590,2026-07-30T06:00:00.000Z,ANA,2026-07-30T22:22:15.000Z
4342,87168590,902.00,9.020,2026-07-30T06:00:00.000Z,ANA,2026-07-30T22:22:16.000Z
5,87300000,309.90,3.099,2026-07-30T05:45:00.000Z,ANA,2026-07-30T22:22:13.000Z
679,87150000,363.00,3.630,2026-07-30T05:45:00.000Z,ANA,2026-07-30T22:22:13.000Z
1374,87165001,412.00,4.120,2026-07-30T05:45:00.000Z,ANA,2026-07-30T22:22:13.000Z
2123,87163000,622.00,6.220,2026-07-30T05:45:00.000Z,ANA,2026-07-30T22:22:13.000Z
2867,87170000,1288.00,12.880,2026-07-30T05:45:00.000Z,ANA,2026-07-30T22:22:14.000Z
3615,87270000,758.00,7.580,2026-07-30T05:45:00.000Z,ANA,2026-07-30T22:22:15.000Z
4341,87168590,907.00,9.070,2026-07-30T05:45:00.000Z,ANA,2026-07-30T22:22:16.000Z
4,87300000,309.40,3.094,2026-07-30T05:30:00.000Z,ANA,2026-07-30T22:22:13.000Z
678,87150000,364.00,3.640,2026-07-30T05:30:00.000Z,ANA,2026-07-30T22:22:13.000Z
1373,87165001,416.00,4.160,2026-07-30T05:30:00.000Z,ANA,2026-07-30T22:22:13.000Z
2122,87163000,624.00,6.240,2026-07-30T05:30:00.000Z,ANA,2026-07-30T22:22:13.000Z
2866,87170000,1290.00,12.900,2026-07-30T05:30:00.000Z,ANA,2026-07-30T22:22:14.000Z
3614,87270000,758.00,7.580,2026-07-30T05:30:00.000Z,ANA,2026-07-30T22:22:15.000Z
4340,87168590,913.00,9.130,2026-07-30T05:30:00.000Z,ANA,2026-07-30T22:22:16.000Z
3,87300000,308.70,3.087,2026-07-30T05:15:00.000Z,ANA,2026-07-30T22:22:13.000Z
677,87150000,365.00,3.650,2026-07-30T05:15:00.000Z,ANA,2026-07-30T22:22:13.000Z
1372,87165001,416.00,4.160,2026-07-30T05:15:00.000Z,ANA,2026-07-30T22:22:13.000Z
2121,87163000,626.00,6.260,2026-07-30T05:15:00.000Z,ANA,2026-07-30T22:22:13.000Z
2865,87170000,1294.00,12.940,2026-07-30T05:15:00.000Z,ANA,2026-07-30T22:22:14.000Z
3613,87270000,756.00,7.560,2026-07-30T05:15:00.000Z,ANA,2026-07-30T22:22:15.000Z
4339,87168590,916.00,9.160,2026-07-30T05:15:00.000Z,ANA,2026-07-30T22:22:16.000Z
2,87300000,308.10,3.081,2026-07-30T05:00:00.000Z,ANA,2026-07-30T22:22:13.000Z
676,87150000,366.00,3.660,2026-07-30T05:00:00.000Z,ANA,2026-07-30T22:22:13.000Z
1371,87165001,419.00,4.190,2026-07-30T05:00:00.000Z,ANA,2026-07-30T22:22:13.000Z
2120,87163000,627.00,6.270,2026-07-30T05:00:00.000Z,ANA,2026-07-30T22:22:13.000Z
2864,87170000,1294.00,12.940,2026-07-30T05:00:00.000Z,ANA,2026-07-30T22:22:14.000Z
3612,87270000,756.00,7.560,2026-07-30T05:00:00.000Z,ANA,2026-07-30T22:22:15.000Z
4338,87168590,922.00,9.220,2026-07-30T05:00:00.000Z,ANA,2026-07-30T22:22:16.000Z
1,87300000,307.70,3.077,2026-07-30T04:45:00.000Z,ANA,2026-07-30T22:22:13.000Z
675,87150000,367.00,3.670,2026-07-30T04:45:00.000Z,ANA,2026-07-30T22:22:13.000Z
1370,87165001,419.00,4.190,2026-07-30T04:45:00.000Z,ANA,2026-07-30T22:22:13.000Z
2119,87163000,628.00,6.280,2026-07-30T04:45:00.000Z,ANA,2026-07-30T22:22:13.000Z
2863,87170000,1294.00,12.940,2026-07-30T04:45:00.000Z,ANA,2026-07-30T22:22:14.000Z
3611,87270000,754.00,7.540,2026-07-30T04:45:00.000Z,ANA,2026-07-30T22:22:15.000Z
4337,87168590,926.00,9.260,2026-07-30T04:45:00.000Z,ANA,2026-07-30T22:22:16.000Z
674,87150000,368.00,3.680,2026-07-30T04:30:00.000Z,ANA,2026-07-30T22:22:13.000Z
1369,87165001,423.00,4.230,2026-07-30T04:30:00.000Z,ANA,2026-07-30T22:22:13.000Z
2118,87163000,631.00,6.310,2026-07-30T04:30:00.000Z,ANA,2026-07-30T22:22:13.000Z
2862,87170000,1297.00,12.970,2026-07-30T04:30:00.000Z,ANA,2026-07-30T22:22:14.000Z
3610,87270000,754.00,7.540,2026-07-30T04:30:00.000Z,ANA,2026-07-30T22:22:15.000Z
4336,87168590,930.00,9.300,2026-07-30T04:30:00.000Z,ANA,2026-07-30T22:22:16.000Z
673,87150000,369.00,3.690,2026-07-30T04:15:00.000Z,ANA,2026-07-30T22:22:13.000Z
1368,87165001,425.00,4.250,2026-07-30T04:15:00.000Z,ANA,2026-07-30T22:22:13.000Z
2117,87163000,632.00,6.320,2026-07-30T04:15:00.000Z,ANA,2026-07-30T22:22:13.000Z
2861,87170000,1299.00,12.990,2026-07-30T04:15:00.000Z,ANA,2026-07-30T22:22:14.000Z
3609,87270000,752.00,7.520,2026-07-30T04:15:00.000Z,ANA,2026-07-30T22:22:15.000Z
4335,87168590,934.00,9.340,2026-07-30T04:15:00.000Z,ANA,2026-07-30T22:22:16.000Z
672,87150000,369.00,3.690,2026-07-30T04:00:00.000Z,ANA,2026-07-30T22:22:13.000Z
1367,87165001,428.00,4.280,2026-07-30T04:00:00.000Z,ANA,2026-07-30T22:22:13.000Z
2116,87163000,633.00,6.330,2026-07-30T04:00:00.000Z,ANA,2026-07-30T22:22:13.000Z
2860,87170000,1301.00,13.010,2026-07-30T04:00:00.000Z,ANA,2026-07-30T22:22:14.000Z
3608,87270000,752.00,7.520,2026-07-30T04:00:00.000Z,ANA,2026-07-30T22:22:15.000Z
4334,87168590,939.00,9.390,2026-07-30T04:00:00.000Z,ANA,2026-07-30T22:22:16.000Z
671,87150000,371.00,3.710,2026-07-30T03:45:00.000Z,ANA,2026-07-30T22:22:13.000Z
1366,87165001,431.00,4.310,2026-07-30T03:45:00.000Z,ANA,2026-07-30T22:22:13.000Z
2115,87163000,635.00,6.350,2026-07-30T03:45:00.000Z,ANA,2026-07-30T22:22:13.000Z
2859,87170000,1303.00,13.030,2026-07-30T03:45:00.000Z,ANA,2026-07-30T22:22:14.000Z
3607,87270000,750.00,7.500,2026-07-30T03:45:00.000Z,ANA,2026-07-30T22:22:15.000Z
4333,87168590,944.00,9.440,2026-07-30T03:45:00.000Z,ANA,2026-07-30T22:22:16.000Z
670,87150000,372.00,3.720,2026-07-30T03:30:00.000Z,ANA,2026-07-30T22:22:13.000Z
1365,87165001,433.00,4.330,2026-07-30T03:30:00.000Z,ANA,2026-07-30T22:22:13.000Z
2114,87163000,637.00,6.370,2026-07-30T03:30:00.000Z,ANA,2026-07-30T22:22:13.000Z
2858,87170000,1304.00,13.040,2026-07-30T03:30:00.000Z,ANA,2026-07-30T22:22:14.000Z
3606,87270000,747.00,7.470,2026-07-30T03:30:00.000Z,ANA,2026-07-30T22:22:15.000Z
4332,87168590,950.00,9.500,2026-07-30T03:30:00.000Z,ANA,2026-07-30T22:22:16.000Z
669,87150000,373.00,3.730,2026-07-30T03:15:00.000Z,ANA,2026-07-30T22:22:13.000Z
1364,87165001,434.00,4.340,2026-07-30T03:15:00.000Z,ANA,2026-07-30T22:22:13.000Z
2113,87163000,638.00,6.380,2026-07-30T03:15:00.000Z,ANA,2026-07-30T22:22:13.000Z
2857,87170000,1306.00,13.060,2026-07-30T03:15:00.000Z,ANA,2026-07-30T22:22:14.000Z
3605,87270000,748.00,7.480,2026-07-30T03:15:00.000Z,ANA,2026-07-30T22:22:15.000Z
4331,87168590,954.00,9.540,2026-07-30T03:15:00.000Z,ANA,2026-07-30T22:22:16.000Z
668,87150000,375.00,3.750,2026-07-30T03:00:00.000Z,ANA,2026-07-30T22:22:13.000Z
1363,87165001,437.00,4.370,2026-07-30T03:00:00.000Z,ANA,2026-07-30T22:22:13.000Z
2112,87163000,640.00,6.400,2026-07-30T03:00:00.000Z,ANA,2026-07-30T22:22:13.000Z
2856,87170000,1307.00,13.070,2026-07-30T03:00:00.000Z,ANA,2026-07-30T22:22:14.000Z
3604,87270000,747.00,7.470,2026-07-30T03:00:00.000Z,ANA,2026-07-30T22:22:15.000Z
4330,87168590,959.00,9.590,2026-07-30T03:00:00.000Z,ANA,2026-07-30T22:22:16.000Z
667,87150000,375.00,3.750,2026-07-30T02:45:00.000Z,ANA,2026-07-30T22:22:13.000Z
1362,87165001,442.00,4.420,2026-07-30T02:45:00.000Z,ANA,2026-07-30T22:22:13.000Z
2111,87163000,642.00,6.420,2026-07-30T02:45:00.000Z,ANA,2026-07-30T22:22:13.000Z
2855,87170000,1309.00,13.090,2026-07-30T02:45:00.000Z,ANA,2026-07-30T22:22:14.000Z
3603,87270000,745.00,7.450,2026-07-30T02:45:00.000Z,ANA,2026-07-30T22:22:15.000Z
4329,87168590,963.00,9.630,2026-07-30T02:45:00.000Z,ANA,2026-07-30T22:22:16.000Z
666,87150000,376.00,3.760,2026-07-30T02:30:00.000Z,ANA,2026-07-30T22:22:13.000Z
1361,87165001,443.00,4.430,2026-07-30T02:30:00.000Z,ANA,2026-07-30T22:22:13.000Z
2110,87163000,642.00,6.420,2026-07-30T02:30:00.000Z,ANA,2026-07-30T22:22:13.000Z
2854,87170000,1310.00,13.100,2026-07-30T02:30:00.000Z,ANA,2026-07-30T22:22:14.000Z
3602,87270000,744.00,7.440,2026-07-30T02:30:00.000Z,ANA,2026-07-30T22:22:15.000Z
4328,87168590,968.00,9.680,2026-07-30T02:30:00.000Z,ANA,2026-07-30T22:22:16.000Z
665,87150000,378.00,3.780,2026-07-30T02:15:00.000Z,ANA,2026-07-30T22:22:13.000Z
1360,87165001,445.00,4.450,2026-07-30T02:15:00.000Z,ANA,2026-07-30T22:22:13.000Z
2109,87163000,644.00,6.440,2026-07-30T02:15:00.000Z,ANA,2026-07-30T22:22:13.000Z
2853,87170000,1311.00,13.110,2026-07-30T02:15:00.000Z,ANA,2026-07-30T22:22:14.000Z
3601,87270000,742.00,7.420,2026-07-30T02:15:00.000Z,ANA,2026-07-30T22:22:15.000Z
4327,87168590,973.00,9.730,2026-07-30T02:15:00.000Z,ANA,2026-07-30T22:22:16.000Z
664,87150000,378.00,3.780,2026-07-30T02:00:00.000Z,ANA,2026-07-30T22:22:13.000Z
1359,87165001,448.00,4.480,2026-07-30T02:00:00.000Z,ANA,2026-07-30T22:22:13.000Z
2108,87163000,646.00,6.460,2026-07-30T02:00:00.000Z,ANA,2026-07-30T22:22:13.000Z
2852,87170000,1314.00,13.140,2026-07-30T02:00:00.000Z,ANA,2026-07-30T22:22:14.000Z
3600,87270000,742.00,7.420,2026-07-30T02:00:00.000Z,ANA,2026-07-30T22:22:15.000Z
4326,87168590,978.00,9.780,2026-07-30T02:00:00.000Z,ANA,2026-07-30T22:22:16.000Z
663,87150000,380.00,3.800,2026-07-30T01:45:00.000Z,ANA,2026-07-30T22:22:13.000Z
1358,87165001,450.00,4.500,2026-07-30T01:45:00.000Z,ANA,2026-07-30T22:22:13.000Z
2107,87163000,648.00,6.480,2026-07-30T01:45:00.000Z,ANA,2026-07-30T22:22:13.000Z
2851,87170000,1316.00,13.160,2026-07-30T01:45:00.000Z,ANA,2026-07-30T22:22:14.000Z
3599,87270000,740.00,7.400,2026-07-30T01:45:00.000Z,ANA,2026-07-30T22:22:15.000Z
4325,87168590,984.00,9.840,2026-07-30T01:45:00.000Z,ANA,2026-07-30T22:22:16.000Z
662,87150000,380.00,3.800,2026-07-30T01:30:00.000Z,ANA,2026-07-30T22:22:13.000Z
1357,87165001,452.00,4.520,2026-07-30T01:30:00.000Z,ANA,2026-07-30T22:22:13.000Z
2106,87163000,649.00,6.490,2026-07-30T01:30:00.000Z,ANA,2026-07-30T22:22:13.000Z
2850,87170000,1317.00,13.170,2026-07-30T01:30:00.000Z,ANA,2026-07-30T22:22:14.000Z
3598,87270000,737.00,7.370,2026-07-30T01:30:00.000Z,ANA,2026-07-30T22:22:15.000Z
4324,87168590,990.00,9.900,2026-07-30T01:30:00.000Z,ANA,2026-07-30T22:22:16.000Z
661,87150000,381.00,3.810,2026-07-30T01:15:00.000Z,ANA,2026-07-30T22:22:13.000Z
1356,87165001,455.00,4.550,2026-07-30T01:15:00.000Z,ANA,2026-07-30T22:22:13.000Z
2105,87163000,651.00,6.510,2026-07-30T01:15:00.000Z,ANA,2026-07-30T22:22:13.000Z
2849,87170000,1316.00,13.160,2026-07-30T01:15:00.000Z,ANA,2026-07-30T22:22:14.000Z
3597,87270000,737.00,7.370,2026-07-30T01:15:00.000Z,ANA,2026-07-30T22:22:15.000Z
4323,87168590,995.00,9.950,2026-07-30T01:15:00.000Z,ANA,2026-07-30T22:22:16.000Z
660,87150000,382.00,3.820,2026-07-30T01:00:00.000Z,ANA,2026-07-30T22:22:13.000Z
1355,87165001,457.00,4.570,2026-07-30T01:00:00.000Z,ANA,2026-07-30T22:22:13.000Z
2104,87163000,652.00,6.520,2026-07-30T01:00:00.000Z,ANA,2026-07-30T22:22:13.000Z
2848,87170000,1319.00,13.190,2026-07-30T01:00:00.000Z,ANA,2026-07-30T22:22:14.000Z
3596,87270000,735.00,7.350,2026-07-30T01:00:00.000Z,ANA,2026-07-30T22:22:15.000Z
4322,87168590,1001.00,10.010,2026-07-30T01:00:00.000Z,ANA,2026-07-30T22:22:16.000Z
659,87150000,383.00,3.830,2026-07-30T00:45:00.000Z,ANA,2026-07-30T22:22:13.000Z
1354,87165001,461.00,4.610,2026-07-30T00:45:00.000Z,ANA,2026-07-30T22:22:13.000Z
2103,87163000,654.00,6.540,2026-07-30T00:45:00.000Z,ANA,2026-07-30T22:22:13.000Z
2847,87170000,1320.00,13.200,2026-07-30T00:45:00.000Z,ANA,2026-07-30T22:22:14.000Z
3595,87270000,731.00,7.310,2026-07-30T00:45:00.000Z,ANA,2026-07-30T22:22:15.000Z
4321,87168590,1008.00,10.080,2026-07-30T00:45:00.000Z,ANA,2026-07-30T22:22:16.000Z
658,87150000,384.00,3.840,2026-07-30T00:30:00.000Z,ANA,2026-07-30T22:22:13.000Z
1353,87165001,463.00,4.630,2026-07-30T00:30:00.000Z,ANA,2026-07-30T22:22:13.000Z
2102,87163000,656.00,6.560,2026-07-30T00:30:00.000Z,ANA,2026-07-30T22:22:13.000Z
2846,87170000,1320.00,13.200,2026-07-30T00:30:00.000Z,ANA,2026-07-30T22:22:14.000Z
3594,87270000,732.00,7.320,2026-07-30T00:30:00.000Z,ANA,2026-07-30T22:22:15.000Z
4320,87168590,1013.00,10.130,2026-07-30T00:30:00.000Z,ANA,2026-07-30T22:22:16.000Z
657,87150000,385.00,3.850,2026-07-30T00:15:00.000Z,ANA,2026-07-30T22:22:13.000Z
1352,87165001,466.00,4.660,2026-07-30T00:15:00.000Z,ANA,2026-07-30T22:22:13.000Z
2101,87163000,658.00,6.580,2026-07-30T00:15:00.000Z,ANA,2026-07-30T22:22:13.000Z
2845,87170000,1321.00,13.210,2026-07-30T00:15:00.000Z,ANA,2026-07-30T22:22:14.000Z
3593,87270000,728.00,7.280,2026-07-30T00:15:00.000Z,ANA,2026-07-30T22:22:15.000Z
4319,87168590,1018.00,10.180,2026-07-30T00:15:00.000Z,ANA,2026-07-30T22:22:16.000Z
656,87150000,386.00,3.860,2026-07-30T00:00:00.000Z,ANA,2026-07-30T22:22:13.000Z
1351,87165001,466.00,4.660,2026-07-30T00:00:00.000Z,ANA,2026-07-30T22:22:13.000Z
2100,87163000,659.00,6.590,2026-07-30T00:00:00.000Z,ANA,2026-07-30T22:22:13.000Z
2844,87170000,1323.00,13.230,2026-07-30T00:00:00.000Z,ANA,2026-07-30T22:22:14.000Z
3592,87270000,727.00,7.270,2026-07-30T00:00:00.000Z,ANA,2026-07-30T22:22:15.000Z
4318,87168590,1026.00,10.260,2026-07-30T00:00:00.000Z,ANA,2026-07-30T22:22:16.000Z
655,87150000,387.00,3.870,2026-07-29T23:45:00.000Z,ANA,2026-07-30T22:22:13.000Z
1350,87165001,469.00,4.690,2026-07-29T23:45:00.000Z,ANA,2026-07-30T22:22:13.000Z
2099,87163000,661.00,6.610,2026-07-29T23:45:00.000Z,ANA,2026-07-30T22:22:13.000Z
2843,87170000,1324.00,13.240,2026-07-29T23:45:00.000Z,ANA,2026-07-30T22:22:14.000Z
3591,87270000,727.00,7.270,2026-07-29T23:45:00.000Z,ANA,2026-07-30T22:22:15.000Z
4317,87168590,1034.00,10.340,2026-07-29T23:45:00.000Z,ANA,2026-07-30T22:22:16.000Z
654,87150000,388.00,3.880,2026-07-29T23:30:00.000Z,ANA,2026-07-30T22:22:13.000Z
1349,87165001,473.00,4.730,2026-07-29T23:30:00.000Z,ANA,2026-07-30T22:22:13.000Z
2098,87163000,663.00,6.630,2026-07-29T23:30:00.000Z,ANA,2026-07-30T22:22:13.000Z
2842,87170000,1324.00,13.240,2026-07-29T23:30:00.000Z,ANA,2026-07-30T22:22:14.000Z
3590,87270000,724.00,7.240,2026-07-29T23:30:00.000Z,ANA,2026-07-30T22:22:15.000Z
4316,87168590,1040.00,10.400,2026-07-29T23:30:00.000Z,ANA,2026-07-30T22:22:16.000Z
653,87150000,390.00,3.900,2026-07-29T23:15:00.000Z,ANA,2026-07-30T22:22:13.000Z
1348,87165001,476.00,4.760,2026-07-29T23:15:00.000Z,ANA,2026-07-30T22:22:13.000Z
2097,87163000,664.00,6.640,2026-07-29T23:15:00.000Z,ANA,2026-07-30T22:22:13.000Z
2841,87170000,1324.00,13.240,2026-07-29T23:15:00.000Z,ANA,2026-07-30T22:22:14.000Z
3589,87270000,722.00,7.220,2026-07-29T23:15:00.000Z,ANA,2026-07-30T22:22:15.000Z
4315,87168590,1047.00,10.470,2026-07-29T23:15:00.000Z,ANA,2026-07-30T22:22:16.000Z
652,87150000,391.00,3.910,2026-07-29T23:00:00.000Z,ANA,2026-07-30T22:22:13.000Z
1347,87165001,479.00,4.790,2026-07-29T23:00:00.000Z,ANA,2026-07-30T22:22:13.000Z
2096,87163000,666.00,6.660,2026-07-29T23:00:00.000Z,ANA,2026-07-30T22:22:13.000Z
2840,87170000,1325.00,13.250,2026-07-29T23:00:00.000Z,ANA,2026-07-30T22:22:14.000Z
3588,87270000,721.00,7.210,2026-07-29T23:00:00.000Z,ANA,2026-07-30T22:22:15.000Z
4314,87168590,1054.00,10.540,2026-07-29T23:00:00.000Z,ANA,2026-07-30T22:22:16.000Z
651,87150000,392.00,3.920,2026-07-29T22:45:00.000Z,ANA,2026-07-30T22:22:13.000Z
1346,87165001,480.00,4.800,2026-07-29T22:45:00.000Z,ANA,2026-07-30T22:22:13.000Z
2095,87163000,668.00,6.680,2026-07-29T22:45:00.000Z,ANA,2026-07-30T22:22:13.000Z
2839,87170000,1325.00,13.250,2026-07-29T22:45:00.000Z,ANA,2026-07-30T22:22:14.000Z
3587,87270000,719.00,7.190,2026-07-29T22:45:00.000Z,ANA,2026-07-30T22:22:15.000Z
4313,87168590,1062.00,10.620,2026-07-29T22:45:00.000Z,ANA,2026-07-30T22:22:16.000Z
650,87150000,391.00,3.910,2026-07-29T22:30:00.000Z,ANA,2026-07-30T22:22:13.000Z
1345,87165001,484.00,4.840,2026-07-29T22:30:00.000Z,ANA,2026-07-30T22:22:13.000Z
2094,87163000,671.00,6.710,2026-07-29T22:30:00.000Z,ANA,2026-07-30T22:22:13.000Z
2838,87170000,1326.00,13.260,2026-07-29T22:30:00.000Z,ANA,2026-07-30T22:22:14.000Z
3586,87270000,717.00,7.170,2026-07-29T22:30:00.000Z,ANA,2026-07-30T22:22:15.000Z
4312,87168590,1069.00,10.690,2026-07-29T22:30:00.000Z,ANA,2026-07-30T22:22:16.000Z
649,87150000,393.00,3.930,2026-07-29T22:15:00.000Z,ANA,2026-07-30T22:22:13.000Z
1344,87165001,488.00,4.880,2026-07-29T22:15:00.000Z,ANA,2026-07-30T22:22:13.000Z
2093,87163000,673.00,6.730,2026-07-29T22:15:00.000Z,ANA,2026-07-30T22:22:13.000Z
2837,87170000,1325.00,13.250,2026-07-29T22:15:00.000Z,ANA,2026-07-30T22:22:14.000Z
3585,87270000,713.00,7.130,2026-07-29T22:15:00.000Z,ANA,2026-07-30T22:22:15.000Z
4311,87168590,1076.00,10.760,2026-07-29T22:15:00.000Z,ANA,2026-07-30T22:22:16.000Z
648,87150000,393.00,3.930,2026-07-29T22:00:00.000Z,ANA,2026-07-30T22:22:13.000Z
1343,87165001,491.00,4.910,2026-07-29T22:00:00.000Z,ANA,2026-07-30T22:22:13.000Z
2092,87163000,674.00,6.740,2026-07-29T22:00:00.000Z,ANA,2026-07-30T22:22:13.000Z
2836,87170000,1326.00,13.260,2026-07-29T22:00:00.000Z,ANA,2026-07-30T22:22:14.000Z
3584,87270000,711.00,7.110,2026-07-29T22:00:00.000Z,ANA,2026-07-30T22:22:15.000Z
4310,87168590,1086.00,10.860,2026-07-29T22:00:00.000Z,ANA,2026-07-30T22:22:16.000Z
647,87150000,395.00,3.950,2026-07-29T21:45:00.000Z,ANA,2026-07-30T22:22:13.000Z
1342,87165001,494.00,4.940,2026-07-29T21:45:00.000Z,ANA,2026-07-30T22:22:13.000Z
2091,87163000,676.00,6.760,2026-07-29T21:45:00.000Z,ANA,2026-07-30T22:22:13.000Z
2835,87170000,1326.00,13.260,2026-07-29T21:45:00.000Z,ANA,2026-07-30T22:22:14.000Z
3583,87270000,710.00,7.100,2026-07-29T21:45:00.000Z,ANA,2026-07-30T22:22:15.000Z
4309,87168590,1094.00,10.940,2026-07-29T21:45:00.000Z,ANA,2026-07-30T22:22:16.000Z
646,87150000,397.00,3.970,2026-07-29T21:30:00.000Z,ANA,2026-07-30T22:22:13.000Z
1341,87165001,498.00,4.980,2026-07-29T21:30:00.000Z,ANA,2026-07-30T22:22:13.000Z
2090,87163000,678.00,6.780,2026-07-29T21:30:00.000Z,ANA,2026-07-30T22:22:13.000Z
2834,87170000,1326.00,13.260,2026-07-29T21:30:00.000Z,ANA,2026-07-30T22:22:14.000Z
3582,87270000,709.00,7.090,2026-07-29T21:30:00.000Z,ANA,2026-07-30T22:22:15.000Z
4308,87168590,1102.00,11.020,2026-07-29T21:30:00.000Z,ANA,2026-07-30T22:22:16.000Z
645,87150000,397.00,3.970,2026-07-29T21:15:00.000Z,ANA,2026-07-30T22:22:13.000Z
1340,87165001,500.00,5.000,2026-07-29T21:15:00.000Z,ANA,2026-07-30T22:22:13.000Z
2089,87163000,680.00,6.800,2026-07-29T21:15:00.000Z,ANA,2026-07-30T22:22:13.000Z
2833,87170000,1325.00,13.250,2026-07-29T21:15:00.000Z,ANA,2026-07-30T22:22:14.000Z
3581,87270000,704.00,7.040,2026-07-29T21:15:00.000Z,ANA,2026-07-30T22:22:15.000Z
4307,87168590,1109.00,11.090,2026-07-29T21:15:00.000Z,ANA,2026-07-30T22:22:16.000Z
644,87150000,398.00,3.980,2026-07-29T21:00:00.000Z,ANA,2026-07-30T22:22:13.000Z
1339,87165001,505.00,5.050,2026-07-29T21:00:00.000Z,ANA,2026-07-30T22:22:13.000Z
2088,87163000,684.00,6.840,2026-07-29T21:00:00.000Z,ANA,2026-07-30T22:22:13.000Z
2832,87170000,1325.00,13.250,2026-07-29T21:00:00.000Z,ANA,2026-07-30T22:22:14.000Z
3580,87270000,704.00,7.040,2026-07-29T21:00:00.000Z,ANA,2026-07-30T22:22:15.000Z
4306,87168590,1119.00,11.190,2026-07-29T21:00:00.000Z,ANA,2026-07-30T22:22:16.000Z
643,87150000,398.00,3.980,2026-07-29T20:45:00.000Z,ANA,2026-07-30T22:22:13.000Z
1338,87165001,510.00,5.100,2026-07-29T20:45:00.000Z,ANA,2026-07-30T22:22:13.000Z
2087,87163000,686.00,6.860,2026-07-29T20:45:00.000Z,ANA,2026-07-30T22:22:13.000Z
2831,87170000,1324.00,13.240,2026-07-29T20:45:00.000Z,ANA,2026-07-30T22:22:14.000Z
3579,87270000,701.00,7.010,2026-07-29T20:45:00.000Z,ANA,2026-07-30T22:22:15.000Z
4305,87168590,1127.00,11.270,2026-07-29T20:45:00.000Z,ANA,2026-07-30T22:22:16.000Z
642,87150000,397.00,3.970,2026-07-29T20:30:00.000Z,ANA,2026-07-30T22:22:13.000Z
1337,87165001,513.00,5.130,2026-07-29T20:30:00.000Z,ANA,2026-07-30T22:22:13.000Z
2086,87163000,688.00,6.880,2026-07-29T20:30:00.000Z,ANA,2026-07-30T22:22:13.000Z
2830,87170000,1321.00,13.210,2026-07-29T20:30:00.000Z,ANA,2026-07-30T22:22:14.000Z
3578,87270000,699.00,6.990,2026-07-29T20:30:00.000Z,ANA,2026-07-30T22:22:15.000Z
4304,87168590,1136.00,11.360,2026-07-29T20:30:00.000Z,ANA,2026-07-30T22:22:16.000Z
641,87150000,398.00,3.980,2026-07-29T20:15:00.000Z,ANA,2026-07-30T22:22:13.000Z
1336,87165001,518.00,5.180,2026-07-29T20:15:00.000Z,ANA,2026-07-30T22:22:13.000Z
2085,87163000,690.00,6.900,2026-07-29T20:15:00.000Z,ANA,2026-07-30T22:22:13.000Z
2829,87170000,1322.00,13.220,2026-07-29T20:15:00.000Z,ANA,2026-07-30T22:22:14.000Z
3577,87270000,696.00,6.960,2026-07-29T20:15:00.000Z,ANA,2026-07-30T22:22:15.000Z
4303,87168590,1144.00,11.440,2026-07-29T20:15:00.000Z,ANA,2026-07-30T22:22:16.000Z
640,87150000,400.00,4.000,2026-07-29T20:00:00.000Z,ANA,2026-07-30T22:22:13.000Z
1335,87165001,522.00,5.220,2026-07-29T20:00:00.000Z,ANA,2026-07-30T22:22:13.000Z
2084,87163000,690.00,6.900,2026-07-29T20:00:00.000Z,ANA,2026-07-30T22:22:13.000Z
2828,87170000,1320.00,13.200,2026-07-29T20:00:00.000Z,ANA,2026-07-30T22:22:14.000Z
3576,87270000,695.00,6.950,2026-07-29T20:00:00.000Z,ANA,2026-07-30T22:22:15.000Z
4302,87168590,1153.00,11.530,2026-07-29T20:00:00.000Z,ANA,2026-07-30T22:22:16.000Z
639,87150000,401.00,4.010,2026-07-29T19:45:00.000Z,ANA,2026-07-30T22:22:13.000Z
1334,87165001,527.00,5.270,2026-07-29T19:45:00.000Z,ANA,2026-07-30T22:22:13.000Z
2083,87163000,694.00,6.940,2026-07-29T19:45:00.000Z,ANA,2026-07-30T22:22:13.000Z
2827,87170000,1319.00,13.190,2026-07-29T19:45:00.000Z,ANA,2026-07-30T22:22:14.000Z
3575,87270000,692.00,6.920,2026-07-29T19:45:00.000Z,ANA,2026-07-30T22:22:15.000Z
4301,87168590,1163.00,11.630,2026-07-29T19:45:00.000Z,ANA,2026-07-30T22:22:16.000Z
638,87150000,399.00,3.990,2026-07-29T19:30:00.000Z,ANA,2026-07-30T22:22:13.000Z
1333,87165001,533.00,5.330,2026-07-29T19:30:00.000Z,ANA,2026-07-30T22:22:13.000Z
2082,87163000,696.00,6.960,2026-07-29T19:30:00.000Z,ANA,2026-07-30T22:22:13.000Z
2826,87170000,1317.00,13.170,2026-07-29T19:30:00.000Z,ANA,2026-07-30T22:22:14.000Z
3574,87270000,690.00,6.900,2026-07-29T19:30:00.000Z,ANA,2026-07-30T22:22:15.000Z
4300,87168590,1172.00,11.720,2026-07-29T19:30:00.000Z,ANA,2026-07-30T22:22:16.000Z
637,87150000,399.00,3.990,2026-07-29T19:15:00.000Z,ANA,2026-07-30T22:22:13.000Z
1332,87165001,539.00,5.390,2026-07-29T19:15:00.000Z,ANA,2026-07-30T22:22:13.000Z
2081,87163000,697.00,6.970,2026-07-29T19:15:00.000Z,ANA,2026-07-30T22:22:13.000Z
2825,87170000,1317.00,13.170,2026-07-29T19:15:00.000Z,ANA,2026-07-30T22:22:14.000Z
3573,87270000,687.00,6.870,2026-07-29T19:15:00.000Z,ANA,2026-07-30T22:22:15.000Z
4299,87168590,1180.00,11.800,2026-07-29T19:15:00.000Z,ANA,2026-07-30T22:22:16.000Z
636,87150000,400.00,4.000,2026-07-29T19:00:00.000Z,ANA,2026-07-30T22:22:13.000Z
1331,87165001,544.00,5.440,2026-07-29T19:00:00.000Z,ANA,2026-07-30T22:22:13.000Z
2080,87163000,700.00,7.000,2026-07-29T19:00:00.000Z,ANA,2026-07-30T22:22:13.000Z
2824,87170000,1313.00,13.130,2026-07-29T19:00:00.000Z,ANA,2026-07-30T22:22:14.000Z
3572,87270000,685.00,6.850,2026-07-29T19:00:00.000Z,ANA,2026-07-30T22:22:15.000Z
4298,87168590,1188.00,11.880,2026-07-29T19:00:00.000Z,ANA,2026-07-30T22:22:16.000Z
635,87150000,400.00,4.000,2026-07-29T18:45:00.000Z,ANA,2026-07-30T22:22:13.000Z
1330,87165001,548.00,5.480,2026-07-29T18:45:00.000Z,ANA,2026-07-30T22:22:13.000Z
2079,87163000,703.00,7.030,2026-07-29T18:45:00.000Z,ANA,2026-07-30T22:22:13.000Z
2823,87170000,1312.00,13.120,2026-07-29T18:45:00.000Z,ANA,2026-07-30T22:22:14.000Z
3571,87270000,683.00,6.830,2026-07-29T18:45:00.000Z,ANA,2026-07-30T22:22:15.000Z
4297,87168590,1198.00,11.980,2026-07-29T18:45:00.000Z,ANA,2026-07-30T22:22:16.000Z
634,87150000,402.00,4.020,2026-07-29T18:30:00.000Z,ANA,2026-07-30T22:22:13.000Z
1329,87165001,557.00,5.570,2026-07-29T18:30:00.000Z,ANA,2026-07-30T22:22:13.000Z
2078,87163000,706.00,7.060,2026-07-29T18:30:00.000Z,ANA,2026-07-30T22:22:13.000Z
2822,87170000,1308.00,13.080,2026-07-29T18:30:00.000Z,ANA,2026-07-30T22:22:14.000Z
3570,87270000,680.00,6.800,2026-07-29T18:30:00.000Z,ANA,2026-07-30T22:22:15.000Z
4296,87168590,1208.00,12.080,2026-07-29T18:30:00.000Z,ANA,2026-07-30T22:22:16.000Z
633,87150000,402.00,4.020,2026-07-29T18:15:00.000Z,ANA,2026-07-30T22:22:13.000Z
1328,87165001,563.00,5.630,2026-07-29T18:15:00.000Z,ANA,2026-07-30T22:22:13.000Z
2077,87163000,709.00,7.090,2026-07-29T18:15:00.000Z,ANA,2026-07-30T22:22:13.000Z
2821,87170000,1308.00,13.080,2026-07-29T18:15:00.000Z,ANA,2026-07-30T22:22:14.000Z
3569,87270000,678.00,6.780,2026-07-29T18:15:00.000Z,ANA,2026-07-30T22:22:15.000Z
4295,87168590,1215.00,12.150,2026-07-29T18:15:00.000Z,ANA,2026-07-30T22:22:16.000Z
632,87150000,403.00,4.030,2026-07-29T18:00:00.000Z,ANA,2026-07-30T22:22:13.000Z
1327,87165001,573.00,5.730,2026-07-29T18:00:00.000Z,ANA,2026-07-30T22:22:13.000Z
2076,87163000,712.00,7.120,2026-07-29T18:00:00.000Z,ANA,2026-07-30T22:22:13.000Z
2820,87170000,1305.00,13.050,2026-07-29T18:00:00.000Z,ANA,2026-07-30T22:22:14.000Z
3568,87270000,675.00,6.750,2026-07-29T18:00:00.000Z,ANA,2026-07-30T22:22:15.000Z
4294,87168590,1224.00,12.240,2026-07-29T18:00:00.000Z,ANA,2026-07-30T22:22:16.000Z
631,87150000,404.00,4.040,2026-07-29T17:45:00.000Z,ANA,2026-07-30T22:22:13.000Z
1326,87165001,575.00,5.750,2026-07-29T17:45:00.000Z,ANA,2026-07-30T22:22:13.000Z
2075,87163000,716.00,7.160,2026-07-29T17:45:00.000Z,ANA,2026-07-30T22:22:13.000Z
2819,87170000,1302.00,13.020,2026-07-29T17:45:00.000Z,ANA,2026-07-30T22:22:14.000Z
3567,87270000,674.00,6.740,2026-07-29T17:45:00.000Z,ANA,2026-07-30T22:22:15.000Z
4293,87168590,1233.00,12.330,2026-07-29T17:45:00.000Z,ANA,2026-07-30T22:22:16.000Z
630,87150000,405.00,4.050,2026-07-29T17:30:00.000Z,ANA,2026-07-30T22:22:13.000Z
1325,87165001,583.00,5.830,2026-07-29T17:30:00.000Z,ANA,2026-07-30T22:22:13.000Z
2074,87163000,719.00,7.190,2026-07-29T17:30:00.000Z,ANA,2026-07-30T22:22:13.000Z
2818,87170000,1298.00,12.980,2026-07-29T17:30:00.000Z,ANA,2026-07-30T22:22:14.000Z
3566,87270000,672.00,6.720,2026-07-29T17:30:00.000Z,ANA,2026-07-30T22:22:15.000Z
4292,87168590,1242.00,12.420,2026-07-29T17:30:00.000Z,ANA,2026-07-30T22:22:16.000Z
629,87150000,406.00,4.060,2026-07-29T17:15:00.000Z,ANA,2026-07-30T22:22:13.000Z
1324,87165001,591.00,5.910,2026-07-29T17:15:00.000Z,ANA,2026-07-30T22:22:13.000Z
2073,87163000,722.00,7.220,2026-07-29T17:15:00.000Z,ANA,2026-07-30T22:22:13.000Z
2817,87170000,1293.00,12.930,2026-07-29T17:15:00.000Z,ANA,2026-07-30T22:22:14.000Z
3565,87270000,670.00,6.700,2026-07-29T17:15:00.000Z,ANA,2026-07-30T22:22:15.000Z
4291,87168590,1249.00,12.490,2026-07-29T17:15:00.000Z,ANA,2026-07-30T22:22:16.000Z
628,87150000,405.00,4.050,2026-07-29T17:00:00.000Z,ANA,2026-07-30T22:22:13.000Z
1323,87165001,599.00,5.990,2026-07-29T17:00:00.000Z,ANA,2026-07-30T22:22:13.000Z
2072,87163000,726.00,7.260,2026-07-29T17:00:00.000Z,ANA,2026-07-30T22:22:13.000Z
2816,87170000,1291.00,12.910,2026-07-29T17:00:00.000Z,ANA,2026-07-30T22:22:14.000Z
3564,87270000,666.00,6.660,2026-07-29T17:00:00.000Z,ANA,2026-07-30T22:22:15.000Z
4290,87168590,1257.00,12.570,2026-07-29T17:00:00.000Z,ANA,2026-07-30T22:22:16.000Z
627,87150000,408.00,4.080,2026-07-29T16:45:00.000Z,ANA,2026-07-30T22:22:13.000Z
1322,87165001,607.00,6.070,2026-07-29T16:45:00.000Z,ANA,2026-07-30T22:22:13.000Z
2071,87163000,730.00,7.300,2026-07-29T16:45:00.000Z,ANA,2026-07-30T22:22:13.000Z
2815,87170000,1288.00,12.880,2026-07-29T16:45:00.000Z,ANA,2026-07-30T22:22:14.000Z
3563,87270000,665.00,6.650,2026-07-29T16:45:00.000Z,ANA,2026-07-30T22:22:15.000Z
4289,87168590,1264.00,12.640,2026-07-29T16:45:00.000Z,ANA,2026-07-30T22:22:16.000Z
626,87150000,408.00,4.080,2026-07-29T16:30:00.000Z,ANA,2026-07-30T22:22:13.000Z
1321,87165001,613.00,6.130,2026-07-29T16:30:00.000Z,ANA,2026-07-30T22:22:13.000Z
2070,87163000,734.00,7.340,2026-07-29T16:30:00.000Z,ANA,2026-07-30T22:22:13.000Z
2814,87170000,1286.00,12.860,2026-07-29T16:30:00.000Z,ANA,2026-07-30T22:22:14.000Z
3562,87270000,664.00,6.640,2026-07-29T16:30:00.000Z,ANA,2026-07-30T22:22:15.000Z
4288,87168590,1270.00,12.700,2026-07-29T16:30:00.000Z,ANA,2026-07-30T22:22:16.000Z
625,87150000,408.00,4.080,2026-07-29T16:15:00.000Z,ANA,2026-07-30T22:22:13.000Z
1320,87165001,624.00,6.240,2026-07-29T16:15:00.000Z,ANA,2026-07-30T22:22:13.000Z
2069,87163000,737.00,7.370,2026-07-29T16:15:00.000Z,ANA,2026-07-30T22:22:13.000Z
2813,87170000,1283.00,12.830,2026-07-29T16:15:00.000Z,ANA,2026-07-30T22:22:14.000Z
3561,87270000,662.00,6.620,2026-07-29T16:15:00.000Z,ANA,2026-07-30T22:22:15.000Z
4287,87168590,1276.00,12.760,2026-07-29T16:15:00.000Z,ANA,2026-07-30T22:22:16.000Z
624,87150000,410.00,4.100,2026-07-29T16:00:00.000Z,ANA,2026-07-30T22:22:13.000Z
1319,87165001,632.00,6.320,2026-07-29T16:00:00.000Z,ANA,2026-07-30T22:22:13.000Z
2068,87163000,742.00,7.420,2026-07-29T16:00:00.000Z,ANA,2026-07-30T22:22:13.000Z
2812,87170000,1280.00,12.800,2026-07-29T16:00:00.000Z,ANA,2026-07-30T22:22:14.000Z
3560,87270000,660.00,6.600,2026-07-29T16:00:00.000Z,ANA,2026-07-30T22:22:15.000Z
4286,87168590,1282.00,12.820,2026-07-29T16:00:00.000Z,ANA,2026-07-30T22:22:16.000Z
623,87150000,409.00,4.090,2026-07-29T15:45:00.000Z,ANA,2026-07-30T22:22:13.000Z
1318,87165001,643.00,6.430,2026-07-29T15:45:00.000Z,ANA,2026-07-30T22:22:13.000Z
2067,87163000,746.00,7.460,2026-07-29T15:45:00.000Z,ANA,2026-07-30T22:22:13.000Z
2811,87170000,1279.00,12.790,2026-07-29T15:45:00.000Z,ANA,2026-07-30T22:22:14.000Z
3559,87270000,657.00,6.570,2026-07-29T15:45:00.000Z,ANA,2026-07-30T22:22:15.000Z
4285,87168590,1289.00,12.890,2026-07-29T15:45:00.000Z,ANA,2026-07-30T22:22:16.000Z
622,87150000,411.00,4.110,2026-07-29T15:30:00.000Z,ANA,2026-07-30T22:22:13.000Z
1317,87165001,650.00,6.500,2026-07-29T15:30:00.000Z,ANA,2026-07-30T22:22:13.000Z
2066,87163000,750.00,7.500,2026-07-29T15:30:00.000Z,ANA,2026-07-30T22:22:13.000Z
2810,87170000,1273.00,12.730,2026-07-29T15:30:00.000Z,ANA,2026-07-30T22:22:14.000Z
3558,87270000,655.00,6.550,2026-07-29T15:30:00.000Z,ANA,2026-07-30T22:22:15.000Z
4284,87168590,1293.00,12.930,2026-07-29T15:30:00.000Z,ANA,2026-07-30T22:22:16.000Z
621,87150000,412.00,4.120,2026-07-29T15:15:00.000Z,ANA,2026-07-30T22:22:13.000Z
1316,87165001,659.00,6.590,2026-07-29T15:15:00.000Z,ANA,2026-07-30T22:22:13.000Z
2065,87163000,755.00,7.550,2026-07-29T15:15:00.000Z,ANA,2026-07-30T22:22:13.000Z
2809,87170000,1273.00,12.730,2026-07-29T15:15:00.000Z,ANA,2026-07-30T22:22:14.000Z
3557,87270000,653.00,6.530,2026-07-29T15:15:00.000Z,ANA,2026-07-30T22:22:15.000Z
4283,87168590,1296.00,12.960,2026-07-29T15:15:00.000Z,ANA,2026-07-30T22:22:16.000Z
620,87150000,414.00,4.140,2026-07-29T15:00:00.000Z,ANA,2026-07-30T22:22:13.000Z
1315,87165001,674.00,6.740,2026-07-29T15:00:00.000Z,ANA,2026-07-30T22:22:13.000Z
2064,87163000,761.00,7.610,2026-07-29T15:00:00.000Z,ANA,2026-07-30T22:22:13.000Z
2808,87170000,1267.00,12.670,2026-07-29T15:00:00.000Z,ANA,2026-07-30T22:22:14.000Z
3556,87270000,652.00,6.520,2026-07-29T15:00:00.000Z,ANA,2026-07-30T22:22:15.000Z
619,87150000,416.00,4.160,2026-07-29T14:45:00.000Z,ANA,2026-07-30T22:22:13.000Z
1314,87165001,674.00,6.740,2026-07-29T14:45:00.000Z,ANA,2026-07-30T22:22:13.000Z
2063,87163000,766.00,7.660,2026-07-29T14:45:00.000Z,ANA,2026-07-30T22:22:13.000Z
2807,87170000,1265.00,12.650,2026-07-29T14:45:00.000Z,ANA,2026-07-30T22:22:14.000Z
3555,87270000,650.00,6.500,2026-07-29T14:45:00.000Z,ANA,2026-07-30T22:22:15.000Z
618,87150000,418.00,4.180,2026-07-29T14:30:00.000Z,ANA,2026-07-30T22:22:13.000Z
1313,87165001,686.00,6.860,2026-07-29T14:30:00.000Z,ANA,2026-07-30T22:22:13.000Z
2062,87163000,773.00,7.730,2026-07-29T14:30:00.000Z,ANA,2026-07-30T22:22:13.000Z
2806,87170000,1260.00,12.600,2026-07-29T14:30:00.000Z,ANA,2026-07-30T22:22:14.000Z
3554,87270000,648.00,6.480,2026-07-29T14:30:00.000Z,ANA,2026-07-30T22:22:15.000Z
617,87150000,419.00,4.190,2026-07-29T14:15:00.000Z,ANA,2026-07-30T22:22:13.000Z
1312,87165001,692.00,6.920,2026-07-29T14:15:00.000Z,ANA,2026-07-30T22:22:13.000Z
2061,87163000,780.00,7.800,2026-07-29T14:15:00.000Z,ANA,2026-07-30T22:22:13.000Z
2805,87170000,1254.00,12.540,2026-07-29T14:15:00.000Z,ANA,2026-07-30T22:22:14.000Z
3553,87270000,646.00,6.460,2026-07-29T14:15:00.000Z,ANA,2026-07-30T22:22:15.000Z
616,87150000,422.00,4.220,2026-07-29T14:00:00.000Z,ANA,2026-07-30T22:22:13.000Z
1311,87165001,696.00,6.960,2026-07-29T14:00:00.000Z,ANA,2026-07-30T22:22:13.000Z
2060,87163000,787.00,7.870,2026-07-29T14:00:00.000Z,ANA,2026-07-30T22:22:13.000Z
2804,87170000,1251.00,12.510,2026-07-29T14:00:00.000Z,ANA,2026-07-30T22:22:14.000Z
3552,87270000,644.00,6.440,2026-07-29T14:00:00.000Z,ANA,2026-07-30T22:22:15.000Z
615,87150000,423.00,4.230,2026-07-29T13:45:00.000Z,ANA,2026-07-30T22:22:13.000Z
1310,87165001,707.00,7.070,2026-07-29T13:45:00.000Z,ANA,2026-07-30T22:22:13.000Z
2059,87163000,792.00,7.920,2026-07-29T13:45:00.000Z,ANA,2026-07-30T22:22:13.000Z
2803,87170000,1244.00,12.440,2026-07-29T13:45:00.000Z,ANA,2026-07-30T22:22:14.000Z
3551,87270000,643.00,6.430,2026-07-29T13:45:00.000Z,ANA,2026-07-30T22:22:15.000Z
614,87150000,425.00,4.250,2026-07-29T13:30:00.000Z,ANA,2026-07-30T22:22:13.000Z
1309,87165001,717.00,7.170,2026-07-29T13:30:00.000Z,ANA,2026-07-30T22:22:13.000Z
2058,87163000,800.00,8.000,2026-07-29T13:30:00.000Z,ANA,2026-07-30T22:22:13.000Z
2802,87170000,1244.00,12.440,2026-07-29T13:30:00.000Z,ANA,2026-07-30T22:22:14.000Z
3550,87270000,640.00,6.400,2026-07-29T13:30:00.000Z,ANA,2026-07-30T22:22:15.000Z
613,87150000,427.00,4.270,2026-07-29T13:15:00.000Z,ANA,2026-07-30T22:22:13.000Z
1308,87165001,716.00,7.160,2026-07-29T13:15:00.000Z,ANA,2026-07-30T22:22:13.000Z
2057,87163000,806.00,8.060,2026-07-29T13:15:00.000Z,ANA,2026-07-30T22:22:13.000Z
2801,87170000,1236.00,12.360,2026-07-29T13:15:00.000Z,ANA,2026-07-30T22:22:14.000Z
3549,87270000,639.00,6.390,2026-07-29T13:15:00.000Z,ANA,2026-07-30T22:22:15.000Z
612,87150000,430.00,4.300,2026-07-29T13:00:00.000Z,ANA,2026-07-30T22:22:13.000Z
1307,87165001,724.00,7.240,2026-07-29T13:00:00.000Z,ANA,2026-07-30T22:22:13.000Z
2056,87163000,813.00,8.130,2026-07-29T13:00:00.000Z,ANA,2026-07-30T22:22:13.000Z
2800,87170000,1232.00,12.320,2026-07-29T13:00:00.000Z,ANA,2026-07-30T22:22:14.000Z
3548,87270000,638.00,6.380,2026-07-29T13:00:00.000Z,ANA,2026-07-30T22:22:15.000Z
611,87150000,431.00,4.310,2026-07-29T12:45:00.000Z,ANA,2026-07-30T22:22:13.000Z
1306,87165001,726.00,7.260,2026-07-29T12:45:00.000Z,ANA,2026-07-30T22:22:13.000Z
2055,87163000,819.00,8.190,2026-07-29T12:45:00.000Z,ANA,2026-07-30T22:22:13.000Z
2799,87170000,1229.00,12.290,2026-07-29T12:45:00.000Z,ANA,2026-07-30T22:22:14.000Z
3547,87270000,635.00,6.350,2026-07-29T12:45:00.000Z,ANA,2026-07-30T22:22:15.000Z
610,87150000,434.00,4.340,2026-07-29T12:30:00.000Z,ANA,2026-07-30T22:22:13.000Z
1305,87165001,732.00,7.320,2026-07-29T12:30:00.000Z,ANA,2026-07-30T22:22:13.000Z
2054,87163000,826.00,8.260,2026-07-29T12:30:00.000Z,ANA,2026-07-30T22:22:13.000Z
2798,87170000,1223.00,12.230,2026-07-29T12:30:00.000Z,ANA,2026-07-30T22:22:14.000Z
3546,87270000,634.00,6.340,2026-07-29T12:30:00.000Z,ANA,2026-07-30T22:22:15.000Z
609,87150000,437.00,4.370,2026-07-29T12:15:00.000Z,ANA,2026-07-30T22:22:13.000Z
1304,87165001,732.00,7.320,2026-07-29T12:15:00.000Z,ANA,2026-07-30T22:22:13.000Z
2053,87163000,834.00,8.340,2026-07-29T12:15:00.000Z,ANA,2026-07-30T22:22:13.000Z
2797,87170000,1216.00,12.160,2026-07-29T12:15:00.000Z,ANA,2026-07-30T22:22:14.000Z
3545,87270000,633.00,6.330,2026-07-29T12:15:00.000Z,ANA,2026-07-30T22:22:15.000Z
608,87150000,439.00,4.390,2026-07-29T12:00:00.000Z,ANA,2026-07-30T22:22:13.000Z
1303,87165001,738.00,7.380,2026-07-29T12:00:00.000Z,ANA,2026-07-30T22:22:13.000Z
2052,87163000,839.00,8.390,2026-07-29T12:00:00.000Z,ANA,2026-07-30T22:22:13.000Z
2796,87170000,1212.00,12.120,2026-07-29T12:00:00.000Z,ANA,2026-07-30T22:22:14.000Z
3544,87270000,632.00,6.320,2026-07-29T12:00:00.000Z,ANA,2026-07-30T22:22:15.000Z
607,87150000,442.00,4.420,2026-07-29T11:45:00.000Z,ANA,2026-07-30T22:22:13.000Z
1302,87165001,743.00,7.430,2026-07-29T11:45:00.000Z,ANA,2026-07-30T22:22:13.000Z
2051,87163000,844.00,8.440,2026-07-29T11:45:00.000Z,ANA,2026-07-30T22:22:13.000Z
2795,87170000,1206.00,12.060,2026-07-29T11:45:00.000Z,ANA,2026-07-30T22:22:14.000Z
3543,87270000,629.00,6.290,2026-07-29T11:45:00.000Z,ANA,2026-07-30T22:22:15.000Z
606,87150000,447.00,4.470,2026-07-29T11:30:00.000Z,ANA,2026-07-30T22:22:13.000Z
1301,87165001,745.00,7.450,2026-07-29T11:30:00.000Z,ANA,2026-07-30T22:22:13.000Z
2050,87163000,847.00,8.470,2026-07-29T11:30:00.000Z,ANA,2026-07-30T22:22:13.000Z
2794,87170000,1202.00,12.020,2026-07-29T11:30:00.000Z,ANA,2026-07-30T22:22:14.000Z
3542,87270000,627.00,6.270,2026-07-29T11:30:00.000Z,ANA,2026-07-30T22:22:15.000Z
605,87150000,449.00,4.490,2026-07-29T11:15:00.000Z,ANA,2026-07-30T22:22:13.000Z
1300,87165001,742.00,7.420,2026-07-29T11:15:00.000Z,ANA,2026-07-30T22:22:13.000Z
2049,87163000,850.00,8.500,2026-07-29T11:15:00.000Z,ANA,2026-07-30T22:22:13.000Z
2793,87170000,1197.00,11.970,2026-07-29T11:15:00.000Z,ANA,2026-07-30T22:22:14.000Z
3541,87270000,625.00,6.250,2026-07-29T11:15:00.000Z,ANA,2026-07-30T22:22:15.000Z
604,87150000,452.00,4.520,2026-07-29T11:00:00.000Z,ANA,2026-07-30T22:22:13.000Z
1299,87165001,737.00,7.370,2026-07-29T11:00:00.000Z,ANA,2026-07-30T22:22:13.000Z
2048,87163000,854.00,8.540,2026-07-29T11:00:00.000Z,ANA,2026-07-30T22:22:13.000Z
2792,87170000,1190.00,11.900,2026-07-29T11:00:00.000Z,ANA,2026-07-30T22:22:14.000Z
3540,87270000,624.00,6.240,2026-07-29T11:00:00.000Z,ANA,2026-07-30T22:22:15.000Z
603,87150000,457.00,4.570,2026-07-29T10:45:00.000Z,ANA,2026-07-30T22:22:13.000Z
1298,87165001,743.00,7.430,2026-07-29T10:45:00.000Z,ANA,2026-07-30T22:22:13.000Z
2047,87163000,858.00,8.580,2026-07-29T10:45:00.000Z,ANA,2026-07-30T22:22:13.000Z
2791,87170000,1187.00,11.870,2026-07-29T10:45:00.000Z,ANA,2026-07-30T22:22:14.000Z
3539,87270000,621.00,6.210,2026-07-29T10:45:00.000Z,ANA,2026-07-30T22:22:15.000Z
602,87150000,460.00,4.600,2026-07-29T10:30:00.000Z,ANA,2026-07-30T22:22:13.000Z
1297,87165001,738.00,7.380,2026-07-29T10:30:00.000Z,ANA,2026-07-30T22:22:13.000Z
2046,87163000,863.00,8.630,2026-07-29T10:30:00.000Z,ANA,2026-07-30T22:22:13.000Z
2790,87170000,1171.00,11.710,2026-07-29T10:30:00.000Z,ANA,2026-07-30T22:22:14.000Z
3538,87270000,619.00,6.190,2026-07-29T10:30:00.000Z,ANA,2026-07-30T22:22:15.000Z
601,87150000,461.00,4.610,2026-07-29T10:15:00.000Z,ANA,2026-07-30T22:22:13.000Z
1296,87165001,737.00,7.370,2026-07-29T10:15:00.000Z,ANA,2026-07-30T22:22:13.000Z
2045,87163000,863.00,8.630,2026-07-29T10:15:00.000Z,ANA,2026-07-30T22:22:13.000Z
2789,87170000,1168.00,11.680,2026-07-29T10:15:00.000Z,ANA,2026-07-30T22:22:14.000Z
3537,87270000,618.00,6.180,2026-07-29T10:15:00.000Z,ANA,2026-07-30T22:22:15.000Z
600,87150000,466.00,4.660,2026-07-29T10:00:00.000Z,ANA,2026-07-30T22:22:13.000Z
1295,87165001,733.00,7.330,2026-07-29T10:00:00.000Z,ANA,2026-07-30T22:22:13.000Z
2044,87163000,867.00,8.670,2026-07-29T10:00:00.000Z,ANA,2026-07-30T22:22:13.000Z
2788,87170000,1157.00,11.570,2026-07-29T10:00:00.000Z,ANA,2026-07-30T22:22:14.000Z
3536,87270000,616.00,6.160,2026-07-29T10:00:00.000Z,ANA,2026-07-30T22:22:15.000Z
599,87150000,466.00,4.660,2026-07-29T09:45:00.000Z,ANA,2026-07-30T22:22:13.000Z
1294,87165001,733.00,7.330,2026-07-29T09:45:00.000Z,ANA,2026-07-30T22:22:13.000Z
2043,87163000,868.00,8.680,2026-07-29T09:45:00.000Z,ANA,2026-07-30T22:22:13.000Z
2787,87170000,1155.00,11.550,2026-07-29T09:45:00.000Z,ANA,2026-07-30T22:22:14.000Z
3535,87270000,615.00,6.150,2026-07-29T09:45:00.000Z,ANA,2026-07-30T22:22:15.000Z
598,87150000,470.00,4.700,2026-07-29T09:30:00.000Z,ANA,2026-07-30T22:22:13.000Z
1293,87165001,728.00,7.280,2026-07-29T09:30:00.000Z,ANA,2026-07-30T22:22:13.000Z
2042,87163000,865.00,8.650,2026-07-29T09:30:00.000Z,ANA,2026-07-30T22:22:13.000Z
2786,87170000,1153.00,11.530,2026-07-29T09:30:00.000Z,ANA,2026-07-30T22:22:14.000Z
3534,87270000,613.00,6.130,2026-07-29T09:30:00.000Z,ANA,2026-07-30T22:22:15.000Z
597,87150000,472.00,4.720,2026-07-29T09:15:00.000Z,ANA,2026-07-30T22:22:13.000Z
1292,87165001,727.00,7.270,2026-07-29T09:15:00.000Z,ANA,2026-07-30T22:22:13.000Z
2041,87163000,865.00,8.650,2026-07-29T09:15:00.000Z,ANA,2026-07-30T22:22:13.000Z
2785,87170000,1145.00,11.450,2026-07-29T09:15:00.000Z,ANA,2026-07-30T22:22:14.000Z
3533,87270000,613.00,6.130,2026-07-29T09:15:00.000Z,ANA,2026-07-30T22:22:15.000Z
4282,87168590,1300.00,13.000,2026-07-29T09:15:00.000Z,ANA,2026-07-30T22:22:16.000Z
596,87150000,473.00,4.730,2026-07-29T09:00:00.000Z,ANA,2026-07-30T22:22:13.000Z
1291,87165001,722.00,7.220,2026-07-29T09:00:00.000Z,ANA,2026-07-30T22:22:13.000Z
2040,87163000,864.00,8.640,2026-07-29T09:00:00.000Z,ANA,2026-07-30T22:22:13.000Z
2784,87170000,1140.00,11.400,2026-07-29T09:00:00.000Z,ANA,2026-07-30T22:22:14.000Z
3532,87270000,611.00,6.110,2026-07-29T09:00:00.000Z,ANA,2026-07-30T22:22:15.000Z
4281,87168590,1295.00,12.950,2026-07-29T09:00:00.000Z,ANA,2026-07-30T22:22:16.000Z
595,87150000,474.00,4.740,2026-07-29T08:45:00.000Z,ANA,2026-07-30T22:22:13.000Z
1290,87165001,717.00,7.170,2026-07-29T08:45:00.000Z,ANA,2026-07-30T22:22:13.000Z
2039,87163000,861.00,8.610,2026-07-29T08:45:00.000Z,ANA,2026-07-30T22:22:13.000Z
2783,87170000,1134.00,11.340,2026-07-29T08:45:00.000Z,ANA,2026-07-30T22:22:14.000Z
3531,87270000,609.00,6.090,2026-07-29T08:45:00.000Z,ANA,2026-07-30T22:22:15.000Z
4280,87168590,1289.00,12.890,2026-07-29T08:45:00.000Z,ANA,2026-07-30T22:22:16.000Z
594,87150000,472.00,4.720,2026-07-29T08:30:00.000Z,ANA,2026-07-30T22:22:13.000Z
1289,87165001,718.00,7.180,2026-07-29T08:30:00.000Z,ANA,2026-07-30T22:22:13.000Z
2038,87163000,861.00,8.610,2026-07-29T08:30:00.000Z,ANA,2026-07-30T22:22:13.000Z
2782,87170000,1124.00,11.240,2026-07-29T08:30:00.000Z,ANA,2026-07-30T22:22:14.000Z
3530,87270000,606.00,6.060,2026-07-29T08:30:00.000Z,ANA,2026-07-30T22:22:15.000Z
4279,87168590,1284.00,12.840,2026-07-29T08:30:00.000Z,ANA,2026-07-30T22:22:16.000Z
593,87150000,468.00,4.680,2026-07-29T08:15:00.000Z,ANA,2026-07-30T22:22:13.000Z
1288,87165001,706.00,7.060,2026-07-29T08:15:00.000Z,ANA,2026-07-30T22:22:13.000Z
2037,87163000,859.00,8.590,2026-07-29T08:15:00.000Z,ANA,2026-07-30T22:22:13.000Z
2781,87170000,1119.00,11.190,2026-07-29T08:15:00.000Z,ANA,2026-07-30T22:22:14.000Z
3529,87270000,604.00,6.040,2026-07-29T08:15:00.000Z,ANA,2026-07-30T22:22:15.000Z
4278,87168590,1277.00,12.770,2026-07-29T08:15:00.000Z,ANA,2026-07-30T22:22:16.000Z
592,87150000,469.00,4.690,2026-07-29T08:00:00.000Z,ANA,2026-07-30T22:22:13.000Z
1287,87165001,704.00,7.040,2026-07-29T08:00:00.000Z,ANA,2026-07-30T22:22:13.000Z
2036,87163000,855.00,8.550,2026-07-29T08:00:00.000Z,ANA,2026-07-30T22:22:13.000Z
2780,87170000,1118.00,11.180,2026-07-29T08:00:00.000Z,ANA,2026-07-30T22:22:14.000Z
3528,87270000,602.00,6.020,2026-07-29T08:00:00.000Z,ANA,2026-07-30T22:22:15.000Z
4277,87168590,1269.00,12.690,2026-07-29T08:00:00.000Z,ANA,2026-07-30T22:22:16.000Z
591,87150000,469.00,4.690,2026-07-29T07:45:00.000Z,ANA,2026-07-30T22:22:13.000Z
1286,87165001,695.00,6.950,2026-07-29T07:45:00.000Z,ANA,2026-07-30T22:22:13.000Z
2035,87163000,848.00,8.480,2026-07-29T07:45:00.000Z,ANA,2026-07-30T22:22:13.000Z
2779,87170000,1106.00,11.060,2026-07-29T07:45:00.000Z,ANA,2026-07-30T22:22:14.000Z
3527,87270000,600.00,6.000,2026-07-29T07:45:00.000Z,ANA,2026-07-30T22:22:15.000Z
4276,87168590,1262.00,12.620,2026-07-29T07:45:00.000Z,ANA,2026-07-30T22:22:16.000Z
590,87150000,465.00,4.650,2026-07-29T07:30:00.000Z,ANA,2026-07-30T22:22:13.000Z
1285,87165001,691.00,6.910,2026-07-29T07:30:00.000Z,ANA,2026-07-30T22:22:13.000Z
2034,87163000,847.00,8.470,2026-07-29T07:30:00.000Z,ANA,2026-07-30T22:22:13.000Z
2778,87170000,1104.00,11.040,2026-07-29T07:30:00.000Z,ANA,2026-07-30T22:22:14.000Z
3526,87270000,598.00,5.980,2026-07-29T07:30:00.000Z,ANA,2026-07-30T22:22:15.000Z
4275,87168590,1253.00,12.530,2026-07-29T07:30:00.000Z,ANA,2026-07-30T22:22:16.000Z
589,87150000,466.00,4.660,2026-07-29T07:15:00.000Z,ANA,2026-07-30T22:22:13.000Z
1284,87165001,681.00,6.810,2026-07-29T07:15:00.000Z,ANA,2026-07-30T22:22:13.000Z
2033,87163000,844.00,8.440,2026-07-29T07:15:00.000Z,ANA,2026-07-30T22:22:13.000Z
2777,87170000,1094.00,10.940,2026-07-29T07:15:00.000Z,ANA,2026-07-30T22:22:14.000Z
3525,87270000,596.00,5.960,2026-07-29T07:15:00.000Z,ANA,2026-07-30T22:22:15.000Z
4274,87168590,1243.00,12.430,2026-07-29T07:15:00.000Z,ANA,2026-07-30T22:22:16.000Z
588,87150000,461.00,4.610,2026-07-29T07:00:00.000Z,ANA,2026-07-30T22:22:13.000Z
1283,87165001,673.00,6.730,2026-07-29T07:00:00.000Z,ANA,2026-07-30T22:22:13.000Z
2032,87163000,840.00,8.400,2026-07-29T07:00:00.000Z,ANA,2026-07-30T22:22:13.000Z
2776,87170000,1088.00,10.880,2026-07-29T07:00:00.000Z,ANA,2026-07-30T22:22:14.000Z
3524,87270000,593.00,5.930,2026-07-29T07:00:00.000Z,ANA,2026-07-30T22:22:15.000Z
4273,87168590,1235.00,12.350,2026-07-29T07:00:00.000Z,ANA,2026-07-30T22:22:16.000Z
587,87150000,455.00,4.550,2026-07-29T06:45:00.000Z,ANA,2026-07-30T22:22:13.000Z
1282,87165001,657.00,6.570,2026-07-29T06:45:00.000Z,ANA,2026-07-30T22:22:13.000Z
2031,87163000,834.00,8.340,2026-07-29T06:45:00.000Z,ANA,2026-07-30T22:22:13.000Z
2775,87170000,1085.00,10.850,2026-07-29T06:45:00.000Z,ANA,2026-07-30T22:22:14.000Z
3523,87270000,591.00,5.910,2026-07-29T06:45:00.000Z,ANA,2026-07-30T22:22:15.000Z
4272,87168590,1223.00,12.230,2026-07-29T06:45:00.000Z,ANA,2026-07-30T22:22:16.000Z
586,87150000,447.00,4.470,2026-07-29T06:30:00.000Z,ANA,2026-07-30T22:22:13.000Z
1281,87165001,651.00,6.510,2026-07-29T06:30:00.000Z,ANA,2026-07-30T22:22:13.000Z
2030,87163000,824.00,8.240,2026-07-29T06:30:00.000Z,ANA,2026-07-30T22:22:13.000Z
2774,87170000,1078.00,10.780,2026-07-29T06:30:00.000Z,ANA,2026-07-30T22:22:14.000Z
3522,87270000,589.00,5.890,2026-07-29T06:30:00.000Z,ANA,2026-07-30T22:22:15.000Z
4271,87168590,1214.00,12.140,2026-07-29T06:30:00.000Z,ANA,2026-07-30T22:22:16.000Z
585,87150000,438.00,4.380,2026-07-29T06:15:00.000Z,ANA,2026-07-30T22:22:13.000Z
1280,87165001,639.00,6.390,2026-07-29T06:15:00.000Z,ANA,2026-07-30T22:22:13.000Z
2029,87163000,814.00,8.140,2026-07-29T06:15:00.000Z,ANA,2026-07-30T22:22:13.000Z
2773,87170000,1071.00,10.710,2026-07-29T06:15:00.000Z,ANA,2026-07-30T22:22:14.000Z
3521,87270000,586.00,5.860,2026-07-29T06:15:00.000Z,ANA,2026-07-30T22:22:15.000Z
4270,87168590,1202.00,12.020,2026-07-29T06:15:00.000Z,ANA,2026-07-30T22:22:16.000Z
584,87150000,428.00,4.280,2026-07-29T06:00:00.000Z,ANA,2026-07-30T22:22:13.000Z
1279,87165001,632.00,6.320,2026-07-29T06:00:00.000Z,ANA,2026-07-30T22:22:13.000Z
2028,87163000,808.00,8.080,2026-07-29T06:00:00.000Z,ANA,2026-07-30T22:22:13.000Z
2772,87170000,1065.00,10.650,2026-07-29T06:00:00.000Z,ANA,2026-07-30T22:22:14.000Z
3520,87270000,584.00,5.840,2026-07-29T06:00:00.000Z,ANA,2026-07-30T22:22:15.000Z
4269,87168590,1185.00,11.850,2026-07-29T06:00:00.000Z,ANA,2026-07-30T22:22:16.000Z
583,87150000,417.00,4.170,2026-07-29T05:45:00.000Z,ANA,2026-07-30T22:22:13.000Z
1278,87165001,618.00,6.180,2026-07-29T05:45:00.000Z,ANA,2026-07-30T22:22:13.000Z
2027,87163000,798.00,7.980,2026-07-29T05:45:00.000Z,ANA,2026-07-30T22:22:13.000Z
2771,87170000,1058.00,10.580,2026-07-29T05:45:00.000Z,ANA,2026-07-30T22:22:14.000Z
3519,87270000,582.00,5.820,2026-07-29T05:45:00.000Z,ANA,2026-07-30T22:22:15.000Z
4268,87168590,1172.00,11.720,2026-07-29T05:45:00.000Z,ANA,2026-07-30T22:22:16.000Z
582,87150000,408.00,4.080,2026-07-29T05:30:00.000Z,ANA,2026-07-30T22:22:13.000Z
1277,87165001,612.00,6.120,2026-07-29T05:30:00.000Z,ANA,2026-07-30T22:22:13.000Z
2026,87163000,788.00,7.880,2026-07-29T05:30:00.000Z,ANA,2026-07-30T22:22:13.000Z
2770,87170000,1054.00,10.540,2026-07-29T05:30:00.000Z,ANA,2026-07-30T22:22:14.000Z
3518,87270000,579.00,5.790,2026-07-29T05:30:00.000Z,ANA,2026-07-30T22:22:15.000Z
4267,87168590,1157.00,11.570,2026-07-29T05:30:00.000Z,ANA,2026-07-30T22:22:16.000Z
581,87150000,395.00,3.950,2026-07-29T05:15:00.000Z,ANA,2026-07-30T22:22:13.000Z
1276,87165001,601.00,6.010,2026-07-29T05:15:00.000Z,ANA,2026-07-30T22:22:13.000Z
2025,87163000,777.00,7.770,2026-07-29T05:15:00.000Z,ANA,2026-07-30T22:22:13.000Z
2769,87170000,1049.00,10.490,2026-07-29T05:15:00.000Z,ANA,2026-07-30T22:22:14.000Z
3517,87270000,577.00,5.770,2026-07-29T05:15:00.000Z,ANA,2026-07-30T22:22:15.000Z
4266,87168590,1144.00,11.440,2026-07-29T05:15:00.000Z,ANA,2026-07-30T22:22:16.000Z
580,87150000,388.00,3.880,2026-07-29T05:00:00.000Z,ANA,2026-07-30T22:22:13.000Z
1275,87165001,586.00,5.860,2026-07-29T05:00:00.000Z,ANA,2026-07-30T22:22:13.000Z
2024,87163000,765.00,7.650,2026-07-29T05:00:00.000Z,ANA,2026-07-30T22:22:13.000Z
2768,87170000,1044.00,10.440,2026-07-29T05:00:00.000Z,ANA,2026-07-30T22:22:14.000Z
3516,87270000,573.00,5.730,2026-07-29T05:00:00.000Z,ANA,2026-07-30T22:22:15.000Z
4265,87168590,1125.00,11.250,2026-07-29T05:00:00.000Z,ANA,2026-07-30T22:22:16.000Z
579,87150000,383.00,3.830,2026-07-29T04:45:00.000Z,ANA,2026-07-30T22:22:13.000Z
1274,87165001,574.00,5.740,2026-07-29T04:45:00.000Z,ANA,2026-07-30T22:22:13.000Z
2023,87163000,752.00,7.520,2026-07-29T04:45:00.000Z,ANA,2026-07-30T22:22:13.000Z
2767,87170000,1040.00,10.400,2026-07-29T04:45:00.000Z,ANA,2026-07-30T22:22:14.000Z
3515,87270000,571.00,5.710,2026-07-29T04:45:00.000Z,ANA,2026-07-30T22:22:15.000Z
4264,87168590,1111.00,11.110,2026-07-29T04:45:00.000Z,ANA,2026-07-30T22:22:16.000Z
578,87150000,375.00,3.750,2026-07-29T04:30:00.000Z,ANA,2026-07-30T22:22:13.000Z
1273,87165001,560.00,5.600,2026-07-29T04:30:00.000Z,ANA,2026-07-30T22:22:13.000Z
2022,87163000,740.00,7.400,2026-07-29T04:30:00.000Z,ANA,2026-07-30T22:22:13.000Z
2766,87170000,1035.00,10.350,2026-07-29T04:30:00.000Z,ANA,2026-07-30T22:22:14.000Z
3514,87270000,567.00,5.670,2026-07-29T04:30:00.000Z,ANA,2026-07-30T22:22:15.000Z
4263,87168590,1094.00,10.940,2026-07-29T04:30:00.000Z,ANA,2026-07-30T22:22:16.000Z
577,87150000,370.00,3.700,2026-07-29T04:15:00.000Z,ANA,2026-07-30T22:22:13.000Z
1272,87165001,543.00,5.430,2026-07-29T04:15:00.000Z,ANA,2026-07-30T22:22:13.000Z
2021,87163000,730.00,7.300,2026-07-29T04:15:00.000Z,ANA,2026-07-30T22:22:13.000Z
2765,87170000,1030.00,10.300,2026-07-29T04:15:00.000Z,ANA,2026-07-30T22:22:14.000Z
3513,87270000,564.00,5.640,2026-07-29T04:15:00.000Z,ANA,2026-07-30T22:22:15.000Z
4262,87168590,1078.00,10.780,2026-07-29T04:15:00.000Z,ANA,2026-07-30T22:22:16.000Z
576,87150000,366.00,3.660,2026-07-29T04:00:00.000Z,ANA,2026-07-30T22:22:13.000Z
1271,87165001,533.00,5.330,2026-07-29T04:00:00.000Z,ANA,2026-07-30T22:22:13.000Z
2020,87163000,719.00,7.190,2026-07-29T04:00:00.000Z,ANA,2026-07-30T22:22:13.000Z
2764,87170000,1022.00,10.220,2026-07-29T04:00:00.000Z,ANA,2026-07-30T22:22:14.000Z
3512,87270000,561.00,5.610,2026-07-29T04:00:00.000Z,ANA,2026-07-30T22:22:15.000Z
4261,87168590,1061.00,10.610,2026-07-29T04:00:00.000Z,ANA,2026-07-30T22:22:16.000Z
575,87150000,364.00,3.640,2026-07-29T03:45:00.000Z,ANA,2026-07-30T22:22:13.000Z
1270,87165001,521.00,5.210,2026-07-29T03:45:00.000Z,ANA,2026-07-30T22:22:13.000Z
2019,87163000,707.00,7.070,2026-07-29T03:45:00.000Z,ANA,2026-07-30T22:22:13.000Z
2763,87170000,1018.00,10.180,2026-07-29T03:45:00.000Z,ANA,2026-07-30T22:22:14.000Z
3511,87270000,558.00,5.580,2026-07-29T03:45:00.000Z,ANA,2026-07-30T22:22:15.000Z
4260,87168590,1047.00,10.470,2026-07-29T03:45:00.000Z,ANA,2026-07-30T22:22:16.000Z
574,87150000,356.00,3.560,2026-07-29T03:30:00.000Z,ANA,2026-07-30T22:22:13.000Z
1269,87165001,513.00,5.130,2026-07-29T03:30:00.000Z,ANA,2026-07-30T22:22:13.000Z
2018,87163000,691.00,6.910,2026-07-29T03:30:00.000Z,ANA,2026-07-30T22:22:13.000Z
2762,87170000,1013.00,10.130,2026-07-29T03:30:00.000Z,ANA,2026-07-30T22:22:14.000Z
3510,87270000,554.00,5.540,2026-07-29T03:30:00.000Z,ANA,2026-07-30T22:22:15.000Z
4259,87168590,1035.00,10.350,2026-07-29T03:30:00.000Z,ANA,2026-07-30T22:22:16.000Z
573,87150000,348.00,3.480,2026-07-29T03:15:00.000Z,ANA,2026-07-30T22:22:13.000Z
1268,87165001,503.00,5.030,2026-07-29T03:15:00.000Z,ANA,2026-07-30T22:22:13.000Z
2017,87163000,672.00,6.720,2026-07-29T03:15:00.000Z,ANA,2026-07-30T22:22:13.000Z
2761,87170000,1010.00,10.100,2026-07-29T03:15:00.000Z,ANA,2026-07-30T22:22:14.000Z
3509,87270000,551.00,5.510,2026-07-29T03:15:00.000Z,ANA,2026-07-30T22:22:15.000Z
4258,87168590,1020.00,10.200,2026-07-29T03:15:00.000Z,ANA,2026-07-30T22:22:16.000Z
572,87150000,339.00,3.390,2026-07-29T03:00:00.000Z,ANA,2026-07-30T22:22:13.000Z
1267,87165001,496.00,4.960,2026-07-29T03:00:00.000Z,ANA,2026-07-30T22:22:13.000Z
2016,87163000,655.00,6.550,2026-07-29T03:00:00.000Z,ANA,2026-07-30T22:22:13.000Z
2760,87170000,1002.00,10.020,2026-07-29T03:00:00.000Z,ANA,2026-07-30T22:22:14.000Z
3508,87270000,546.00,5.460,2026-07-29T03:00:00.000Z,ANA,2026-07-30T22:22:15.000Z
4257,87168590,1009.00,10.090,2026-07-29T03:00:00.000Z,ANA,2026-07-30T22:22:16.000Z
571,87150000,330.00,3.300,2026-07-29T02:45:00.000Z,ANA,2026-07-30T22:22:13.000Z
1266,87165001,490.00,4.900,2026-07-29T02:45:00.000Z,ANA,2026-07-30T22:22:13.000Z
2015,87163000,642.00,6.420,2026-07-29T02:45:00.000Z,ANA,2026-07-30T22:22:13.000Z
2759,87170000,998.00,9.980,2026-07-29T02:45:00.000Z,ANA,2026-07-30T22:22:14.000Z
3507,87270000,542.00,5.420,2026-07-29T02:45:00.000Z,ANA,2026-07-30T22:22:15.000Z
4256,87168590,996.00,9.960,2026-07-29T02:45:00.000Z,ANA,2026-07-30T22:22:16.000Z
570,87150000,324.00,3.240,2026-07-29T02:30:00.000Z,ANA,2026-07-30T22:22:13.000Z
1265,87165001,486.00,4.860,2026-07-29T02:30:00.000Z,ANA,2026-07-30T22:22:13.000Z
2014,87163000,631.00,6.310,2026-07-29T02:30:00.000Z,ANA,2026-07-30T22:22:13.000Z
2758,87170000,988.00,9.880,2026-07-29T02:30:00.000Z,ANA,2026-07-30T22:22:14.000Z
3506,87270000,539.00,5.390,2026-07-29T02:30:00.000Z,ANA,2026-07-30T22:22:15.000Z
4255,87168590,989.00,9.890,2026-07-29T02:30:00.000Z,ANA,2026-07-30T22:22:16.000Z
569,87150000,321.00,3.210,2026-07-29T02:15:00.000Z,ANA,2026-07-30T22:22:13.000Z
1264,87165001,479.00,4.790,2026-07-29T02:15:00.000Z,ANA,2026-07-30T22:22:13.000Z
2013,87163000,621.00,6.210,2026-07-29T02:15:00.000Z,ANA,2026-07-30T22:22:13.000Z
2757,87170000,987.00,9.870,2026-07-29T02:15:00.000Z,ANA,2026-07-30T22:22:14.000Z
3505,87270000,535.00,5.350,2026-07-29T02:15:00.000Z,ANA,2026-07-30T22:22:15.000Z
4254,87168590,978.00,9.780,2026-07-29T02:15:00.000Z,ANA,2026-07-30T22:22:16.000Z
568,87150000,320.00,3.200,2026-07-29T02:00:00.000Z,ANA,2026-07-30T22:22:13.000Z
1263,87165001,476.00,4.760,2026-07-29T02:00:00.000Z,ANA,2026-07-30T22:22:13.000Z
2012,87163000,614.00,6.140,2026-07-29T02:00:00.000Z,ANA,2026-07-30T22:22:13.000Z
2756,87170000,982.00,9.820,2026-07-29T02:00:00.000Z,ANA,2026-07-30T22:22:14.000Z
3504,87270000,531.00,5.310,2026-07-29T02:00:00.000Z,ANA,2026-07-30T22:22:15.000Z
4253,87168590,971.00,9.710,2026-07-29T02:00:00.000Z,ANA,2026-07-30T22:22:16.000Z
567,87150000,319.00,3.190,2026-07-29T01:45:00.000Z,ANA,2026-07-30T22:22:13.000Z
1262,87165001,472.00,4.720,2026-07-29T01:45:00.000Z,ANA,2026-07-30T22:22:13.000Z
2011,87163000,609.00,6.090,2026-07-29T01:45:00.000Z,ANA,2026-07-30T22:22:13.000Z
2755,87170000,977.00,9.770,2026-07-29T01:45:00.000Z,ANA,2026-07-30T22:22:14.000Z
3503,87270000,528.00,5.280,2026-07-29T01:45:00.000Z,ANA,2026-07-30T22:22:15.000Z
4252,87168590,964.00,9.640,2026-07-29T01:45:00.000Z,ANA,2026-07-30T22:22:16.000Z
566,87150000,319.00,3.190,2026-07-29T01:30:00.000Z,ANA,2026-07-30T22:22:13.000Z
1261,87165001,469.00,4.690,2026-07-29T01:30:00.000Z,ANA,2026-07-30T22:22:13.000Z
2010,87163000,607.00,6.070,2026-07-29T01:30:00.000Z,ANA,2026-07-30T22:22:13.000Z
2754,87170000,970.00,9.700,2026-07-29T01:30:00.000Z,ANA,2026-07-30T22:22:14.000Z
3502,87270000,523.00,5.230,2026-07-29T01:30:00.000Z,ANA,2026-07-30T22:22:15.000Z
4251,87168590,962.00,9.620,2026-07-29T01:30:00.000Z,ANA,2026-07-30T22:22:16.000Z
565,87150000,319.00,3.190,2026-07-29T01:15:00.000Z,ANA,2026-07-30T22:22:13.000Z
1260,87165001,464.00,4.640,2026-07-29T01:15:00.000Z,ANA,2026-07-30T22:22:13.000Z
2009,87163000,605.00,6.050,2026-07-29T01:15:00.000Z,ANA,2026-07-30T22:22:13.000Z
2753,87170000,966.00,9.660,2026-07-29T01:15:00.000Z,ANA,2026-07-30T22:22:14.000Z
3501,87270000,519.00,5.190,2026-07-29T01:15:00.000Z,ANA,2026-07-30T22:22:15.000Z
4250,87168590,957.00,9.570,2026-07-29T01:15:00.000Z,ANA,2026-07-30T22:22:16.000Z
564,87150000,322.00,3.220,2026-07-29T01:00:00.000Z,ANA,2026-07-30T22:22:13.000Z
1259,87165001,466.00,4.660,2026-07-29T01:00:00.000Z,ANA,2026-07-30T22:22:13.000Z
2008,87163000,601.00,6.010,2026-07-29T01:00:00.000Z,ANA,2026-07-30T22:22:13.000Z
2752,87170000,962.00,9.620,2026-07-29T01:00:00.000Z,ANA,2026-07-30T22:22:14.000Z
3500,87270000,515.00,5.150,2026-07-29T01:00:00.000Z,ANA,2026-07-30T22:22:15.000Z
4249,87168590,953.00,9.530,2026-07-29T01:00:00.000Z,ANA,2026-07-30T22:22:16.000Z
563,87150000,323.00,3.230,2026-07-29T00:45:00.000Z,ANA,2026-07-30T22:22:13.000Z
1258,87165001,466.00,4.660,2026-07-29T00:45:00.000Z,ANA,2026-07-30T22:22:13.000Z
2007,87163000,601.00,6.010,2026-07-29T00:45:00.000Z,ANA,2026-07-30T22:22:13.000Z
2751,87170000,951.00,9.510,2026-07-29T00:45:00.000Z,ANA,2026-07-30T22:22:14.000Z
3499,87270000,510.00,5.100,2026-07-29T00:45:00.000Z,ANA,2026-07-30T22:22:15.000Z
4248,87168590,952.00,9.520,2026-07-29T00:45:00.000Z,ANA,2026-07-30T22:22:16.000Z
562,87150000,324.00,3.240,2026-07-29T00:30:00.000Z,ANA,2026-07-30T22:22:13.000Z
1257,87165001,467.00,4.670,2026-07-29T00:30:00.000Z,ANA,2026-07-30T22:22:13.000Z
2006,87163000,602.00,6.020,2026-07-29T00:30:00.000Z,ANA,2026-07-30T22:22:13.000Z
2750,87170000,949.00,9.490,2026-07-29T00:30:00.000Z,ANA,2026-07-30T22:22:14.000Z
3498,87270000,506.00,5.060,2026-07-29T00:30:00.000Z,ANA,2026-07-30T22:22:15.000Z
4247,87168590,947.00,9.470,2026-07-29T00:30:00.000Z,ANA,2026-07-30T22:22:16.000Z
561,87150000,327.00,3.270,2026-07-29T00:15:00.000Z,ANA,2026-07-30T22:22:13.000Z
1256,87165001,469.00,4.690,2026-07-29T00:15:00.000Z,ANA,2026-07-30T22:22:13.000Z
2005,87163000,603.00,6.030,2026-07-29T00:15:00.000Z,ANA,2026-07-30T22:22:13.000Z
2749,87170000,946.00,9.460,2026-07-29T00:15:00.000Z,ANA,2026-07-30T22:22:14.000Z
3497,87270000,502.00,5.020,2026-07-29T00:15:00.000Z,ANA,2026-07-30T22:22:15.000Z
4246,87168590,946.00,9.460,2026-07-29T00:15:00.000Z,ANA,2026-07-30T22:22:16.000Z
560,87150000,328.00,3.280,2026-07-29T00:00:00.000Z,ANA,2026-07-30T22:22:13.000Z
1255,87165001,471.00,4.710,2026-07-29T00:00:00.000Z,ANA,2026-07-30T22:22:13.000Z
2004,87163000,605.00,6.050,2026-07-29T00:00:00.000Z,ANA,2026-07-30T22:22:13.000Z
2748,87170000,938.00,9.380,2026-07-29T00:00:00.000Z,ANA,2026-07-30T22:22:14.000Z
3496,87270000,498.00,4.980,2026-07-29T00:00:00.000Z,ANA,2026-07-30T22:22:15.000Z
4245,87168590,945.00,9.450,2026-07-29T00:00:00.000Z,ANA,2026-07-30T22:22:16.000Z
559,87150000,332.00,3.320,2026-07-28T23:45:00.000Z,ANA,2026-07-30T22:22:13.000Z
1254,87165001,472.00,4.720,2026-07-28T23:45:00.000Z,ANA,2026-07-30T22:22:13.000Z
2003,87163000,607.00,6.070,2026-07-28T23:45:00.000Z,ANA,2026-07-30T22:22:13.000Z
2747,87170000,932.00,9.320,2026-07-28T23:45:00.000Z,ANA,2026-07-30T22:22:14.000Z
3495,87270000,492.00,4.920,2026-07-28T23:45:00.000Z,ANA,2026-07-30T22:22:15.000Z
4244,87168590,943.00,9.430,2026-07-28T23:45:00.000Z,ANA,2026-07-30T22:22:16.000Z
558,87150000,333.00,3.330,2026-07-28T23:30:00.000Z,ANA,2026-07-30T22:22:13.000Z
1253,87165001,473.00,4.730,2026-07-28T23:30:00.000Z,ANA,2026-07-30T22:22:13.000Z
2002,87163000,609.00,6.090,2026-07-28T23:30:00.000Z,ANA,2026-07-30T22:22:13.000Z
2746,87170000,931.00,9.310,2026-07-28T23:30:00.000Z,ANA,2026-07-30T22:22:14.000Z
3494,87270000,489.00,4.890,2026-07-28T23:30:00.000Z,ANA,2026-07-30T22:22:15.000Z
4243,87168590,942.00,9.420,2026-07-28T23:30:00.000Z,ANA,2026-07-30T22:22:16.000Z
557,87150000,336.00,3.360,2026-07-28T23:15:00.000Z,ANA,2026-07-30T22:22:13.000Z
1252,87165001,474.00,4.740,2026-07-28T23:15:00.000Z,ANA,2026-07-30T22:22:13.000Z
2001,87163000,612.00,6.120,2026-07-28T23:15:00.000Z,ANA,2026-07-30T22:22:13.000Z
2745,87170000,921.00,9.210,2026-07-28T23:15:00.000Z,ANA,2026-07-30T22:22:14.000Z
3493,87270000,485.00,4.850,2026-07-28T23:15:00.000Z,ANA,2026-07-30T22:22:15.000Z
4242,87168590,939.00,9.390,2026-07-28T23:15:00.000Z,ANA,2026-07-30T22:22:16.000Z
556,87150000,338.00,3.380,2026-07-28T23:00:00.000Z,ANA,2026-07-30T22:22:13.000Z
1251,87165001,474.00,4.740,2026-07-28T23:00:00.000Z,ANA,2026-07-30T22:22:13.000Z
2000,87163000,614.00,6.140,2026-07-28T23:00:00.000Z,ANA,2026-07-30T22:22:13.000Z
2744,87170000,919.00,9.190,2026-07-28T23:00:00.000Z,ANA,2026-07-30T22:22:14.000Z
3492,87270000,480.00,4.800,2026-07-28T23:00:00.000Z,ANA,2026-07-30T22:22:15.000Z
4241,87168590,936.00,9.360,2026-07-28T23:00:00.000Z,ANA,2026-07-30T22:22:16.000Z
555,87150000,340.00,3.400,2026-07-28T22:45:00.000Z,ANA,2026-07-30T22:22:13.000Z
1250,87165001,476.00,4.760,2026-07-28T22:45:00.000Z,ANA,2026-07-30T22:22:13.000Z
1999,87163000,615.00,6.150,2026-07-28T22:45:00.000Z,ANA,2026-07-30T22:22:13.000Z
2743,87170000,910.00,9.100,2026-07-28T22:45:00.000Z,ANA,2026-07-30T22:22:14.000Z
3491,87270000,476.00,4.760,2026-07-28T22:45:00.000Z,ANA,2026-07-30T22:22:15.000Z
4240,87168590,937.00,9.370,2026-07-28T22:45:00.000Z,ANA,2026-07-30T22:22:16.000Z
554,87150000,343.00,3.430,2026-07-28T22:30:00.000Z,ANA,2026-07-30T22:22:13.000Z
1249,87165001,474.00,4.740,2026-07-28T22:30:00.000Z,ANA,2026-07-30T22:22:13.000Z
1998,87163000,618.00,6.180,2026-07-28T22:30:00.000Z,ANA,2026-07-30T22:22:13.000Z
2742,87170000,902.00,9.020,2026-07-28T22:30:00.000Z,ANA,2026-07-30T22:22:14.000Z
3490,87270000,470.00,4.700,2026-07-28T22:30:00.000Z,ANA,2026-07-30T22:22:15.000Z
4239,87168590,936.00,9.360,2026-07-28T22:30:00.000Z,ANA,2026-07-30T22:22:16.000Z
553,87150000,344.00,3.440,2026-07-28T22:15:00.000Z,ANA,2026-07-30T22:22:13.000Z
1248,87165001,475.00,4.750,2026-07-28T22:15:00.000Z,ANA,2026-07-30T22:22:13.000Z
1997,87163000,620.00,6.200,2026-07-28T22:15:00.000Z,ANA,2026-07-30T22:22:13.000Z
2741,87170000,900.00,9.000,2026-07-28T22:15:00.000Z,ANA,2026-07-30T22:22:14.000Z
3489,87270000,466.00,4.660,2026-07-28T22:15:00.000Z,ANA,2026-07-30T22:22:15.000Z
4238,87168590,935.00,9.350,2026-07-28T22:15:00.000Z,ANA,2026-07-30T22:22:16.000Z
552,87150000,346.00,3.460,2026-07-28T22:00:00.000Z,ANA,2026-07-30T22:22:13.000Z
1247,87165001,475.00,4.750,2026-07-28T22:00:00.000Z,ANA,2026-07-30T22:22:13.000Z
1996,87163000,622.00,6.220,2026-07-28T22:00:00.000Z,ANA,2026-07-30T22:22:13.000Z
2740,87170000,887.00,8.870,2026-07-28T22:00:00.000Z,ANA,2026-07-30T22:22:14.000Z
3488,87270000,462.00,4.620,2026-07-28T22:00:00.000Z,ANA,2026-07-30T22:22:15.000Z
4237,87168590,933.00,9.330,2026-07-28T22:00:00.000Z,ANA,2026-07-30T22:22:16.000Z
551,87150000,350.00,3.500,2026-07-28T21:45:00.000Z,ANA,2026-07-30T22:22:13.000Z
1246,87165001,475.00,4.750,2026-07-28T21:45:00.000Z,ANA,2026-07-30T22:22:13.000Z
1995,87163000,622.00,6.220,2026-07-28T21:45:00.000Z,ANA,2026-07-30T22:22:13.000Z
2739,87170000,880.00,8.800,2026-07-28T21:45:00.000Z,ANA,2026-07-30T22:22:14.000Z
3487,87270000,456.00,4.560,2026-07-28T21:45:00.000Z,ANA,2026-07-30T22:22:15.000Z
4236,87168590,931.00,9.310,2026-07-28T21:45:00.000Z,ANA,2026-07-30T22:22:16.000Z
550,87150000,351.00,3.510,2026-07-28T21:30:00.000Z,ANA,2026-07-30T22:22:13.000Z
1245,87165001,474.00,4.740,2026-07-28T21:30:00.000Z,ANA,2026-07-30T22:22:13.000Z
1994,87163000,623.00,6.230,2026-07-28T21:30:00.000Z,ANA,2026-07-30T22:22:13.000Z
2738,87170000,876.00,8.760,2026-07-28T21:30:00.000Z,ANA,2026-07-30T22:22:14.000Z
3486,87270000,452.00,4.520,2026-07-28T21:30:00.000Z,ANA,2026-07-30T22:22:15.000Z
4235,87168590,928.00,9.280,2026-07-28T21:30:00.000Z,ANA,2026-07-30T22:22:16.000Z
549,87150000,353.00,3.530,2026-07-28T21:15:00.000Z,ANA,2026-07-30T22:22:13.000Z
1244,87165001,476.00,4.760,2026-07-28T21:15:00.000Z,ANA,2026-07-30T22:22:13.000Z
1993,87163000,622.00,6.220,2026-07-28T21:15:00.000Z,ANA,2026-07-30T22:22:13.000Z
2737,87170000,869.00,8.690,2026-07-28T21:15:00.000Z,ANA,2026-07-30T22:22:14.000Z
3485,87270000,447.00,4.470,2026-07-28T21:15:00.000Z,ANA,2026-07-30T22:22:15.000Z
4234,87168590,926.00,9.260,2026-07-28T21:15:00.000Z,ANA,2026-07-30T22:22:16.000Z
548,87150000,354.00,3.540,2026-07-28T21:00:00.000Z,ANA,2026-07-30T22:22:13.000Z
1243,87165001,474.00,4.740,2026-07-28T21:00:00.000Z,ANA,2026-07-30T22:22:13.000Z
1992,87163000,624.00,6.240,2026-07-28T21:00:00.000Z,ANA,2026-07-30T22:22:13.000Z
2736,87170000,857.00,8.570,2026-07-28T21:00:00.000Z,ANA,2026-07-30T22:22:14.000Z
3484,87270000,442.00,4.420,2026-07-28T21:00:00.000Z,ANA,2026-07-30T22:22:15.000Z
4233,87168590,920.00,9.200,2026-07-28T21:00:00.000Z,ANA,2026-07-30T22:22:16.000Z
547,87150000,354.00,3.540,2026-07-28T20:45:00.000Z,ANA,2026-07-30T22:22:13.000Z
1242,87165001,475.00,4.750,2026-07-28T20:45:00.000Z,ANA,2026-07-30T22:22:13.000Z
1991,87163000,623.00,6.230,2026-07-28T20:45:00.000Z,ANA,2026-07-30T22:22:13.000Z
2735,87170000,849.00,8.490,2026-07-28T20:45:00.000Z,ANA,2026-07-30T22:22:14.000Z
3483,87270000,436.00,4.360,2026-07-28T20:45:00.000Z,ANA,2026-07-30T22:22:15.000Z
4232,87168590,917.00,9.170,2026-07-28T20:45:00.000Z,ANA,2026-07-30T22:22:16.000Z
546,87150000,354.00,3.540,2026-07-28T20:30:00.000Z,ANA,2026-07-30T22:22:13.000Z
1241,87165001,475.00,4.750,2026-07-28T20:30:00.000Z,ANA,2026-07-30T22:22:13.000Z
1990,87163000,623.00,6.230,2026-07-28T20:30:00.000Z,ANA,2026-07-30T22:22:13.000Z
2734,87170000,840.00,8.400,2026-07-28T20:30:00.000Z,ANA,2026-07-30T22:22:14.000Z
3482,87270000,431.00,4.310,2026-07-28T20:30:00.000Z,ANA,2026-07-30T22:22:15.000Z
4231,87168590,909.00,9.090,2026-07-28T20:30:00.000Z,ANA,2026-07-30T22:22:16.000Z
545,87150000,357.00,3.570,2026-07-28T20:15:00.000Z,ANA,2026-07-30T22:22:13.000Z
1240,87165001,475.00,4.750,2026-07-28T20:15:00.000Z,ANA,2026-07-30T22:22:13.000Z
1989,87163000,624.00,6.240,2026-07-28T20:15:00.000Z,ANA,2026-07-30T22:22:13.000Z
2733,87170000,829.00,8.290,2026-07-28T20:15:00.000Z,ANA,2026-07-30T22:22:14.000Z
3481,87270000,426.00,4.260,2026-07-28T20:15:00.000Z,ANA,2026-07-30T22:22:15.000Z
4230,87168590,904.00,9.040,2026-07-28T20:15:00.000Z,ANA,2026-07-30T22:22:16.000Z
544,87150000,357.00,3.570,2026-07-28T20:00:00.000Z,ANA,2026-07-30T22:22:13.000Z
1239,87165001,473.00,4.730,2026-07-28T20:00:00.000Z,ANA,2026-07-30T22:22:13.000Z
1988,87163000,624.00,6.240,2026-07-28T20:00:00.000Z,ANA,2026-07-30T22:22:13.000Z
2732,87170000,820.00,8.200,2026-07-28T20:00:00.000Z,ANA,2026-07-30T22:22:14.000Z
3480,87270000,421.00,4.210,2026-07-28T20:00:00.000Z,ANA,2026-07-30T22:22:15.000Z
4229,87168590,896.00,8.960,2026-07-28T20:00:00.000Z,ANA,2026-07-30T22:22:16.000Z
543,87150000,357.00,3.570,2026-07-28T19:45:00.000Z,ANA,2026-07-30T22:22:13.000Z
1238,87165001,473.00,4.730,2026-07-28T19:45:00.000Z,ANA,2026-07-30T22:22:13.000Z
1987,87163000,624.00,6.240,2026-07-28T19:45:00.000Z,ANA,2026-07-30T22:22:13.000Z
2731,87170000,810.00,8.100,2026-07-28T19:45:00.000Z,ANA,2026-07-30T22:22:14.000Z
3479,87270000,416.00,4.160,2026-07-28T19:45:00.000Z,ANA,2026-07-30T22:22:15.000Z
4228,87168590,890.00,8.900,2026-07-28T19:45:00.000Z,ANA,2026-07-30T22:22:16.000Z
542,87150000,357.00,3.570,2026-07-28T19:30:00.000Z,ANA,2026-07-30T22:22:13.000Z
1237,87165001,468.00,4.680,2026-07-28T19:30:00.000Z,ANA,2026-07-30T22:22:13.000Z
1986,87163000,624.00,6.240,2026-07-28T19:30:00.000Z,ANA,2026-07-30T22:22:13.000Z
2730,87170000,801.00,8.010,2026-07-28T19:30:00.000Z,ANA,2026-07-30T22:22:14.000Z
3478,87270000,411.00,4.110,2026-07-28T19:30:00.000Z,ANA,2026-07-30T22:22:15.000Z
4227,87168590,882.00,8.820,2026-07-28T19:30:00.000Z,ANA,2026-07-30T22:22:16.000Z
541,87150000,357.00,3.570,2026-07-28T19:15:00.000Z,ANA,2026-07-30T22:22:13.000Z
1236,87165001,466.00,4.660,2026-07-28T19:15:00.000Z,ANA,2026-07-30T22:22:13.000Z
1985,87163000,623.00,6.230,2026-07-28T19:15:00.000Z,ANA,2026-07-30T22:22:13.000Z
2729,87170000,788.00,7.880,2026-07-28T19:15:00.000Z,ANA,2026-07-30T22:22:14.000Z
3477,87270000,406.00,4.060,2026-07-28T19:15:00.000Z,ANA,2026-07-30T22:22:15.000Z
4226,87168590,873.00,8.730,2026-07-28T19:15:00.000Z,ANA,2026-07-30T22:22:16.000Z
540,87150000,358.00,3.580,2026-07-28T19:00:00.000Z,ANA,2026-07-30T22:22:13.000Z
1235,87165001,461.00,4.610,2026-07-28T19:00:00.000Z,ANA,2026-07-30T22:22:13.000Z
1984,87163000,624.00,6.240,2026-07-28T19:00:00.000Z,ANA,2026-07-30T22:22:13.000Z
2728,87170000,777.00,7.770,2026-07-28T19:00:00.000Z,ANA,2026-07-30T22:22:14.000Z
3476,87270000,400.00,4.000,2026-07-28T19:00:00.000Z,ANA,2026-07-30T22:22:15.000Z
4225,87168590,860.00,8.600,2026-07-28T19:00:00.000Z,ANA,2026-07-30T22:22:16.000Z
539,87150000,356.00,3.560,2026-07-28T18:45:00.000Z,ANA,2026-07-30T22:22:13.000Z
1234,87165001,458.00,4.580,2026-07-28T18:45:00.000Z,ANA,2026-07-30T22:22:13.000Z
1983,87163000,623.00,6.230,2026-07-28T18:45:00.000Z,ANA,2026-07-30T22:22:13.000Z
2727,87170000,768.00,7.680,2026-07-28T18:45:00.000Z,ANA,2026-07-30T22:22:14.000Z
3475,87270000,394.00,3.940,2026-07-28T18:45:00.000Z,ANA,2026-07-30T22:22:15.000Z
4224,87168590,851.00,8.510,2026-07-28T18:45:00.000Z,ANA,2026-07-30T22:22:16.000Z
538,87150000,354.00,3.540,2026-07-28T18:30:00.000Z,ANA,2026-07-30T22:22:13.000Z
1233,87165001,454.00,4.540,2026-07-28T18:30:00.000Z,ANA,2026-07-30T22:22:13.000Z
1982,87163000,620.00,6.200,2026-07-28T18:30:00.000Z,ANA,2026-07-30T22:22:13.000Z
2726,87170000,756.00,7.560,2026-07-28T18:30:00.000Z,ANA,2026-07-30T22:22:14.000Z
3474,87270000,389.00,3.890,2026-07-28T18:30:00.000Z,ANA,2026-07-30T22:22:15.000Z
4223,87168590,840.00,8.400,2026-07-28T18:30:00.000Z,ANA,2026-07-30T22:22:16.000Z
537,87150000,353.00,3.530,2026-07-28T18:15:00.000Z,ANA,2026-07-30T22:22:13.000Z
1232,87165001,450.00,4.500,2026-07-28T18:15:00.000Z,ANA,2026-07-30T22:22:13.000Z
1981,87163000,617.00,6.170,2026-07-28T18:15:00.000Z,ANA,2026-07-30T22:22:13.000Z
2725,87170000,747.00,7.470,2026-07-28T18:15:00.000Z,ANA,2026-07-30T22:22:14.000Z
3473,87270000,384.00,3.840,2026-07-28T18:15:00.000Z,ANA,2026-07-30T22:22:15.000Z
4222,87168590,825.00,8.250,2026-07-28T18:15:00.000Z,ANA,2026-07-30T22:22:16.000Z
536,87150000,351.00,3.510,2026-07-28T18:00:00.000Z,ANA,2026-07-30T22:22:13.000Z
1231,87165001,443.00,4.430,2026-07-28T18:00:00.000Z,ANA,2026-07-30T22:22:13.000Z
1980,87163000,616.00,6.160,2026-07-28T18:00:00.000Z,ANA,2026-07-30T22:22:13.000Z
2724,87170000,734.00,7.340,2026-07-28T18:00:00.000Z,ANA,2026-07-30T22:22:14.000Z
3472,87270000,379.00,3.790,2026-07-28T18:00:00.000Z,ANA,2026-07-30T22:22:15.000Z
4221,87168590,813.00,8.130,2026-07-28T18:00:00.000Z,ANA,2026-07-30T22:22:16.000Z
535,87150000,350.00,3.500,2026-07-28T17:45:00.000Z,ANA,2026-07-30T22:22:13.000Z
1230,87165001,438.00,4.380,2026-07-28T17:45:00.000Z,ANA,2026-07-30T22:22:13.000Z
1979,87163000,613.00,6.130,2026-07-28T17:45:00.000Z,ANA,2026-07-30T22:22:13.000Z
2723,87170000,727.00,7.270,2026-07-28T17:45:00.000Z,ANA,2026-07-30T22:22:14.000Z
3471,87270000,373.00,3.730,2026-07-28T17:45:00.000Z,ANA,2026-07-30T22:22:15.000Z
4220,87168590,802.00,8.020,2026-07-28T17:45:00.000Z,ANA,2026-07-30T22:22:16.000Z
534,87150000,348.00,3.480,2026-07-28T17:30:00.000Z,ANA,2026-07-30T22:22:13.000Z
1229,87165001,430.00,4.300,2026-07-28T17:30:00.000Z,ANA,2026-07-30T22:22:13.000Z
1978,87163000,609.00,6.090,2026-07-28T17:30:00.000Z,ANA,2026-07-30T22:22:13.000Z
2722,87170000,713.00,7.130,2026-07-28T17:30:00.000Z,ANA,2026-07-30T22:22:14.000Z
3470,87270000,368.00,3.680,2026-07-28T17:30:00.000Z,ANA,2026-07-30T22:22:15.000Z
4219,87168590,791.00,7.910,2026-07-28T17:30:00.000Z,ANA,2026-07-30T22:22:16.000Z
533,87150000,347.00,3.470,2026-07-28T17:15:00.000Z,ANA,2026-07-30T22:22:13.000Z
1228,87165001,422.00,4.220,2026-07-28T17:15:00.000Z,ANA,2026-07-30T22:22:13.000Z
1977,87163000,605.00,6.050,2026-07-28T17:15:00.000Z,ANA,2026-07-30T22:22:13.000Z
2721,87170000,701.00,7.010,2026-07-28T17:15:00.000Z,ANA,2026-07-30T22:22:14.000Z
3469,87270000,363.00,3.630,2026-07-28T17:15:00.000Z,ANA,2026-07-30T22:22:15.000Z
4218,87168590,778.00,7.780,2026-07-28T17:15:00.000Z,ANA,2026-07-30T22:22:16.000Z
532,87150000,347.00,3.470,2026-07-28T17:00:00.000Z,ANA,2026-07-30T22:22:13.000Z
1227,87165001,412.00,4.120,2026-07-28T17:00:00.000Z,ANA,2026-07-30T22:22:13.000Z
1976,87163000,599.00,5.990,2026-07-28T17:00:00.000Z,ANA,2026-07-30T22:22:13.000Z
2720,87170000,692.00,6.920,2026-07-28T17:00:00.000Z,ANA,2026-07-30T22:22:14.000Z
3468,87270000,358.00,3.580,2026-07-28T17:00:00.000Z,ANA,2026-07-30T22:22:15.000Z
4217,87168590,767.00,7.670,2026-07-28T17:00:00.000Z,ANA,2026-07-30T22:22:16.000Z
531,87150000,346.00,3.460,2026-07-28T16:45:00.000Z,ANA,2026-07-30T22:22:13.000Z
1226,87165001,404.00,4.040,2026-07-28T16:45:00.000Z,ANA,2026-07-30T22:22:13.000Z
1975,87163000,591.00,5.910,2026-07-28T16:45:00.000Z,ANA,2026-07-30T22:22:13.000Z
2719,87170000,678.00,6.780,2026-07-28T16:45:00.000Z,ANA,2026-07-30T22:22:14.000Z
3467,87270000,353.00,3.530,2026-07-28T16:45:00.000Z,ANA,2026-07-30T22:22:15.000Z
4216,87168590,759.00,7.590,2026-07-28T16:45:00.000Z,ANA,2026-07-30T22:22:16.000Z
530,87150000,346.00,3.460,2026-07-28T16:30:00.000Z,ANA,2026-07-30T22:22:13.000Z
1225,87165001,396.00,3.960,2026-07-28T16:30:00.000Z,ANA,2026-07-30T22:22:13.000Z
1974,87163000,584.00,5.840,2026-07-28T16:30:00.000Z,ANA,2026-07-30T22:22:13.000Z
2718,87170000,667.00,6.670,2026-07-28T16:30:00.000Z,ANA,2026-07-30T22:22:14.000Z
3466,87270000,349.00,3.490,2026-07-28T16:30:00.000Z,ANA,2026-07-30T22:22:15.000Z
4215,87168590,750.00,7.500,2026-07-28T16:30:00.000Z,ANA,2026-07-30T22:22:16.000Z
529,87150000,344.00,3.440,2026-07-28T16:15:00.000Z,ANA,2026-07-30T22:22:13.000Z
1224,87165001,387.00,3.870,2026-07-28T16:15:00.000Z,ANA,2026-07-30T22:22:13.000Z
1973,87163000,574.00,5.740,2026-07-28T16:15:00.000Z,ANA,2026-07-30T22:22:13.000Z
2717,87170000,653.00,6.530,2026-07-28T16:15:00.000Z,ANA,2026-07-30T22:22:14.000Z
3465,87270000,344.00,3.440,2026-07-28T16:15:00.000Z,ANA,2026-07-30T22:22:15.000Z
4214,87168590,739.00,7.390,2026-07-28T16:15:00.000Z,ANA,2026-07-30T22:22:16.000Z
528,87150000,342.00,3.420,2026-07-28T16:00:00.000Z,ANA,2026-07-30T22:22:13.000Z
1223,87165001,382.00,3.820,2026-07-28T16:00:00.000Z,ANA,2026-07-30T22:22:13.000Z
1972,87163000,563.00,5.630,2026-07-28T16:00:00.000Z,ANA,2026-07-30T22:22:13.000Z
2716,87170000,640.00,6.400,2026-07-28T16:00:00.000Z,ANA,2026-07-30T22:22:14.000Z
3464,87270000,340.00,3.400,2026-07-28T16:00:00.000Z,ANA,2026-07-30T22:22:15.000Z
4213,87168590,730.00,7.300,2026-07-28T16:00:00.000Z,ANA,2026-07-30T22:22:16.000Z
527,87150000,340.00,3.400,2026-07-28T15:45:00.000Z,ANA,2026-07-30T22:22:13.000Z
1222,87165001,376.00,3.760,2026-07-28T15:45:00.000Z,ANA,2026-07-30T22:22:13.000Z
1971,87163000,550.00,5.500,2026-07-28T15:45:00.000Z,ANA,2026-07-30T22:22:13.000Z
2715,87170000,629.00,6.290,2026-07-28T15:45:00.000Z,ANA,2026-07-30T22:22:14.000Z
3463,87270000,336.00,3.360,2026-07-28T15:45:00.000Z,ANA,2026-07-30T22:22:15.000Z
4212,87168590,719.00,7.190,2026-07-28T15:45:00.000Z,ANA,2026-07-30T22:22:16.000Z
526,87150000,338.00,3.380,2026-07-28T15:30:00.000Z,ANA,2026-07-30T22:22:13.000Z
1221,87165001,371.00,3.710,2026-07-28T15:30:00.000Z,ANA,2026-07-30T22:22:13.000Z
1970,87163000,540.00,5.400,2026-07-28T15:30:00.000Z,ANA,2026-07-30T22:22:13.000Z
2714,87170000,616.00,6.160,2026-07-28T15:30:00.000Z,ANA,2026-07-30T22:22:14.000Z
3462,87270000,332.00,3.320,2026-07-28T15:30:00.000Z,ANA,2026-07-30T22:22:15.000Z
4211,87168590,710.00,7.100,2026-07-28T15:30:00.000Z,ANA,2026-07-30T22:22:16.000Z
525,87150000,334.00,3.340,2026-07-28T15:15:00.000Z,ANA,2026-07-30T22:22:13.000Z
1220,87165001,366.00,3.660,2026-07-28T15:15:00.000Z,ANA,2026-07-30T22:22:13.000Z
1969,87163000,530.00,5.300,2026-07-28T15:15:00.000Z,ANA,2026-07-30T22:22:13.000Z
2713,87170000,604.00,6.040,2026-07-28T15:15:00.000Z,ANA,2026-07-30T22:22:14.000Z
3461,87270000,329.00,3.290,2026-07-28T15:15:00.000Z,ANA,2026-07-30T22:22:15.000Z
4210,87168590,697.00,6.970,2026-07-28T15:15:00.000Z,ANA,2026-07-30T22:22:16.000Z
524,87150000,333.00,3.330,2026-07-28T15:00:00.000Z,ANA,2026-07-30T22:22:13.000Z
1219,87165001,362.00,3.620,2026-07-28T15:00:00.000Z,ANA,2026-07-30T22:22:13.000Z
1968,87163000,522.00,5.220,2026-07-28T15:00:00.000Z,ANA,2026-07-30T22:22:13.000Z
2712,87170000,593.00,5.930,2026-07-28T15:00:00.000Z,ANA,2026-07-30T22:22:14.000Z
3460,87270000,321.00,3.210,2026-07-28T15:00:00.000Z,ANA,2026-07-30T22:22:15.000Z
4209,87168590,684.00,6.840,2026-07-28T15:00:00.000Z,ANA,2026-07-30T22:22:16.000Z
523,87150000,330.00,3.300,2026-07-28T14:45:00.000Z,ANA,2026-07-30T22:22:13.000Z
1218,87165001,354.00,3.540,2026-07-28T14:45:00.000Z,ANA,2026-07-30T22:22:13.000Z
1967,87163000,515.00,5.150,2026-07-28T14:45:00.000Z,ANA,2026-07-30T22:22:13.000Z
2711,87170000,581.00,5.810,2026-07-28T14:45:00.000Z,ANA,2026-07-30T22:22:14.000Z
3459,87270000,321.00,3.210,2026-07-28T14:45:00.000Z,ANA,2026-07-30T22:22:15.000Z
4208,87168590,672.00,6.720,2026-07-28T14:45:00.000Z,ANA,2026-07-30T22:22:16.000Z
522,87150000,326.00,3.260,2026-07-28T14:30:00.000Z,ANA,2026-07-30T22:22:13.000Z
1217,87165001,348.00,3.480,2026-07-28T14:30:00.000Z,ANA,2026-07-30T22:22:13.000Z
1966,87163000,509.00,5.090,2026-07-28T14:30:00.000Z,ANA,2026-07-30T22:22:13.000Z
2710,87170000,570.00,5.700,2026-07-28T14:30:00.000Z,ANA,2026-07-30T22:22:14.000Z
3458,87270000,317.00,3.170,2026-07-28T14:30:00.000Z,ANA,2026-07-30T22:22:15.000Z
4207,87168590,658.00,6.580,2026-07-28T14:30:00.000Z,ANA,2026-07-30T22:22:16.000Z
521,87150000,324.00,3.240,2026-07-28T14:15:00.000Z,ANA,2026-07-30T22:22:13.000Z
1216,87165001,342.00,3.420,2026-07-28T14:15:00.000Z,ANA,2026-07-30T22:22:13.000Z
1965,87163000,504.00,5.040,2026-07-28T14:15:00.000Z,ANA,2026-07-30T22:22:13.000Z
2709,87170000,559.00,5.590,2026-07-28T14:15:00.000Z,ANA,2026-07-30T22:22:14.000Z
3457,87270000,315.00,3.150,2026-07-28T14:15:00.000Z,ANA,2026-07-30T22:22:15.000Z
4206,87168590,645.00,6.450,2026-07-28T14:15:00.000Z,ANA,2026-07-30T22:22:16.000Z
520,87150000,319.00,3.190,2026-07-28T14:00:00.000Z,ANA,2026-07-30T22:22:13.000Z
1215,87165001,335.00,3.350,2026-07-28T14:00:00.000Z,ANA,2026-07-30T22:22:13.000Z
1964,87163000,499.00,4.990,2026-07-28T14:00:00.000Z,ANA,2026-07-30T22:22:13.000Z
2708,87170000,549.00,5.490,2026-07-28T14:00:00.000Z,ANA,2026-07-30T22:22:14.000Z
3456,87270000,312.00,3.120,2026-07-28T14:00:00.000Z,ANA,2026-07-30T22:22:15.000Z
4205,87168590,630.00,6.300,2026-07-28T14:00:00.000Z,ANA,2026-07-30T22:22:16.000Z
519,87150000,313.00,3.130,2026-07-28T13:45:00.000Z,ANA,2026-07-30T22:22:13.000Z
1214,87165001,325.00,3.250,2026-07-28T13:45:00.000Z,ANA,2026-07-30T22:22:13.000Z
1963,87163000,493.00,4.930,2026-07-28T13:45:00.000Z,ANA,2026-07-30T22:22:13.000Z
2707,87170000,541.00,5.410,2026-07-28T13:45:00.000Z,ANA,2026-07-30T22:22:14.000Z
3455,87270000,309.00,3.090,2026-07-28T13:45:00.000Z,ANA,2026-07-30T22:22:15.000Z
4204,87168590,616.00,6.160,2026-07-28T13:45:00.000Z,ANA,2026-07-30T22:22:16.000Z
518,87150000,305.00,3.050,2026-07-28T13:30:00.000Z,ANA,2026-07-30T22:22:13.000Z
1213,87165001,317.00,3.170,2026-07-28T13:30:00.000Z,ANA,2026-07-30T22:22:13.000Z
1962,87163000,486.00,4.860,2026-07-28T13:30:00.000Z,ANA,2026-07-30T22:22:13.000Z
2706,87170000,532.00,5.320,2026-07-28T13:30:00.000Z,ANA,2026-07-30T22:22:14.000Z
3454,87270000,305.00,3.050,2026-07-28T13:30:00.000Z,ANA,2026-07-30T22:22:15.000Z
4203,87168590,605.00,6.050,2026-07-28T13:30:00.000Z,ANA,2026-07-30T22:22:16.000Z
517,87150000,295.00,2.950,2026-07-28T13:15:00.000Z,ANA,2026-07-30T22:22:13.000Z
1212,87165001,306.00,3.060,2026-07-28T13:15:00.000Z,ANA,2026-07-30T22:22:13.000Z
1961,87163000,478.00,4.780,2026-07-28T13:15:00.000Z,ANA,2026-07-30T22:22:13.000Z
2705,87170000,523.00,5.230,2026-07-28T13:15:00.000Z,ANA,2026-07-30T22:22:14.000Z
3453,87270000,303.00,3.030,2026-07-28T13:15:00.000Z,ANA,2026-07-30T22:22:15.000Z
4202,87168590,591.00,5.910,2026-07-28T13:15:00.000Z,ANA,2026-07-30T22:22:16.000Z
516,87150000,283.00,2.830,2026-07-28T13:00:00.000Z,ANA,2026-07-30T22:22:13.000Z
1211,87165001,295.00,2.950,2026-07-28T13:00:00.000Z,ANA,2026-07-30T22:22:13.000Z
1960,87163000,470.00,4.700,2026-07-28T13:00:00.000Z,ANA,2026-07-30T22:22:13.000Z
2704,87170000,516.00,5.160,2026-07-28T13:00:00.000Z,ANA,2026-07-30T22:22:14.000Z
3452,87270000,300.00,3.000,2026-07-28T13:00:00.000Z,ANA,2026-07-30T22:22:15.000Z
4201,87168590,580.00,5.800,2026-07-28T13:00:00.000Z,ANA,2026-07-30T22:22:16.000Z
515,87150000,269.00,2.690,2026-07-28T12:45:00.000Z,ANA,2026-07-30T22:22:13.000Z
1210,87165001,283.00,2.830,2026-07-28T12:45:00.000Z,ANA,2026-07-30T22:22:13.000Z
1959,87163000,463.00,4.630,2026-07-28T12:45:00.000Z,ANA,2026-07-30T22:22:13.000Z
2703,87170000,508.00,5.080,2026-07-28T12:45:00.000Z,ANA,2026-07-30T22:22:14.000Z
3451,87270000,298.00,2.980,2026-07-28T12:45:00.000Z,ANA,2026-07-30T22:22:15.000Z
4200,87168590,569.00,5.690,2026-07-28T12:45:00.000Z,ANA,2026-07-30T22:22:16.000Z
514,87150000,259.00,2.590,2026-07-28T12:30:00.000Z,ANA,2026-07-30T22:22:13.000Z
1209,87165001,272.00,2.720,2026-07-28T12:30:00.000Z,ANA,2026-07-30T22:22:13.000Z
1958,87163000,456.00,4.560,2026-07-28T12:30:00.000Z,ANA,2026-07-30T22:22:13.000Z
2702,87170000,500.00,5.000,2026-07-28T12:30:00.000Z,ANA,2026-07-30T22:22:14.000Z
3450,87270000,295.00,2.950,2026-07-28T12:30:00.000Z,ANA,2026-07-30T22:22:15.000Z
4199,87168590,556.00,5.560,2026-07-28T12:30:00.000Z,ANA,2026-07-30T22:22:16.000Z
513,87150000,248.00,2.480,2026-07-28T12:15:00.000Z,ANA,2026-07-30T22:22:13.000Z
1957,87163000,448.00,4.480,2026-07-28T12:15:00.000Z,ANA,2026-07-30T22:22:13.000Z
2701,87170000,492.00,4.920,2026-07-28T12:15:00.000Z,ANA,2026-07-30T22:22:14.000Z
3449,87270000,293.00,2.930,2026-07-28T12:15:00.000Z,ANA,2026-07-30T22:22:15.000Z
4198,87168590,543.00,5.430,2026-07-28T12:15:00.000Z,ANA,2026-07-30T22:22:16.000Z
512,87150000,238.00,2.380,2026-07-28T12:00:00.000Z,ANA,2026-07-30T22:22:13.000Z
1208,87165001,255.00,2.550,2026-07-28T12:00:00.000Z,ANA,2026-07-30T22:22:13.000Z
1956,87163000,437.00,4.370,2026-07-28T12:00:00.000Z,ANA,2026-07-30T22:22:13.000Z
2700,87170000,485.00,4.850,2026-07-28T12:00:00.000Z,ANA,2026-07-30T22:22:14.000Z
3448,87270000,290.00,2.900,2026-07-28T12:00:00.000Z,ANA,2026-07-30T22:22:15.000Z
4197,87168590,533.00,5.330,2026-07-28T12:00:00.000Z,ANA,2026-07-30T22:22:16.000Z
511,87150000,230.00,2.300,2026-07-28T11:45:00.000Z,ANA,2026-07-30T22:22:13.000Z
1207,87165001,247.00,2.470,2026-07-28T11:45:00.000Z,ANA,2026-07-30T22:22:13.000Z
1955,87163000,422.00,4.220,2026-07-28T11:45:00.000Z,ANA,2026-07-30T22:22:13.000Z
2699,87170000,479.00,4.790,2026-07-28T11:45:00.000Z,ANA,2026-07-30T22:22:14.000Z
3447,87270000,289.00,2.890,2026-07-28T11:45:00.000Z,ANA,2026-07-30T22:22:15.000Z
4196,87168590,527.00,5.270,2026-07-28T11:45:00.000Z,ANA,2026-07-30T22:22:16.000Z
510,87150000,225.00,2.250,2026-07-28T11:30:00.000Z,ANA,2026-07-30T22:22:13.000Z
1206,87165001,240.00,2.400,2026-07-28T11:30:00.000Z,ANA,2026-07-30T22:22:13.000Z
1954,87163000,406.00,4.060,2026-07-28T11:30:00.000Z,ANA,2026-07-30T22:22:13.000Z
2698,87170000,471.00,4.710,2026-07-28T11:30:00.000Z,ANA,2026-07-30T22:22:14.000Z
3446,87270000,286.00,2.860,2026-07-28T11:30:00.000Z,ANA,2026-07-30T22:22:15.000Z
4195,87168590,523.00,5.230,2026-07-28T11:30:00.000Z,ANA,2026-07-30T22:22:16.000Z
509,87150000,220.00,2.200,2026-07-28T11:15:00.000Z,ANA,2026-07-30T22:22:13.000Z
1205,87165001,233.00,2.330,2026-07-28T11:15:00.000Z,ANA,2026-07-30T22:22:13.000Z
1953,87163000,393.00,3.930,2026-07-28T11:15:00.000Z,ANA,2026-07-30T22:22:13.000Z
2697,87170000,465.00,4.650,2026-07-28T11:15:00.000Z,ANA,2026-07-30T22:22:14.000Z
3445,87270000,284.00,2.840,2026-07-28T11:15:00.000Z,ANA,2026-07-30T22:22:15.000Z
4194,87168590,514.00,5.140,2026-07-28T11:15:00.000Z,ANA,2026-07-30T22:22:16.000Z
508,87150000,214.00,2.140,2026-07-28T11:00:00.000Z,ANA,2026-07-30T22:22:13.000Z
1204,87165001,228.00,2.280,2026-07-28T11:00:00.000Z,ANA,2026-07-30T22:22:13.000Z
1952,87163000,384.00,3.840,2026-07-28T11:00:00.000Z,ANA,2026-07-30T22:22:13.000Z
2696,87170000,458.00,4.580,2026-07-28T11:00:00.000Z,ANA,2026-07-30T22:22:14.000Z
3444,87270000,283.00,2.830,2026-07-28T11:00:00.000Z,ANA,2026-07-30T22:22:15.000Z
4193,87168590,513.00,5.130,2026-07-28T11:00:00.000Z,ANA,2026-07-30T22:22:16.000Z
507,87150000,210.00,2.100,2026-07-28T10:45:00.000Z,ANA,2026-07-30T22:22:13.000Z
1203,87165001,222.00,2.220,2026-07-28T10:45:00.000Z,ANA,2026-07-30T22:22:13.000Z
1951,87163000,378.00,3.780,2026-07-28T10:45:00.000Z,ANA,2026-07-30T22:22:13.000Z
2695,87170000,452.00,4.520,2026-07-28T10:45:00.000Z,ANA,2026-07-30T22:22:14.000Z
3443,87270000,281.00,2.810,2026-07-28T10:45:00.000Z,ANA,2026-07-30T22:22:15.000Z
4192,87168590,501.00,5.010,2026-07-28T10:45:00.000Z,ANA,2026-07-30T22:22:16.000Z
506,87150000,206.00,2.060,2026-07-28T10:30:00.000Z,ANA,2026-07-30T22:22:13.000Z
1202,87165001,217.00,2.170,2026-07-28T10:30:00.000Z,ANA,2026-07-30T22:22:13.000Z
1950,87163000,371.00,3.710,2026-07-28T10:30:00.000Z,ANA,2026-07-30T22:22:13.000Z
2694,87170000,446.00,4.460,2026-07-28T10:30:00.000Z,ANA,2026-07-30T22:22:14.000Z
3442,87270000,280.00,2.800,2026-07-28T10:30:00.000Z,ANA,2026-07-30T22:22:15.000Z
4191,87168590,496.00,4.960,2026-07-28T10:30:00.000Z,ANA,2026-07-30T22:22:16.000Z
505,87150000,203.00,2.030,2026-07-28T10:15:00.000Z,ANA,2026-07-30T22:22:13.000Z
1201,87165001,213.00,2.130,2026-07-28T10:15:00.000Z,ANA,2026-07-30T22:22:13.000Z
1949,87163000,364.00,3.640,2026-07-28T10:15:00.000Z,ANA,2026-07-30T22:22:13.000Z
2693,87170000,440.00,4.400,2026-07-28T10:15:00.000Z,ANA,2026-07-30T22:22:14.000Z
3441,87270000,278.00,2.780,2026-07-28T10:15:00.000Z,ANA,2026-07-30T22:22:15.000Z
4190,87168590,489.00,4.890,2026-07-28T10:15:00.000Z,ANA,2026-07-30T22:22:16.000Z
504,87150000,200.00,2.000,2026-07-28T10:00:00.000Z,ANA,2026-07-30T22:22:13.000Z
1200,87165001,209.00,2.090,2026-07-28T10:00:00.000Z,ANA,2026-07-30T22:22:13.000Z
1948,87163000,358.00,3.580,2026-07-28T10:00:00.000Z,ANA,2026-07-30T22:22:13.000Z
2692,87170000,435.00,4.350,2026-07-28T10:00:00.000Z,ANA,2026-07-30T22:22:14.000Z
3440,87270000,277.00,2.770,2026-07-28T10:00:00.000Z,ANA,2026-07-30T22:22:15.000Z
4189,87168590,481.00,4.810,2026-07-28T10:00:00.000Z,ANA,2026-07-30T22:22:16.000Z
503,87150000,197.00,1.970,2026-07-28T09:45:00.000Z,ANA,2026-07-30T22:22:13.000Z
1199,87165001,209.00,2.090,2026-07-28T09:45:00.000Z,ANA,2026-07-30T22:22:13.000Z
1947,87163000,351.00,3.510,2026-07-28T09:45:00.000Z,ANA,2026-07-30T22:22:13.000Z
2691,87170000,430.00,4.300,2026-07-28T09:45:00.000Z,ANA,2026-07-30T22:22:14.000Z
3439,87270000,276.00,2.760,2026-07-28T09:45:00.000Z,ANA,2026-07-30T22:22:15.000Z
4188,87168590,477.00,4.770,2026-07-28T09:45:00.000Z,ANA,2026-07-30T22:22:16.000Z
502,87150000,192.00,1.920,2026-07-28T09:30:00.000Z,ANA,2026-07-30T22:22:13.000Z
1198,87165001,209.00,2.090,2026-07-28T09:30:00.000Z,ANA,2026-07-30T22:22:13.000Z
1946,87163000,346.00,3.460,2026-07-28T09:30:00.000Z,ANA,2026-07-30T22:22:13.000Z
2690,87170000,426.00,4.260,2026-07-28T09:30:00.000Z,ANA,2026-07-30T22:22:14.000Z
3438,87270000,275.00,2.750,2026-07-28T09:30:00.000Z,ANA,2026-07-30T22:22:15.000Z
4187,87168590,474.00,4.740,2026-07-28T09:30:00.000Z,ANA,2026-07-30T22:22:16.000Z
501,87150000,186.00,1.860,2026-07-28T09:15:00.000Z,ANA,2026-07-30T22:22:13.000Z
1945,87163000,341.00,3.410,2026-07-28T09:15:00.000Z,ANA,2026-07-30T22:22:13.000Z
2689,87170000,422.00,4.220,2026-07-28T09:15:00.000Z,ANA,2026-07-30T22:22:14.000Z
3437,87270000,273.00,2.730,2026-07-28T09:15:00.000Z,ANA,2026-07-30T22:22:15.000Z
4186,87168590,469.00,4.690,2026-07-28T09:15:00.000Z,ANA,2026-07-30T22:22:16.000Z
500,87150000,181.00,1.810,2026-07-28T09:00:00.000Z,ANA,2026-07-30T22:22:13.000Z
1197,87165001,205.00,2.050,2026-07-28T09:00:00.000Z,ANA,2026-07-30T22:22:13.000Z
1944,87163000,334.00,3.340,2026-07-28T09:00:00.000Z,ANA,2026-07-30T22:22:13.000Z
2688,87170000,420.00,4.200,2026-07-28T09:00:00.000Z,ANA,2026-07-30T22:22:14.000Z
3436,87270000,272.00,2.720,2026-07-28T09:00:00.000Z,ANA,2026-07-30T22:22:15.000Z
4185,87168590,465.00,4.650,2026-07-28T09:00:00.000Z,ANA,2026-07-30T22:22:16.000Z
499,87150000,177.00,1.770,2026-07-28T08:45:00.000Z,ANA,2026-07-30T22:22:13.000Z
1196,87165001,202.00,2.020,2026-07-28T08:45:00.000Z,ANA,2026-07-30T22:22:13.000Z
1943,87163000,328.00,3.280,2026-07-28T08:45:00.000Z,ANA,2026-07-30T22:22:13.000Z
2687,87170000,417.00,4.170,2026-07-28T08:45:00.000Z,ANA,2026-07-30T22:22:14.000Z
3435,87270000,272.00,2.720,2026-07-28T08:45:00.000Z,ANA,2026-07-30T22:22:15.000Z
4184,87168590,460.00,4.600,2026-07-28T08:45:00.000Z,ANA,2026-07-30T22:22:16.000Z
498,87150000,171.00,1.710,2026-07-28T08:30:00.000Z,ANA,2026-07-30T22:22:13.000Z
1195,87165001,201.00,2.010,2026-07-28T08:30:00.000Z,ANA,2026-07-30T22:22:13.000Z
1942,87163000,325.00,3.250,2026-07-28T08:30:00.000Z,ANA,2026-07-30T22:22:13.000Z
2686,87170000,414.00,4.140,2026-07-28T08:30:00.000Z,ANA,2026-07-30T22:22:14.000Z
3434,87270000,270.00,2.700,2026-07-28T08:30:00.000Z,ANA,2026-07-30T22:22:15.000Z
4183,87168590,456.00,4.560,2026-07-28T08:30:00.000Z,ANA,2026-07-30T22:22:16.000Z
497,87150000,164.00,1.640,2026-07-28T08:15:00.000Z,ANA,2026-07-30T22:22:13.000Z
1194,87165001,199.00,1.990,2026-07-28T08:15:00.000Z,ANA,2026-07-30T22:22:13.000Z
1941,87163000,322.00,3.220,2026-07-28T08:15:00.000Z,ANA,2026-07-30T22:22:13.000Z
2685,87170000,411.00,4.110,2026-07-28T08:15:00.000Z,ANA,2026-07-30T22:22:14.000Z
3433,87270000,269.00,2.690,2026-07-28T08:15:00.000Z,ANA,2026-07-30T22:22:15.000Z
4182,87168590,451.00,4.510,2026-07-28T08:15:00.000Z,ANA,2026-07-30T22:22:16.000Z
496,87150000,161.00,1.610,2026-07-28T08:00:00.000Z,ANA,2026-07-30T22:22:13.000Z
1193,87165001,195.00,1.950,2026-07-28T08:00:00.000Z,ANA,2026-07-30T22:22:13.000Z
1940,87163000,320.00,3.200,2026-07-28T08:00:00.000Z,ANA,2026-07-30T22:22:13.000Z
2684,87170000,409.00,4.090,2026-07-28T08:00:00.000Z,ANA,2026-07-30T22:22:14.000Z
3432,87270000,268.00,2.680,2026-07-28T08:00:00.000Z,ANA,2026-07-30T22:22:15.000Z
4181,87168590,445.00,4.450,2026-07-28T08:00:00.000Z,ANA,2026-07-30T22:22:16.000Z
495,87150000,156.00,1.560,2026-07-28T07:45:00.000Z,ANA,2026-07-30T22:22:13.000Z
1192,87165001,191.00,1.910,2026-07-28T07:45:00.000Z,ANA,2026-07-30T22:22:13.000Z
1939,87163000,318.00,3.180,2026-07-28T07:45:00.000Z,ANA,2026-07-30T22:22:13.000Z
2683,87170000,406.00,4.060,2026-07-28T07:45:00.000Z,ANA,2026-07-30T22:22:14.000Z
3431,87270000,267.00,2.670,2026-07-28T07:45:00.000Z,ANA,2026-07-30T22:22:15.000Z
4180,87168590,440.00,4.400,2026-07-28T07:45:00.000Z,ANA,2026-07-30T22:22:16.000Z
494,87150000,146.00,1.460,2026-07-28T07:30:00.000Z,ANA,2026-07-30T22:22:13.000Z
1191,87165001,188.00,1.880,2026-07-28T07:30:00.000Z,ANA,2026-07-30T22:22:13.000Z
1938,87163000,316.00,3.160,2026-07-28T07:30:00.000Z,ANA,2026-07-30T22:22:13.000Z
2682,87170000,404.00,4.040,2026-07-28T07:30:00.000Z,ANA,2026-07-30T22:22:14.000Z
3430,87270000,267.00,2.670,2026-07-28T07:30:00.000Z,ANA,2026-07-30T22:22:15.000Z
4179,87168590,435.00,4.350,2026-07-28T07:30:00.000Z,ANA,2026-07-30T22:22:16.000Z
493,87150000,138.00,1.380,2026-07-28T07:15:00.000Z,ANA,2026-07-30T22:22:13.000Z
1190,87165001,184.00,1.840,2026-07-28T07:15:00.000Z,ANA,2026-07-30T22:22:13.000Z
1937,87163000,314.00,3.140,2026-07-28T07:15:00.000Z,ANA,2026-07-30T22:22:13.000Z
2681,87170000,402.00,4.020,2026-07-28T07:15:00.000Z,ANA,2026-07-30T22:22:14.000Z
3429,87270000,266.00,2.660,2026-07-28T07:15:00.000Z,ANA,2026-07-30T22:22:15.000Z
4178,87168590,429.00,4.290,2026-07-28T07:15:00.000Z,ANA,2026-07-30T22:22:16.000Z
492,87150000,133.00,1.330,2026-07-28T07:00:00.000Z,ANA,2026-07-30T22:22:13.000Z
1189,87165001,181.00,1.810,2026-07-28T07:00:00.000Z,ANA,2026-07-30T22:22:13.000Z
1936,87163000,312.00,3.120,2026-07-28T07:00:00.000Z,ANA,2026-07-30T22:22:13.000Z
2680,87170000,400.00,4.000,2026-07-28T07:00:00.000Z,ANA,2026-07-30T22:22:14.000Z
3428,87270000,265.00,2.650,2026-07-28T07:00:00.000Z,ANA,2026-07-30T22:22:15.000Z
4177,87168590,425.00,4.250,2026-07-28T07:00:00.000Z,ANA,2026-07-30T22:22:16.000Z
491,87150000,131.00,1.310,2026-07-28T06:45:00.000Z,ANA,2026-07-30T22:22:13.000Z
1188,87165001,178.00,1.780,2026-07-28T06:45:00.000Z,ANA,2026-07-30T22:22:13.000Z
1935,87163000,310.00,3.100,2026-07-28T06:45:00.000Z,ANA,2026-07-30T22:22:13.000Z
2679,87170000,399.00,3.990,2026-07-28T06:45:00.000Z,ANA,2026-07-30T22:22:14.000Z
3427,87270000,264.00,2.640,2026-07-28T06:45:00.000Z,ANA,2026-07-30T22:22:15.000Z
4176,87168590,420.00,4.200,2026-07-28T06:45:00.000Z,ANA,2026-07-30T22:22:16.000Z
490,87150000,129.00,1.290,2026-07-28T06:30:00.000Z,ANA,2026-07-30T22:22:13.000Z
1187,87165001,176.00,1.760,2026-07-28T06:30:00.000Z,ANA,2026-07-30T22:22:13.000Z
1934,87163000,309.00,3.090,2026-07-28T06:30:00.000Z,ANA,2026-07-30T22:22:13.000Z
2678,87170000,398.00,3.980,2026-07-28T06:30:00.000Z,ANA,2026-07-30T22:22:14.000Z
3426,87270000,264.00,2.640,2026-07-28T06:30:00.000Z,ANA,2026-07-30T22:22:15.000Z
4175,87168590,418.00,4.180,2026-07-28T06:30:00.000Z,ANA,2026-07-30T22:22:16.000Z
489,87150000,128.00,1.280,2026-07-28T06:15:00.000Z,ANA,2026-07-30T22:22:13.000Z
1186,87165001,173.00,1.730,2026-07-28T06:15:00.000Z,ANA,2026-07-30T22:22:13.000Z
1933,87163000,307.00,3.070,2026-07-28T06:15:00.000Z,ANA,2026-07-30T22:22:13.000Z
2677,87170000,396.00,3.960,2026-07-28T06:15:00.000Z,ANA,2026-07-30T22:22:14.000Z
3425,87270000,263.00,2.630,2026-07-28T06:15:00.000Z,ANA,2026-07-30T22:22:15.000Z
4174,87168590,415.00,4.150,2026-07-28T06:15:00.000Z,ANA,2026-07-30T22:22:16.000Z
488,87150000,127.00,1.270,2026-07-28T06:00:00.000Z,ANA,2026-07-30T22:22:13.000Z
1185,87165001,173.00,1.730,2026-07-28T06:00:00.000Z,ANA,2026-07-30T22:22:13.000Z
1932,87163000,306.00,3.060,2026-07-28T06:00:00.000Z,ANA,2026-07-30T22:22:13.000Z
2676,87170000,395.00,3.950,2026-07-28T06:00:00.000Z,ANA,2026-07-30T22:22:14.000Z
3424,87270000,262.00,2.620,2026-07-28T06:00:00.000Z,ANA,2026-07-30T22:22:15.000Z
4173,87168590,412.00,4.120,2026-07-28T06:00:00.000Z,ANA,2026-07-30T22:22:16.000Z
487,87150000,124.00,1.240,2026-07-28T05:45:00.000Z,ANA,2026-07-30T22:22:13.000Z
1184,87165001,172.00,1.720,2026-07-28T05:45:00.000Z,ANA,2026-07-30T22:22:13.000Z
1931,87163000,304.00,3.040,2026-07-28T05:45:00.000Z,ANA,2026-07-30T22:22:13.000Z
2675,87170000,394.00,3.940,2026-07-28T05:45:00.000Z,ANA,2026-07-30T22:22:14.000Z
3423,87270000,262.00,2.620,2026-07-28T05:45:00.000Z,ANA,2026-07-30T22:22:15.000Z
4172,87168590,412.00,4.120,2026-07-28T05:45:00.000Z,ANA,2026-07-30T22:22:16.000Z
486,87150000,121.00,1.210,2026-07-28T05:30:00.000Z,ANA,2026-07-30T22:22:13.000Z
1183,87165001,172.00,1.720,2026-07-28T05:30:00.000Z,ANA,2026-07-30T22:22:13.000Z
1930,87163000,302.00,3.020,2026-07-28T05:30:00.000Z,ANA,2026-07-30T22:22:13.000Z
2674,87170000,393.00,3.930,2026-07-28T05:30:00.000Z,ANA,2026-07-30T22:22:14.000Z
3422,87270000,261.00,2.610,2026-07-28T05:30:00.000Z,ANA,2026-07-30T22:22:15.000Z
4171,87168590,408.00,4.080,2026-07-28T05:30:00.000Z,ANA,2026-07-30T22:22:16.000Z
485,87150000,118.00,1.180,2026-07-28T05:15:00.000Z,ANA,2026-07-30T22:22:13.000Z
1182,87165001,171.00,1.710,2026-07-28T05:15:00.000Z,ANA,2026-07-30T22:22:13.000Z
1929,87163000,301.00,3.010,2026-07-28T05:15:00.000Z,ANA,2026-07-30T22:22:13.000Z
2673,87170000,392.00,3.920,2026-07-28T05:15:00.000Z,ANA,2026-07-30T22:22:14.000Z
3421,87270000,261.00,2.610,2026-07-28T05:15:00.000Z,ANA,2026-07-30T22:22:15.000Z
4170,87168590,405.00,4.050,2026-07-28T05:15:00.000Z,ANA,2026-07-30T22:22:16.000Z
484,87150000,116.00,1.160,2026-07-28T05:00:00.000Z,ANA,2026-07-30T22:22:13.000Z
1181,87165001,171.00,1.710,2026-07-28T05:00:00.000Z,ANA,2026-07-30T22:22:13.000Z
1928,87163000,298.00,2.980,2026-07-28T05:00:00.000Z,ANA,2026-07-30T22:22:13.000Z
2672,87170000,392.00,3.920,2026-07-28T05:00:00.000Z,ANA,2026-07-30T22:22:14.000Z
3420,87270000,261.00,2.610,2026-07-28T05:00:00.000Z,ANA,2026-07-30T22:22:15.000Z
4169,87168590,407.00,4.070,2026-07-28T05:00:00.000Z,ANA,2026-07-30T22:22:16.000Z
483,87150000,115.00,1.150,2026-07-28T04:45:00.000Z,ANA,2026-07-30T22:22:13.000Z
1180,87165001,169.00,1.690,2026-07-28T04:45:00.000Z,ANA,2026-07-30T22:22:13.000Z
1927,87163000,296.00,2.960,2026-07-28T04:45:00.000Z,ANA,2026-07-30T22:22:13.000Z
2671,87170000,391.00,3.910,2026-07-28T04:45:00.000Z,ANA,2026-07-30T22:22:14.000Z
3419,87270000,260.00,2.600,2026-07-28T04:45:00.000Z,ANA,2026-07-30T22:22:15.000Z
4168,87168590,404.00,4.040,2026-07-28T04:45:00.000Z,ANA,2026-07-30T22:22:16.000Z
482,87150000,114.00,1.140,2026-07-28T04:30:00.000Z,ANA,2026-07-30T22:22:13.000Z
1179,87165001,169.00,1.690,2026-07-28T04:30:00.000Z,ANA,2026-07-30T22:22:13.000Z
1926,87163000,296.00,2.960,2026-07-28T04:30:00.000Z,ANA,2026-07-30T22:22:13.000Z
2670,87170000,391.00,3.910,2026-07-28T04:30:00.000Z,ANA,2026-07-30T22:22:14.000Z
3418,87270000,260.00,2.600,2026-07-28T04:30:00.000Z,ANA,2026-07-30T22:22:15.000Z
4167,87168590,404.00,4.040,2026-07-28T04:30:00.000Z,ANA,2026-07-30T22:22:16.000Z
481,87150000,114.00,1.140,2026-07-28T04:15:00.000Z,ANA,2026-07-30T22:22:13.000Z
1178,87165001,168.00,1.680,2026-07-28T04:15:00.000Z,ANA,2026-07-30T22:22:13.000Z
1925,87163000,296.00,2.960,2026-07-28T04:15:00.000Z,ANA,2026-07-30T22:22:13.000Z
2669,87170000,391.00,3.910,2026-07-28T04:15:00.000Z,ANA,2026-07-30T22:22:14.000Z
3417,87270000,260.00,2.600,2026-07-28T04:15:00.000Z,ANA,2026-07-30T22:22:15.000Z
4166,87168590,403.00,4.030,2026-07-28T04:15:00.000Z,ANA,2026-07-30T22:22:16.000Z
480,87150000,113.00,1.130,2026-07-28T04:00:00.000Z,ANA,2026-07-30T22:22:13.000Z
1177,87165001,166.00,1.660,2026-07-28T04:00:00.000Z,ANA,2026-07-30T22:22:13.000Z
1924,87163000,297.00,2.970,2026-07-28T04:00:00.000Z,ANA,2026-07-30T22:22:13.000Z
2668,87170000,391.00,3.910,2026-07-28T04:00:00.000Z,ANA,2026-07-30T22:22:14.000Z
3416,87270000,260.00,2.600,2026-07-28T04:00:00.000Z,ANA,2026-07-30T22:22:15.000Z
4165,87168590,403.00,4.030,2026-07-28T04:00:00.000Z,ANA,2026-07-30T22:22:16.000Z
479,87150000,112.00,1.120,2026-07-28T03:45:00.000Z,ANA,2026-07-30T22:22:13.000Z
1176,87165001,165.00,1.650,2026-07-28T03:45:00.000Z,ANA,2026-07-30T22:22:13.000Z
1923,87163000,297.00,2.970,2026-07-28T03:45:00.000Z,ANA,2026-07-30T22:22:13.000Z
2667,87170000,391.00,3.910,2026-07-28T03:45:00.000Z,ANA,2026-07-30T22:22:14.000Z
3415,87270000,259.00,2.590,2026-07-28T03:45:00.000Z,ANA,2026-07-30T22:22:15.000Z
4164,87168590,403.00,4.030,2026-07-28T03:45:00.000Z,ANA,2026-07-30T22:22:16.000Z
478,87150000,111.00,1.110,2026-07-28T03:30:00.000Z,ANA,2026-07-30T22:22:13.000Z
1175,87165001,167.00,1.670,2026-07-28T03:30:00.000Z,ANA,2026-07-30T22:22:13.000Z
1922,87163000,298.00,2.980,2026-07-28T03:30:00.000Z,ANA,2026-07-30T22:22:13.000Z
2666,87170000,391.00,3.910,2026-07-28T03:30:00.000Z,ANA,2026-07-30T22:22:14.000Z
3414,87270000,260.00,2.600,2026-07-28T03:30:00.000Z,ANA,2026-07-30T22:22:15.000Z
4163,87168590,401.00,4.010,2026-07-28T03:30:00.000Z,ANA,2026-07-30T22:22:16.000Z
477,87150000,111.00,1.110,2026-07-28T03:15:00.000Z,ANA,2026-07-30T22:22:13.000Z
1174,87165001,166.00,1.660,2026-07-28T03:15:00.000Z,ANA,2026-07-30T22:22:13.000Z
1921,87163000,299.00,2.990,2026-07-28T03:15:00.000Z,ANA,2026-07-30T22:22:13.000Z
2665,87170000,391.00,3.910,2026-07-28T03:15:00.000Z,ANA,2026-07-30T22:22:14.000Z
3413,87270000,260.00,2.600,2026-07-28T03:15:00.000Z,ANA,2026-07-30T22:22:15.000Z
4162,87168590,403.00,4.030,2026-07-28T03:15:00.000Z,ANA,2026-07-30T22:22:16.000Z
476,87150000,111.00,1.110,2026-07-28T03:00:00.000Z,ANA,2026-07-30T22:22:13.000Z
1173,87165001,165.00,1.650,2026-07-28T03:00:00.000Z,ANA,2026-07-30T22:22:13.000Z
1920,87163000,299.00,2.990,2026-07-28T03:00:00.000Z,ANA,2026-07-30T22:22:13.000Z
2664,87170000,391.00,3.910,2026-07-28T03:00:00.000Z,ANA,2026-07-30T22:22:14.000Z
3412,87270000,260.00,2.600,2026-07-28T03:00:00.000Z,ANA,2026-07-30T22:22:15.000Z
4161,87168590,405.00,4.050,2026-07-28T03:00:00.000Z,ANA,2026-07-30T22:22:16.000Z
475,87150000,111.00,1.110,2026-07-28T02:45:00.000Z,ANA,2026-07-30T22:22:13.000Z
1172,87165001,165.00,1.650,2026-07-28T02:45:00.000Z,ANA,2026-07-30T22:22:13.000Z
1919,87163000,299.00,2.990,2026-07-28T02:45:00.000Z,ANA,2026-07-30T22:22:13.000Z
2663,87170000,390.00,3.900,2026-07-28T02:45:00.000Z,ANA,2026-07-30T22:22:14.000Z
3411,87270000,259.00,2.590,2026-07-28T02:45:00.000Z,ANA,2026-07-30T22:22:15.000Z
4160,87168590,404.00,4.040,2026-07-28T02:45:00.000Z,ANA,2026-07-30T22:22:16.000Z
474,87150000,111.00,1.110,2026-07-28T02:30:00.000Z,ANA,2026-07-30T22:22:13.000Z
1171,87165001,165.00,1.650,2026-07-28T02:30:00.000Z,ANA,2026-07-30T22:22:13.000Z
1918,87163000,298.00,2.980,2026-07-28T02:30:00.000Z,ANA,2026-07-30T22:22:13.000Z
2662,87170000,391.00,3.910,2026-07-28T02:30:00.000Z,ANA,2026-07-30T22:22:14.000Z
3410,87270000,259.00,2.590,2026-07-28T02:30:00.000Z,ANA,2026-07-30T22:22:15.000Z
4159,87168590,405.00,4.050,2026-07-28T02:30:00.000Z,ANA,2026-07-30T22:22:16.000Z
473,87150000,111.00,1.110,2026-07-28T02:15:00.000Z,ANA,2026-07-30T22:22:13.000Z
1170,87165001,165.00,1.650,2026-07-28T02:15:00.000Z,ANA,2026-07-30T22:22:13.000Z
1917,87163000,296.00,2.960,2026-07-28T02:15:00.000Z,ANA,2026-07-30T22:22:13.000Z
2661,87170000,390.00,3.900,2026-07-28T02:15:00.000Z,ANA,2026-07-30T22:22:14.000Z
3409,87270000,259.00,2.590,2026-07-28T02:15:00.000Z,ANA,2026-07-30T22:22:15.000Z
4158,87168590,405.00,4.050,2026-07-28T02:15:00.000Z,ANA,2026-07-30T22:22:16.000Z
472,87150000,111.00,1.110,2026-07-28T02:00:00.000Z,ANA,2026-07-30T22:22:13.000Z
1169,87165001,165.00,1.650,2026-07-28T02:00:00.000Z,ANA,2026-07-30T22:22:13.000Z
1916,87163000,295.00,2.950,2026-07-28T02:00:00.000Z,ANA,2026-07-30T22:22:13.000Z
2660,87170000,390.00,3.900,2026-07-28T02:00:00.000Z,ANA,2026-07-30T22:22:14.000Z
3408,87270000,259.00,2.590,2026-07-28T02:00:00.000Z,ANA,2026-07-30T22:22:15.000Z
4157,87168590,406.00,4.060,2026-07-28T02:00:00.000Z,ANA,2026-07-30T22:22:16.000Z
471,87150000,111.00,1.110,2026-07-28T01:45:00.000Z,ANA,2026-07-30T22:22:13.000Z
1168,87165001,165.00,1.650,2026-07-28T01:45:00.000Z,ANA,2026-07-30T22:22:13.000Z
1915,87163000,294.00,2.940,2026-07-28T01:45:00.000Z,ANA,2026-07-30T22:22:13.000Z
2659,87170000,389.00,3.890,2026-07-28T01:45:00.000Z,ANA,2026-07-30T22:22:14.000Z
3407,87270000,259.00,2.590,2026-07-28T01:45:00.000Z,ANA,2026-07-30T22:22:15.000Z
4156,87168590,406.00,4.060,2026-07-28T01:45:00.000Z,ANA,2026-07-30T22:22:16.000Z
470,87150000,111.00,1.110,2026-07-28T01:30:00.000Z,ANA,2026-07-30T22:22:13.000Z
1167,87165001,165.00,1.650,2026-07-28T01:30:00.000Z,ANA,2026-07-30T22:22:13.000Z
1914,87163000,293.00,2.930,2026-07-28T01:30:00.000Z,ANA,2026-07-30T22:22:13.000Z
2658,87170000,389.00,3.890,2026-07-28T01:30:00.000Z,ANA,2026-07-30T22:22:14.000Z
3406,87270000,259.00,2.590,2026-07-28T01:30:00.000Z,ANA,2026-07-30T22:22:15.000Z
4155,87168590,406.00,4.060,2026-07-28T01:30:00.000Z,ANA,2026-07-30T22:22:16.000Z
469,87150000,111.00,1.110,2026-07-28T01:15:00.000Z,ANA,2026-07-30T22:22:13.000Z
1166,87165001,165.00,1.650,2026-07-28T01:15:00.000Z,ANA,2026-07-30T22:22:13.000Z
1913,87163000,292.00,2.920,2026-07-28T01:15:00.000Z,ANA,2026-07-30T22:22:13.000Z
2657,87170000,388.00,3.880,2026-07-28T01:15:00.000Z,ANA,2026-07-30T22:22:14.000Z
3405,87270000,259.00,2.590,2026-07-28T01:15:00.000Z,ANA,2026-07-30T22:22:15.000Z
4154,87168590,407.00,4.070,2026-07-28T01:15:00.000Z,ANA,2026-07-30T22:22:16.000Z
468,87150000,111.00,1.110,2026-07-28T01:00:00.000Z,ANA,2026-07-30T22:22:13.000Z
1165,87165001,165.00,1.650,2026-07-28T01:00:00.000Z,ANA,2026-07-30T22:22:13.000Z
1912,87163000,291.00,2.910,2026-07-28T01:00:00.000Z,ANA,2026-07-30T22:22:13.000Z
2656,87170000,387.00,3.870,2026-07-28T01:00:00.000Z,ANA,2026-07-30T22:22:14.000Z
3404,87270000,259.00,2.590,2026-07-28T01:00:00.000Z,ANA,2026-07-30T22:22:15.000Z
4153,87168590,407.00,4.070,2026-07-28T01:00:00.000Z,ANA,2026-07-30T22:22:16.000Z
467,87150000,111.00,1.110,2026-07-28T00:45:00.000Z,ANA,2026-07-30T22:22:13.000Z
1164,87165001,165.00,1.650,2026-07-28T00:45:00.000Z,ANA,2026-07-30T22:22:13.000Z
1911,87163000,291.00,2.910,2026-07-28T00:45:00.000Z,ANA,2026-07-30T22:22:13.000Z
2655,87170000,387.00,3.870,2026-07-28T00:45:00.000Z,ANA,2026-07-30T22:22:14.000Z
3403,87270000,259.00,2.590,2026-07-28T00:45:00.000Z,ANA,2026-07-30T22:22:15.000Z
4152,87168590,407.00,4.070,2026-07-28T00:45:00.000Z,ANA,2026-07-30T22:22:16.000Z
466,87150000,111.00,1.110,2026-07-28T00:30:00.000Z,ANA,2026-07-30T22:22:13.000Z
1163,87165001,165.00,1.650,2026-07-28T00:30:00.000Z,ANA,2026-07-30T22:22:13.000Z
1910,87163000,290.00,2.900,2026-07-28T00:30:00.000Z,ANA,2026-07-30T22:22:13.000Z
2654,87170000,386.00,3.860,2026-07-28T00:30:00.000Z,ANA,2026-07-30T22:22:14.000Z
3402,87270000,259.00,2.590,2026-07-28T00:30:00.000Z,ANA,2026-07-30T22:22:15.000Z
4151,87168590,408.00,4.080,2026-07-28T00:30:00.000Z,ANA,2026-07-30T22:22:16.000Z
465,87150000,111.00,1.110,2026-07-28T00:15:00.000Z,ANA,2026-07-30T22:22:13.000Z
1162,87165001,165.00,1.650,2026-07-28T00:15:00.000Z,ANA,2026-07-30T22:22:13.000Z
1909,87163000,290.00,2.900,2026-07-28T00:15:00.000Z,ANA,2026-07-30T22:22:13.000Z
2653,87170000,385.00,3.850,2026-07-28T00:15:00.000Z,ANA,2026-07-30T22:22:14.000Z
3401,87270000,259.00,2.590,2026-07-28T00:15:00.000Z,ANA,2026-07-30T22:22:15.000Z
4150,87168590,410.00,4.100,2026-07-28T00:15:00.000Z,ANA,2026-07-30T22:22:16.000Z
464,87150000,111.00,1.110,2026-07-28T00:00:00.000Z,ANA,2026-07-30T22:22:13.000Z
1161,87165001,166.00,1.660,2026-07-28T00:00:00.000Z,ANA,2026-07-30T22:22:13.000Z
1908,87163000,290.00,2.900,2026-07-28T00:00:00.000Z,ANA,2026-07-30T22:22:13.000Z
2652,87170000,384.00,3.840,2026-07-28T00:00:00.000Z,ANA,2026-07-30T22:22:14.000Z
3400,87270000,259.00,2.590,2026-07-28T00:00:00.000Z,ANA,2026-07-30T22:22:15.000Z
4149,87168590,410.00,4.100,2026-07-28T00:00:00.000Z,ANA,2026-07-30T22:22:16.000Z
463,87150000,110.00,1.100,2026-07-27T23:45:00.000Z,ANA,2026-07-30T22:22:13.000Z
1160,87165001,166.00,1.660,2026-07-27T23:45:00.000Z,ANA,2026-07-30T22:22:13.000Z
1907,87163000,290.00,2.900,2026-07-27T23:45:00.000Z,ANA,2026-07-30T22:22:13.000Z
2651,87170000,383.00,3.830,2026-07-27T23:45:00.000Z,ANA,2026-07-30T22:22:14.000Z
3399,87270000,259.00,2.590,2026-07-27T23:45:00.000Z,ANA,2026-07-30T22:22:15.000Z
4148,87168590,411.00,4.110,2026-07-27T23:45:00.000Z,ANA,2026-07-30T22:22:16.000Z
462,87150000,110.00,1.100,2026-07-27T23:30:00.000Z,ANA,2026-07-30T22:22:13.000Z
1159,87165001,166.00,1.660,2026-07-27T23:30:00.000Z,ANA,2026-07-30T22:22:13.000Z
1906,87163000,290.00,2.900,2026-07-27T23:30:00.000Z,ANA,2026-07-30T22:22:13.000Z
2650,87170000,382.00,3.820,2026-07-27T23:30:00.000Z,ANA,2026-07-30T22:22:14.000Z
3398,87270000,260.00,2.600,2026-07-27T23:30:00.000Z,ANA,2026-07-30T22:22:15.000Z
4147,87168590,412.00,4.120,2026-07-27T23:30:00.000Z,ANA,2026-07-30T22:22:16.000Z
461,87150000,110.00,1.100,2026-07-27T23:15:00.000Z,ANA,2026-07-30T22:22:13.000Z
1158,87165001,166.00,1.660,2026-07-27T23:15:00.000Z,ANA,2026-07-30T22:22:13.000Z
1905,87163000,290.00,2.900,2026-07-27T23:15:00.000Z,ANA,2026-07-30T22:22:13.000Z
2649,87170000,381.00,3.810,2026-07-27T23:15:00.000Z,ANA,2026-07-30T22:22:14.000Z
3397,87270000,260.00,2.600,2026-07-27T23:15:00.000Z,ANA,2026-07-30T22:22:15.000Z
4146,87168590,413.00,4.130,2026-07-27T23:15:00.000Z,ANA,2026-07-30T22:22:16.000Z
460,87150000,110.00,1.100,2026-07-27T23:00:00.000Z,ANA,2026-07-30T22:22:13.000Z
1157,87165001,167.00,1.670,2026-07-27T23:00:00.000Z,ANA,2026-07-30T22:22:13.000Z
1904,87163000,290.00,2.900,2026-07-27T23:00:00.000Z,ANA,2026-07-30T22:22:13.000Z
2648,87170000,380.00,3.800,2026-07-27T23:00:00.000Z,ANA,2026-07-30T22:22:14.000Z
3396,87270000,260.00,2.600,2026-07-27T23:00:00.000Z,ANA,2026-07-30T22:22:15.000Z
4145,87168590,413.00,4.130,2026-07-27T23:00:00.000Z,ANA,2026-07-30T22:22:16.000Z
459,87150000,110.00,1.100,2026-07-27T22:45:00.000Z,ANA,2026-07-30T22:22:13.000Z
1156,87165001,167.00,1.670,2026-07-27T22:45:00.000Z,ANA,2026-07-30T22:22:13.000Z
1903,87163000,290.00,2.900,2026-07-27T22:45:00.000Z,ANA,2026-07-30T22:22:13.000Z
2647,87170000,380.00,3.800,2026-07-27T22:45:00.000Z,ANA,2026-07-30T22:22:14.000Z
3395,87270000,260.00,2.600,2026-07-27T22:45:00.000Z,ANA,2026-07-30T22:22:15.000Z
4144,87168590,414.00,4.140,2026-07-27T22:45:00.000Z,ANA,2026-07-30T22:22:16.000Z
458,87150000,110.00,1.100,2026-07-27T22:30:00.000Z,ANA,2026-07-30T22:22:13.000Z
1155,87165001,167.00,1.670,2026-07-27T22:30:00.000Z,ANA,2026-07-30T22:22:13.000Z
1902,87163000,290.00,2.900,2026-07-27T22:30:00.000Z,ANA,2026-07-30T22:22:13.000Z
2646,87170000,379.00,3.790,2026-07-27T22:30:00.000Z,ANA,2026-07-30T22:22:14.000Z
3394,87270000,260.00,2.600,2026-07-27T22:30:00.000Z,ANA,2026-07-30T22:22:15.000Z
4143,87168590,413.00,4.130,2026-07-27T22:30:00.000Z,ANA,2026-07-30T22:22:16.000Z
457,87150000,110.00,1.100,2026-07-27T22:15:00.000Z,ANA,2026-07-30T22:22:13.000Z
1154,87165001,168.00,1.680,2026-07-27T22:15:00.000Z,ANA,2026-07-30T22:22:13.000Z
1901,87163000,290.00,2.900,2026-07-27T22:15:00.000Z,ANA,2026-07-30T22:22:13.000Z
2645,87170000,378.00,3.780,2026-07-27T22:15:00.000Z,ANA,2026-07-30T22:22:14.000Z
3393,87270000,261.00,2.610,2026-07-27T22:15:00.000Z,ANA,2026-07-30T22:22:15.000Z
4142,87168590,414.00,4.140,2026-07-27T22:15:00.000Z,ANA,2026-07-30T22:22:16.000Z
456,87150000,110.00,1.100,2026-07-27T22:00:00.000Z,ANA,2026-07-30T22:22:13.000Z
1153,87165001,168.00,1.680,2026-07-27T22:00:00.000Z,ANA,2026-07-30T22:22:13.000Z
1900,87163000,290.00,2.900,2026-07-27T22:00:00.000Z,ANA,2026-07-30T22:22:13.000Z
2644,87170000,378.00,3.780,2026-07-27T22:00:00.000Z,ANA,2026-07-30T22:22:14.000Z
3392,87270000,261.00,2.610,2026-07-27T22:00:00.000Z,ANA,2026-07-30T22:22:15.000Z
4141,87168590,414.00,4.140,2026-07-27T22:00:00.000Z,ANA,2026-07-30T22:22:16.000Z
455,87150000,110.00,1.100,2026-07-27T21:45:00.000Z,ANA,2026-07-30T22:22:13.000Z
1152,87165001,169.00,1.690,2026-07-27T21:45:00.000Z,ANA,2026-07-30T22:22:13.000Z
1899,87163000,290.00,2.900,2026-07-27T21:45:00.000Z,ANA,2026-07-30T22:22:13.000Z
2643,87170000,378.00,3.780,2026-07-27T21:45:00.000Z,ANA,2026-07-30T22:22:14.000Z
3391,87270000,261.00,2.610,2026-07-27T21:45:00.000Z,ANA,2026-07-30T22:22:15.000Z
4140,87168590,414.00,4.140,2026-07-27T21:45:00.000Z,ANA,2026-07-30T22:22:16.000Z
454,87150000,110.00,1.100,2026-07-27T21:30:00.000Z,ANA,2026-07-30T22:22:13.000Z
1151,87165001,169.00,1.690,2026-07-27T21:30:00.000Z,ANA,2026-07-30T22:22:13.000Z
1898,87163000,290.00,2.900,2026-07-27T21:30:00.000Z,ANA,2026-07-30T22:22:13.000Z
2642,87170000,378.00,3.780,2026-07-27T21:30:00.000Z,ANA,2026-07-30T22:22:14.000Z
3390,87270000,261.00,2.610,2026-07-27T21:30:00.000Z,ANA,2026-07-30T22:22:15.000Z
4139,87168590,415.00,4.150,2026-07-27T21:30:00.000Z,ANA,2026-07-30T22:22:16.000Z
453,87150000,110.00,1.100,2026-07-27T21:15:00.000Z,ANA,2026-07-30T22:22:13.000Z
1150,87165001,169.00,1.690,2026-07-27T21:15:00.000Z,ANA,2026-07-30T22:22:13.000Z
1897,87163000,290.00,2.900,2026-07-27T21:15:00.000Z,ANA,2026-07-30T22:22:13.000Z
2641,87170000,378.00,3.780,2026-07-27T21:15:00.000Z,ANA,2026-07-30T22:22:14.000Z
3389,87270000,262.00,2.620,2026-07-27T21:15:00.000Z,ANA,2026-07-30T22:22:15.000Z
4138,87168590,415.00,4.150,2026-07-27T21:15:00.000Z,ANA,2026-07-30T22:22:16.000Z
452,87150000,110.00,1.100,2026-07-27T21:00:00.000Z,ANA,2026-07-30T22:22:13.000Z
1149,87165001,169.00,1.690,2026-07-27T21:00:00.000Z,ANA,2026-07-30T22:22:13.000Z
1896,87163000,290.00,2.900,2026-07-27T21:00:00.000Z,ANA,2026-07-30T22:22:13.000Z
2640,87170000,378.00,3.780,2026-07-27T21:00:00.000Z,ANA,2026-07-30T22:22:14.000Z
3388,87270000,262.00,2.620,2026-07-27T21:00:00.000Z,ANA,2026-07-30T22:22:15.000Z
4137,87168590,414.00,4.140,2026-07-27T21:00:00.000Z,ANA,2026-07-30T22:22:16.000Z
451,87150000,110.00,1.100,2026-07-27T20:45:00.000Z,ANA,2026-07-30T22:22:13.000Z
1148,87165001,170.00,1.700,2026-07-27T20:45:00.000Z,ANA,2026-07-30T22:22:13.000Z
1895,87163000,290.00,2.900,2026-07-27T20:45:00.000Z,ANA,2026-07-30T22:22:13.000Z
2639,87170000,378.00,3.780,2026-07-27T20:45:00.000Z,ANA,2026-07-30T22:22:14.000Z
3387,87270000,262.00,2.620,2026-07-27T20:45:00.000Z,ANA,2026-07-30T22:22:15.000Z
4136,87168590,412.00,4.120,2026-07-27T20:45:00.000Z,ANA,2026-07-30T22:22:16.000Z
450,87150000,110.00,1.100,2026-07-27T20:30:00.000Z,ANA,2026-07-30T22:22:13.000Z
1147,87165001,169.00,1.690,2026-07-27T20:30:00.000Z,ANA,2026-07-30T22:22:13.000Z
1894,87163000,290.00,2.900,2026-07-27T20:30:00.000Z,ANA,2026-07-30T22:22:13.000Z
2638,87170000,379.00,3.790,2026-07-27T20:30:00.000Z,ANA,2026-07-30T22:22:14.000Z
3386,87270000,262.00,2.620,2026-07-27T20:30:00.000Z,ANA,2026-07-30T22:22:15.000Z
4135,87168590,410.00,4.100,2026-07-27T20:30:00.000Z,ANA,2026-07-30T22:22:16.000Z
449,87150000,110.00,1.100,2026-07-27T20:15:00.000Z,ANA,2026-07-30T22:22:13.000Z
1146,87165001,168.00,1.680,2026-07-27T20:15:00.000Z,ANA,2026-07-30T22:22:13.000Z
1893,87163000,290.00,2.900,2026-07-27T20:15:00.000Z,ANA,2026-07-30T22:22:13.000Z
2637,87170000,379.00,3.790,2026-07-27T20:15:00.000Z,ANA,2026-07-30T22:22:14.000Z
3385,87270000,262.00,2.620,2026-07-27T20:15:00.000Z,ANA,2026-07-30T22:22:15.000Z
4134,87168590,406.00,4.060,2026-07-27T20:15:00.000Z,ANA,2026-07-30T22:22:16.000Z
448,87150000,110.00,1.100,2026-07-27T20:00:00.000Z,ANA,2026-07-30T22:22:13.000Z
1145,87165001,167.00,1.670,2026-07-27T20:00:00.000Z,ANA,2026-07-30T22:22:13.000Z
1892,87163000,290.00,2.900,2026-07-27T20:00:00.000Z,ANA,2026-07-30T22:22:13.000Z
2636,87170000,379.00,3.790,2026-07-27T20:00:00.000Z,ANA,2026-07-30T22:22:14.000Z
3384,87270000,263.00,2.630,2026-07-27T20:00:00.000Z,ANA,2026-07-30T22:22:15.000Z
4133,87168590,404.00,4.040,2026-07-27T20:00:00.000Z,ANA,2026-07-30T22:22:16.000Z
447,87150000,110.00,1.100,2026-07-27T19:45:00.000Z,ANA,2026-07-30T22:22:13.000Z
1144,87165001,167.00,1.670,2026-07-27T19:45:00.000Z,ANA,2026-07-30T22:22:13.000Z
1891,87163000,291.00,2.910,2026-07-27T19:45:00.000Z,ANA,2026-07-30T22:22:13.000Z
2635,87170000,379.00,3.790,2026-07-27T19:45:00.000Z,ANA,2026-07-30T22:22:14.000Z
3383,87270000,263.00,2.630,2026-07-27T19:45:00.000Z,ANA,2026-07-30T22:22:15.000Z
4132,87168590,401.00,4.010,2026-07-27T19:45:00.000Z,ANA,2026-07-30T22:22:16.000Z
446,87150000,110.00,1.100,2026-07-27T19:30:00.000Z,ANA,2026-07-30T22:22:13.000Z
1143,87165001,166.00,1.660,2026-07-27T19:30:00.000Z,ANA,2026-07-30T22:22:13.000Z
1890,87163000,291.00,2.910,2026-07-27T19:30:00.000Z,ANA,2026-07-30T22:22:13.000Z
2634,87170000,379.00,3.790,2026-07-27T19:30:00.000Z,ANA,2026-07-30T22:22:14.000Z
3382,87270000,264.00,2.640,2026-07-27T19:30:00.000Z,ANA,2026-07-30T22:22:15.000Z
4131,87168590,399.00,3.990,2026-07-27T19:30:00.000Z,ANA,2026-07-30T22:22:16.000Z
445,87150000,110.00,1.100,2026-07-27T19:15:00.000Z,ANA,2026-07-30T22:22:13.000Z
1142,87165001,166.00,1.660,2026-07-27T19:15:00.000Z,ANA,2026-07-30T22:22:13.000Z
1889,87163000,290.00,2.900,2026-07-27T19:15:00.000Z,ANA,2026-07-30T22:22:13.000Z
2633,87170000,379.00,3.790,2026-07-27T19:15:00.000Z,ANA,2026-07-30T22:22:14.000Z
3381,87270000,264.00,2.640,2026-07-27T19:15:00.000Z,ANA,2026-07-30T22:22:15.000Z
4130,87168590,398.00,3.980,2026-07-27T19:15:00.000Z,ANA,2026-07-30T22:22:16.000Z
444,87150000,110.00,1.100,2026-07-27T19:00:00.000Z,ANA,2026-07-30T22:22:13.000Z
1141,87165001,165.00,1.650,2026-07-27T19:00:00.000Z,ANA,2026-07-30T22:22:13.000Z
1888,87163000,290.00,2.900,2026-07-27T19:00:00.000Z,ANA,2026-07-30T22:22:13.000Z
2632,87170000,379.00,3.790,2026-07-27T19:00:00.000Z,ANA,2026-07-30T22:22:14.000Z
3380,87270000,264.00,2.640,2026-07-27T19:00:00.000Z,ANA,2026-07-30T22:22:15.000Z
4129,87168590,397.00,3.970,2026-07-27T19:00:00.000Z,ANA,2026-07-30T22:22:16.000Z
443,87150000,110.00,1.100,2026-07-27T18:45:00.000Z,ANA,2026-07-30T22:22:13.000Z
1140,87165001,163.00,1.630,2026-07-27T18:45:00.000Z,ANA,2026-07-30T22:22:13.000Z
1887,87163000,290.00,2.900,2026-07-27T18:45:00.000Z,ANA,2026-07-30T22:22:13.000Z
2631,87170000,380.00,3.800,2026-07-27T18:45:00.000Z,ANA,2026-07-30T22:22:14.000Z
3379,87270000,264.00,2.640,2026-07-27T18:45:00.000Z,ANA,2026-07-30T22:22:15.000Z
4128,87168590,394.00,3.940,2026-07-27T18:45:00.000Z,ANA,2026-07-30T22:22:16.000Z
442,87150000,110.00,1.100,2026-07-27T18:30:00.000Z,ANA,2026-07-30T22:22:13.000Z
1139,87165001,160.00,1.600,2026-07-27T18:30:00.000Z,ANA,2026-07-30T22:22:13.000Z
1886,87163000,289.00,2.890,2026-07-27T18:30:00.000Z,ANA,2026-07-30T22:22:13.000Z
2630,87170000,380.00,3.800,2026-07-27T18:30:00.000Z,ANA,2026-07-30T22:22:14.000Z
3378,87270000,264.00,2.640,2026-07-27T18:30:00.000Z,ANA,2026-07-30T22:22:15.000Z
4127,87168590,393.00,3.930,2026-07-27T18:30:00.000Z,ANA,2026-07-30T22:22:16.000Z
441,87150000,110.00,1.100,2026-07-27T18:15:00.000Z,ANA,2026-07-30T22:22:13.000Z
1138,87165001,160.00,1.600,2026-07-27T18:15:00.000Z,ANA,2026-07-30T22:22:13.000Z
1885,87163000,289.00,2.890,2026-07-27T18:15:00.000Z,ANA,2026-07-30T22:22:13.000Z
2629,87170000,381.00,3.810,2026-07-27T18:15:00.000Z,ANA,2026-07-30T22:22:14.000Z
3377,87270000,264.00,2.640,2026-07-27T18:15:00.000Z,ANA,2026-07-30T22:22:15.000Z
4126,87168590,395.00,3.950,2026-07-27T18:15:00.000Z,ANA,2026-07-30T22:22:16.000Z
440,87150000,110.00,1.100,2026-07-27T18:00:00.000Z,ANA,2026-07-30T22:22:13.000Z
1137,87165001,159.00,1.590,2026-07-27T18:00:00.000Z,ANA,2026-07-30T22:22:13.000Z
1884,87163000,289.00,2.890,2026-07-27T18:00:00.000Z,ANA,2026-07-30T22:22:13.000Z
2628,87170000,381.00,3.810,2026-07-27T18:00:00.000Z,ANA,2026-07-30T22:22:14.000Z
3376,87270000,265.00,2.650,2026-07-27T18:00:00.000Z,ANA,2026-07-30T22:22:15.000Z
4125,87168590,395.00,3.950,2026-07-27T18:00:00.000Z,ANA,2026-07-30T22:22:16.000Z
439,87150000,111.00,1.110,2026-07-27T17:45:00.000Z,ANA,2026-07-30T22:22:13.000Z
1136,87165001,162.00,1.620,2026-07-27T17:45:00.000Z,ANA,2026-07-30T22:22:13.000Z
1883,87163000,289.00,2.890,2026-07-27T17:45:00.000Z,ANA,2026-07-30T22:22:13.000Z
2627,87170000,381.00,3.810,2026-07-27T17:45:00.000Z,ANA,2026-07-30T22:22:14.000Z
3375,87270000,264.00,2.640,2026-07-27T17:45:00.000Z,ANA,2026-07-30T22:22:15.000Z
4124,87168590,392.00,3.920,2026-07-27T17:45:00.000Z,ANA,2026-07-30T22:22:16.000Z
438,87150000,111.00,1.110,2026-07-27T17:30:00.000Z,ANA,2026-07-30T22:22:13.000Z
1135,87165001,161.00,1.610,2026-07-27T17:30:00.000Z,ANA,2026-07-30T22:22:13.000Z
1882,87163000,289.00,2.890,2026-07-27T17:30:00.000Z,ANA,2026-07-30T22:22:13.000Z
2626,87170000,382.00,3.820,2026-07-27T17:30:00.000Z,ANA,2026-07-30T22:22:14.000Z
3374,87270000,265.00,2.650,2026-07-27T17:30:00.000Z,ANA,2026-07-30T22:22:15.000Z
4123,87168590,396.00,3.960,2026-07-27T17:30:00.000Z,ANA,2026-07-30T22:22:16.000Z
437,87150000,111.00,1.110,2026-07-27T17:15:00.000Z,ANA,2026-07-30T22:22:13.000Z
1134,87165001,162.00,1.620,2026-07-27T17:15:00.000Z,ANA,2026-07-30T22:22:13.000Z
1881,87163000,289.00,2.890,2026-07-27T17:15:00.000Z,ANA,2026-07-30T22:22:13.000Z
2625,87170000,383.00,3.830,2026-07-27T17:15:00.000Z,ANA,2026-07-30T22:22:14.000Z
3373,87270000,266.00,2.660,2026-07-27T17:15:00.000Z,ANA,2026-07-30T22:22:15.000Z
4122,87168590,394.00,3.940,2026-07-27T17:15:00.000Z,ANA,2026-07-30T22:22:16.000Z
436,87150000,111.00,1.110,2026-07-27T17:00:00.000Z,ANA,2026-07-30T22:22:13.000Z
1133,87165001,162.00,1.620,2026-07-27T17:00:00.000Z,ANA,2026-07-30T22:22:13.000Z
1880,87163000,289.00,2.890,2026-07-27T17:00:00.000Z,ANA,2026-07-30T22:22:13.000Z
2624,87170000,383.00,3.830,2026-07-27T17:00:00.000Z,ANA,2026-07-30T22:22:14.000Z
3372,87270000,266.00,2.660,2026-07-27T17:00:00.000Z,ANA,2026-07-30T22:22:15.000Z
4121,87168590,395.00,3.950,2026-07-27T17:00:00.000Z,ANA,2026-07-30T22:22:16.000Z
435,87150000,111.00,1.110,2026-07-27T16:45:00.000Z,ANA,2026-07-30T22:22:13.000Z
1132,87165001,162.00,1.620,2026-07-27T16:45:00.000Z,ANA,2026-07-30T22:22:13.000Z
1879,87163000,290.00,2.900,2026-07-27T16:45:00.000Z,ANA,2026-07-30T22:22:13.000Z
2623,87170000,384.00,3.840,2026-07-27T16:45:00.000Z,ANA,2026-07-30T22:22:14.000Z
3371,87270000,267.00,2.670,2026-07-27T16:45:00.000Z,ANA,2026-07-30T22:22:15.000Z
4120,87168590,396.00,3.960,2026-07-27T16:45:00.000Z,ANA,2026-07-30T22:22:16.000Z
434,87150000,111.00,1.110,2026-07-27T16:30:00.000Z,ANA,2026-07-30T22:22:13.000Z
1131,87165001,162.00,1.620,2026-07-27T16:30:00.000Z,ANA,2026-07-30T22:22:13.000Z
1878,87163000,290.00,2.900,2026-07-27T16:30:00.000Z,ANA,2026-07-30T22:22:13.000Z
2622,87170000,384.00,3.840,2026-07-27T16:30:00.000Z,ANA,2026-07-30T22:22:14.000Z
3370,87270000,268.00,2.680,2026-07-27T16:30:00.000Z,ANA,2026-07-30T22:22:15.000Z
4119,87168590,395.00,3.950,2026-07-27T16:30:00.000Z,ANA,2026-07-30T22:22:16.000Z
433,87150000,111.00,1.110,2026-07-27T16:15:00.000Z,ANA,2026-07-30T22:22:13.000Z
1130,87165001,162.00,1.620,2026-07-27T16:15:00.000Z,ANA,2026-07-30T22:22:13.000Z
1877,87163000,290.00,2.900,2026-07-27T16:15:00.000Z,ANA,2026-07-30T22:22:13.000Z
2621,87170000,385.00,3.850,2026-07-27T16:15:00.000Z,ANA,2026-07-30T22:22:14.000Z
3369,87270000,268.00,2.680,2026-07-27T16:15:00.000Z,ANA,2026-07-30T22:22:15.000Z
4118,87168590,393.00,3.930,2026-07-27T16:15:00.000Z,ANA,2026-07-30T22:22:16.000Z
432,87150000,111.00,1.110,2026-07-27T16:00:00.000Z,ANA,2026-07-30T22:22:13.000Z
1129,87165001,162.00,1.620,2026-07-27T16:00:00.000Z,ANA,2026-07-30T22:22:13.000Z
1876,87163000,289.00,2.890,2026-07-27T16:00:00.000Z,ANA,2026-07-30T22:22:13.000Z
2620,87170000,385.00,3.850,2026-07-27T16:00:00.000Z,ANA,2026-07-30T22:22:14.000Z
3368,87270000,269.00,2.690,2026-07-27T16:00:00.000Z,ANA,2026-07-30T22:22:15.000Z
4117,87168590,395.00,3.950,2026-07-27T16:00:00.000Z,ANA,2026-07-30T22:22:16.000Z
431,87150000,111.00,1.110,2026-07-27T15:45:00.000Z,ANA,2026-07-30T22:22:13.000Z
1128,87165001,162.00,1.620,2026-07-27T15:45:00.000Z,ANA,2026-07-30T22:22:13.000Z
1875,87163000,289.00,2.890,2026-07-27T15:45:00.000Z,ANA,2026-07-30T22:22:13.000Z
2619,87170000,386.00,3.860,2026-07-27T15:45:00.000Z,ANA,2026-07-30T22:22:14.000Z
3367,87270000,270.00,2.700,2026-07-27T15:45:00.000Z,ANA,2026-07-30T22:22:15.000Z
4116,87168590,393.00,3.930,2026-07-27T15:45:00.000Z,ANA,2026-07-30T22:22:16.000Z
430,87150000,111.00,1.110,2026-07-27T15:30:00.000Z,ANA,2026-07-30T22:22:13.000Z
1127,87165001,162.00,1.620,2026-07-27T15:30:00.000Z,ANA,2026-07-30T22:22:13.000Z
1874,87163000,289.00,2.890,2026-07-27T15:30:00.000Z,ANA,2026-07-30T22:22:13.000Z
2618,87170000,387.00,3.870,2026-07-27T15:30:00.000Z,ANA,2026-07-30T22:22:14.000Z
3366,87270000,270.00,2.700,2026-07-27T15:30:00.000Z,ANA,2026-07-30T22:22:15.000Z
4115,87168590,393.00,3.930,2026-07-27T15:30:00.000Z,ANA,2026-07-30T22:22:16.000Z
429,87150000,111.00,1.110,2026-07-27T15:15:00.000Z,ANA,2026-07-30T22:22:13.000Z
1126,87165001,162.00,1.620,2026-07-27T15:15:00.000Z,ANA,2026-07-30T22:22:13.000Z
1873,87163000,289.00,2.890,2026-07-27T15:15:00.000Z,ANA,2026-07-30T22:22:13.000Z
2617,87170000,388.00,3.880,2026-07-27T15:15:00.000Z,ANA,2026-07-30T22:22:14.000Z
3365,87270000,271.00,2.710,2026-07-27T15:15:00.000Z,ANA,2026-07-30T22:22:15.000Z
4114,87168590,397.00,3.970,2026-07-27T15:15:00.000Z,ANA,2026-07-30T22:22:16.000Z
428,87150000,111.00,1.110,2026-07-27T15:00:00.000Z,ANA,2026-07-30T22:22:13.000Z
1125,87165001,163.00,1.630,2026-07-27T15:00:00.000Z,ANA,2026-07-30T22:22:13.000Z
1872,87163000,289.00,2.890,2026-07-27T15:00:00.000Z,ANA,2026-07-30T22:22:13.000Z
2616,87170000,388.00,3.880,2026-07-27T15:00:00.000Z,ANA,2026-07-30T22:22:14.000Z
3364,87270000,271.00,2.710,2026-07-27T15:00:00.000Z,ANA,2026-07-30T22:22:15.000Z
4113,87168590,397.00,3.970,2026-07-27T15:00:00.000Z,ANA,2026-07-30T22:22:16.000Z
427,87150000,111.00,1.110,2026-07-27T14:45:00.000Z,ANA,2026-07-30T22:22:13.000Z
1124,87165001,162.00,1.620,2026-07-27T14:45:00.000Z,ANA,2026-07-30T22:22:13.000Z
1871,87163000,290.00,2.900,2026-07-27T14:45:00.000Z,ANA,2026-07-30T22:22:13.000Z
2615,87170000,389.00,3.890,2026-07-27T14:45:00.000Z,ANA,2026-07-30T22:22:14.000Z
3363,87270000,272.00,2.720,2026-07-27T14:45:00.000Z,ANA,2026-07-30T22:22:15.000Z
4112,87168590,397.00,3.970,2026-07-27T14:45:00.000Z,ANA,2026-07-30T22:22:16.000Z
426,87150000,111.00,1.110,2026-07-27T14:30:00.000Z,ANA,2026-07-30T22:22:13.000Z
1123,87165001,163.00,1.630,2026-07-27T14:30:00.000Z,ANA,2026-07-30T22:22:13.000Z
1870,87163000,290.00,2.900,2026-07-27T14:30:00.000Z,ANA,2026-07-30T22:22:13.000Z
2614,87170000,389.00,3.890,2026-07-27T14:30:00.000Z,ANA,2026-07-30T22:22:14.000Z
3362,87270000,273.00,2.730,2026-07-27T14:30:00.000Z,ANA,2026-07-30T22:22:15.000Z
4111,87168590,398.00,3.980,2026-07-27T14:30:00.000Z,ANA,2026-07-30T22:22:16.000Z
425,87150000,111.00,1.110,2026-07-27T14:15:00.000Z,ANA,2026-07-30T22:22:13.000Z
1122,87165001,162.00,1.620,2026-07-27T14:15:00.000Z,ANA,2026-07-30T22:22:13.000Z
1869,87163000,290.00,2.900,2026-07-27T14:15:00.000Z,ANA,2026-07-30T22:22:13.000Z
2613,87170000,390.00,3.900,2026-07-27T14:15:00.000Z,ANA,2026-07-30T22:22:14.000Z
3361,87270000,274.00,2.740,2026-07-27T14:15:00.000Z,ANA,2026-07-30T22:22:15.000Z
4110,87168590,397.00,3.970,2026-07-27T14:15:00.000Z,ANA,2026-07-30T22:22:16.000Z
424,87150000,111.00,1.110,2026-07-27T14:00:00.000Z,ANA,2026-07-30T22:22:13.000Z
1868,87163000,290.00,2.900,2026-07-27T14:00:00.000Z,ANA,2026-07-30T22:22:13.000Z
2612,87170000,390.00,3.900,2026-07-27T14:00:00.000Z,ANA,2026-07-30T22:22:14.000Z
3360,87270000,274.00,2.740,2026-07-27T14:00:00.000Z,ANA,2026-07-30T22:22:15.000Z
4109,87168590,398.00,3.980,2026-07-27T14:00:00.000Z,ANA,2026-07-30T22:22:16.000Z
423,87150000,111.00,1.110,2026-07-27T13:45:00.000Z,ANA,2026-07-30T22:22:13.000Z
1121,87165001,163.00,1.630,2026-07-27T13:45:00.000Z,ANA,2026-07-30T22:22:13.000Z
1867,87163000,290.00,2.900,2026-07-27T13:45:00.000Z,ANA,2026-07-30T22:22:13.000Z
2611,87170000,391.00,3.910,2026-07-27T13:45:00.000Z,ANA,2026-07-30T22:22:14.000Z
3359,87270000,275.00,2.750,2026-07-27T13:45:00.000Z,ANA,2026-07-30T22:22:15.000Z
4108,87168590,398.00,3.980,2026-07-27T13:45:00.000Z,ANA,2026-07-30T22:22:16.000Z
422,87150000,111.00,1.110,2026-07-27T13:30:00.000Z,ANA,2026-07-30T22:22:13.000Z
1866,87163000,290.00,2.900,2026-07-27T13:30:00.000Z,ANA,2026-07-30T22:22:13.000Z
2610,87170000,392.00,3.920,2026-07-27T13:30:00.000Z,ANA,2026-07-30T22:22:14.000Z
3358,87270000,276.00,2.760,2026-07-27T13:30:00.000Z,ANA,2026-07-30T22:22:15.000Z
4107,87168590,398.00,3.980,2026-07-27T13:30:00.000Z,ANA,2026-07-30T22:22:16.000Z
421,87150000,111.00,1.110,2026-07-27T13:15:00.000Z,ANA,2026-07-30T22:22:13.000Z
1120,87165001,162.00,1.620,2026-07-27T13:15:00.000Z,ANA,2026-07-30T22:22:13.000Z
1865,87163000,290.00,2.900,2026-07-27T13:15:00.000Z,ANA,2026-07-30T22:22:13.000Z
2609,87170000,392.00,3.920,2026-07-27T13:15:00.000Z,ANA,2026-07-30T22:22:14.000Z
3357,87270000,276.00,2.760,2026-07-27T13:15:00.000Z,ANA,2026-07-30T22:22:15.000Z
4106,87168590,399.00,3.990,2026-07-27T13:15:00.000Z,ANA,2026-07-30T22:22:16.000Z
420,87150000,111.00,1.110,2026-07-27T13:00:00.000Z,ANA,2026-07-30T22:22:13.000Z
1119,87165001,162.00,1.620,2026-07-27T13:00:00.000Z,ANA,2026-07-30T22:22:13.000Z
1864,87163000,290.00,2.900,2026-07-27T13:00:00.000Z,ANA,2026-07-30T22:22:13.000Z
2608,87170000,393.00,3.930,2026-07-27T13:00:00.000Z,ANA,2026-07-30T22:22:14.000Z
3356,87270000,277.00,2.770,2026-07-27T13:00:00.000Z,ANA,2026-07-30T22:22:15.000Z
4105,87168590,399.00,3.990,2026-07-27T13:00:00.000Z,ANA,2026-07-30T22:22:16.000Z
419,87150000,111.00,1.110,2026-07-27T12:45:00.000Z,ANA,2026-07-30T22:22:13.000Z
1118,87165001,162.00,1.620,2026-07-27T12:45:00.000Z,ANA,2026-07-30T22:22:13.000Z
1863,87163000,290.00,2.900,2026-07-27T12:45:00.000Z,ANA,2026-07-30T22:22:13.000Z
2607,87170000,394.00,3.940,2026-07-27T12:45:00.000Z,ANA,2026-07-30T22:22:14.000Z
3355,87270000,278.00,2.780,2026-07-27T12:45:00.000Z,ANA,2026-07-30T22:22:15.000Z
4104,87168590,398.00,3.980,2026-07-27T12:45:00.000Z,ANA,2026-07-30T22:22:16.000Z
418,87150000,111.00,1.110,2026-07-27T12:30:00.000Z,ANA,2026-07-30T22:22:13.000Z
1117,87165001,163.00,1.630,2026-07-27T12:30:00.000Z,ANA,2026-07-30T22:22:13.000Z
1862,87163000,291.00,2.910,2026-07-27T12:30:00.000Z,ANA,2026-07-30T22:22:13.000Z
2606,87170000,395.00,3.950,2026-07-27T12:30:00.000Z,ANA,2026-07-30T22:22:14.000Z
3354,87270000,279.00,2.790,2026-07-27T12:30:00.000Z,ANA,2026-07-30T22:22:15.000Z
4103,87168590,399.00,3.990,2026-07-27T12:30:00.000Z,ANA,2026-07-30T22:22:16.000Z
417,87150000,112.00,1.120,2026-07-27T12:15:00.000Z,ANA,2026-07-30T22:22:13.000Z
1116,87165001,164.00,1.640,2026-07-27T12:15:00.000Z,ANA,2026-07-30T22:22:13.000Z
1861,87163000,291.00,2.910,2026-07-27T12:15:00.000Z,ANA,2026-07-30T22:22:13.000Z
2605,87170000,395.00,3.950,2026-07-27T12:15:00.000Z,ANA,2026-07-30T22:22:14.000Z
3353,87270000,279.00,2.790,2026-07-27T12:15:00.000Z,ANA,2026-07-30T22:22:15.000Z
4102,87168590,399.00,3.990,2026-07-27T12:15:00.000Z,ANA,2026-07-30T22:22:16.000Z
416,87150000,111.00,1.110,2026-07-27T12:00:00.000Z,ANA,2026-07-30T22:22:13.000Z
1860,87163000,291.00,2.910,2026-07-27T12:00:00.000Z,ANA,2026-07-30T22:22:13.000Z
2604,87170000,396.00,3.960,2026-07-27T12:00:00.000Z,ANA,2026-07-30T22:22:14.000Z
3352,87270000,280.00,2.800,2026-07-27T12:00:00.000Z,ANA,2026-07-30T22:22:15.000Z
4101,87168590,399.00,3.990,2026-07-27T12:00:00.000Z,ANA,2026-07-30T22:22:16.000Z
415,87150000,112.00,1.120,2026-07-27T11:45:00.000Z,ANA,2026-07-30T22:22:13.000Z
1115,87165001,164.00,1.640,2026-07-27T11:45:00.000Z,ANA,2026-07-30T22:22:13.000Z
1859,87163000,291.00,2.910,2026-07-27T11:45:00.000Z,ANA,2026-07-30T22:22:13.000Z
2603,87170000,397.00,3.970,2026-07-27T11:45:00.000Z,ANA,2026-07-30T22:22:14.000Z
3351,87270000,281.00,2.810,2026-07-27T11:45:00.000Z,ANA,2026-07-30T22:22:15.000Z
4100,87168590,399.00,3.990,2026-07-27T11:45:00.000Z,ANA,2026-07-30T22:22:16.000Z
414,87150000,111.00,1.110,2026-07-27T11:30:00.000Z,ANA,2026-07-30T22:22:13.000Z
1114,87165001,164.00,1.640,2026-07-27T11:30:00.000Z,ANA,2026-07-30T22:22:13.000Z
1858,87163000,291.00,2.910,2026-07-27T11:30:00.000Z,ANA,2026-07-30T22:22:13.000Z
2602,87170000,397.00,3.970,2026-07-27T11:30:00.000Z,ANA,2026-07-30T22:22:14.000Z
3350,87270000,282.00,2.820,2026-07-27T11:30:00.000Z,ANA,2026-07-30T22:22:15.000Z
4099,87168590,400.00,4.000,2026-07-27T11:30:00.000Z,ANA,2026-07-30T22:22:16.000Z
413,87150000,111.00,1.110,2026-07-27T11:15:00.000Z,ANA,2026-07-30T22:22:13.000Z
1113,87165001,164.00,1.640,2026-07-27T11:15:00.000Z,ANA,2026-07-30T22:22:13.000Z
1857,87163000,291.00,2.910,2026-07-27T11:15:00.000Z,ANA,2026-07-30T22:22:13.000Z
2601,87170000,398.00,3.980,2026-07-27T11:15:00.000Z,ANA,2026-07-30T22:22:14.000Z
3349,87270000,282.00,2.820,2026-07-27T11:15:00.000Z,ANA,2026-07-30T22:22:15.000Z
4098,87168590,400.00,4.000,2026-07-27T11:15:00.000Z,ANA,2026-07-30T22:22:16.000Z
412,87150000,111.00,1.110,2026-07-27T11:00:00.000Z,ANA,2026-07-30T22:22:13.000Z
1112,87165001,164.00,1.640,2026-07-27T11:00:00.000Z,ANA,2026-07-30T22:22:13.000Z
1856,87163000,291.00,2.910,2026-07-27T11:00:00.000Z,ANA,2026-07-30T22:22:13.000Z
2600,87170000,399.00,3.990,2026-07-27T11:00:00.000Z,ANA,2026-07-30T22:22:14.000Z
3348,87270000,283.00,2.830,2026-07-27T11:00:00.000Z,ANA,2026-07-30T22:22:15.000Z
4097,87168590,399.00,3.990,2026-07-27T11:00:00.000Z,ANA,2026-07-30T22:22:16.000Z
411,87150000,111.00,1.110,2026-07-27T10:45:00.000Z,ANA,2026-07-30T22:22:13.000Z
1111,87165001,164.00,1.640,2026-07-27T10:45:00.000Z,ANA,2026-07-30T22:22:13.000Z
1855,87163000,291.00,2.910,2026-07-27T10:45:00.000Z,ANA,2026-07-30T22:22:13.000Z
2599,87170000,399.00,3.990,2026-07-27T10:45:00.000Z,ANA,2026-07-30T22:22:14.000Z
3347,87270000,284.00,2.840,2026-07-27T10:45:00.000Z,ANA,2026-07-30T22:22:15.000Z
4096,87168590,400.00,4.000,2026-07-27T10:45:00.000Z,ANA,2026-07-30T22:22:16.000Z
410,87150000,111.00,1.110,2026-07-27T10:30:00.000Z,ANA,2026-07-30T22:22:13.000Z
1110,87165001,165.00,1.650,2026-07-27T10:30:00.000Z,ANA,2026-07-30T22:22:13.000Z
1854,87163000,291.00,2.910,2026-07-27T10:30:00.000Z,ANA,2026-07-30T22:22:13.000Z
2598,87170000,401.00,4.010,2026-07-27T10:30:00.000Z,ANA,2026-07-30T22:22:14.000Z
3346,87270000,285.00,2.850,2026-07-27T10:30:00.000Z,ANA,2026-07-30T22:22:15.000Z
4095,87168590,400.00,4.000,2026-07-27T10:30:00.000Z,ANA,2026-07-30T22:22:16.000Z
409,87150000,111.00,1.110,2026-07-27T10:15:00.000Z,ANA,2026-07-30T22:22:13.000Z
1109,87165001,165.00,1.650,2026-07-27T10:15:00.000Z,ANA,2026-07-30T22:22:13.000Z
1853,87163000,291.00,2.910,2026-07-27T10:15:00.000Z,ANA,2026-07-30T22:22:13.000Z
2597,87170000,401.00,4.010,2026-07-27T10:15:00.000Z,ANA,2026-07-30T22:22:14.000Z
3345,87270000,285.00,2.850,2026-07-27T10:15:00.000Z,ANA,2026-07-30T22:22:15.000Z
4094,87168590,400.00,4.000,2026-07-27T10:15:00.000Z,ANA,2026-07-30T22:22:16.000Z
408,87150000,111.00,1.110,2026-07-27T10:00:00.000Z,ANA,2026-07-30T22:22:13.000Z
1108,87165001,165.00,1.650,2026-07-27T10:00:00.000Z,ANA,2026-07-30T22:22:13.000Z
1852,87163000,291.00,2.910,2026-07-27T10:00:00.000Z,ANA,2026-07-30T22:22:13.000Z
2596,87170000,402.00,4.020,2026-07-27T10:00:00.000Z,ANA,2026-07-30T22:22:14.000Z
3344,87270000,286.00,2.860,2026-07-27T10:00:00.000Z,ANA,2026-07-30T22:22:15.000Z
4093,87168590,400.00,4.000,2026-07-27T10:00:00.000Z,ANA,2026-07-30T22:22:16.000Z
407,87150000,111.00,1.110,2026-07-27T09:45:00.000Z,ANA,2026-07-30T22:22:13.000Z
1107,87165001,165.00,1.650,2026-07-27T09:45:00.000Z,ANA,2026-07-30T22:22:13.000Z
1851,87163000,292.00,2.920,2026-07-27T09:45:00.000Z,ANA,2026-07-30T22:22:13.000Z
2595,87170000,402.00,4.020,2026-07-27T09:45:00.000Z,ANA,2026-07-30T22:22:14.000Z
3343,87270000,287.00,2.870,2026-07-27T09:45:00.000Z,ANA,2026-07-30T22:22:15.000Z
4092,87168590,401.00,4.010,2026-07-27T09:45:00.000Z,ANA,2026-07-30T22:22:16.000Z
406,87150000,111.00,1.110,2026-07-27T09:30:00.000Z,ANA,2026-07-30T22:22:13.000Z
1106,87165001,165.00,1.650,2026-07-27T09:30:00.000Z,ANA,2026-07-30T22:22:13.000Z
1850,87163000,292.00,2.920,2026-07-27T09:30:00.000Z,ANA,2026-07-30T22:22:13.000Z
2594,87170000,403.00,4.030,2026-07-27T09:30:00.000Z,ANA,2026-07-30T22:22:14.000Z
3342,87270000,288.00,2.880,2026-07-27T09:30:00.000Z,ANA,2026-07-30T22:22:15.000Z
4091,87168590,400.00,4.000,2026-07-27T09:30:00.000Z,ANA,2026-07-30T22:22:16.000Z
405,87150000,111.00,1.110,2026-07-27T09:15:00.000Z,ANA,2026-07-30T22:22:13.000Z
1105,87165001,166.00,1.660,2026-07-27T09:15:00.000Z,ANA,2026-07-30T22:22:13.000Z
1849,87163000,292.00,2.920,2026-07-27T09:15:00.000Z,ANA,2026-07-30T22:22:13.000Z
2593,87170000,404.00,4.040,2026-07-27T09:15:00.000Z,ANA,2026-07-30T22:22:14.000Z
3341,87270000,289.00,2.890,2026-07-27T09:15:00.000Z,ANA,2026-07-30T22:22:15.000Z
4090,87168590,400.00,4.000,2026-07-27T09:15:00.000Z,ANA,2026-07-30T22:22:16.000Z
404,87150000,111.00,1.110,2026-07-27T09:00:00.000Z,ANA,2026-07-30T22:22:13.000Z
1104,87165001,165.00,1.650,2026-07-27T09:00:00.000Z,ANA,2026-07-30T22:22:13.000Z
1848,87163000,292.00,2.920,2026-07-27T09:00:00.000Z,ANA,2026-07-30T22:22:13.000Z
2592,87170000,405.00,4.050,2026-07-27T09:00:00.000Z,ANA,2026-07-30T22:22:14.000Z
3340,87270000,289.00,2.890,2026-07-27T09:00:00.000Z,ANA,2026-07-30T22:22:15.000Z
4089,87168590,402.00,4.020,2026-07-27T09:00:00.000Z,ANA,2026-07-30T22:22:16.000Z
403,87150000,112.00,1.120,2026-07-27T08:45:00.000Z,ANA,2026-07-30T22:22:13.000Z
1103,87165001,166.00,1.660,2026-07-27T08:45:00.000Z,ANA,2026-07-30T22:22:13.000Z
1847,87163000,292.00,2.920,2026-07-27T08:45:00.000Z,ANA,2026-07-30T22:22:13.000Z
2591,87170000,405.00,4.050,2026-07-27T08:45:00.000Z,ANA,2026-07-30T22:22:14.000Z
3339,87270000,290.00,2.900,2026-07-27T08:45:00.000Z,ANA,2026-07-30T22:22:15.000Z
4088,87168590,402.00,4.020,2026-07-27T08:45:00.000Z,ANA,2026-07-30T22:22:16.000Z
402,87150000,111.00,1.110,2026-07-27T08:30:00.000Z,ANA,2026-07-30T22:22:13.000Z
1102,87165001,166.00,1.660,2026-07-27T08:30:00.000Z,ANA,2026-07-30T22:22:13.000Z
1846,87163000,292.00,2.920,2026-07-27T08:30:00.000Z,ANA,2026-07-30T22:22:13.000Z
2590,87170000,406.00,4.060,2026-07-27T08:30:00.000Z,ANA,2026-07-30T22:22:14.000Z
3338,87270000,291.00,2.910,2026-07-27T08:30:00.000Z,ANA,2026-07-30T22:22:15.000Z
4087,87168590,402.00,4.020,2026-07-27T08:30:00.000Z,ANA,2026-07-30T22:22:16.000Z
401,87150000,112.00,1.120,2026-07-27T08:15:00.000Z,ANA,2026-07-30T22:22:13.000Z
1101,87165001,166.00,1.660,2026-07-27T08:15:00.000Z,ANA,2026-07-30T22:22:13.000Z
1845,87163000,292.00,2.920,2026-07-27T08:15:00.000Z,ANA,2026-07-30T22:22:13.000Z
2589,87170000,407.00,4.070,2026-07-27T08:15:00.000Z,ANA,2026-07-30T22:22:14.000Z
3337,87270000,292.00,2.920,2026-07-27T08:15:00.000Z,ANA,2026-07-30T22:22:15.000Z
4086,87168590,402.00,4.020,2026-07-27T08:15:00.000Z,ANA,2026-07-30T22:22:16.000Z
400,87150000,112.00,1.120,2026-07-27T08:00:00.000Z,ANA,2026-07-30T22:22:13.000Z
1100,87165001,165.00,1.650,2026-07-27T08:00:00.000Z,ANA,2026-07-30T22:22:13.000Z
1844,87163000,292.00,2.920,2026-07-27T08:00:00.000Z,ANA,2026-07-30T22:22:13.000Z
2588,87170000,408.00,4.080,2026-07-27T08:00:00.000Z,ANA,2026-07-30T22:22:14.000Z
3336,87270000,292.00,2.920,2026-07-27T08:00:00.000Z,ANA,2026-07-30T22:22:15.000Z
4085,87168590,402.00,4.020,2026-07-27T08:00:00.000Z,ANA,2026-07-30T22:22:16.000Z
399,87150000,112.00,1.120,2026-07-27T07:45:00.000Z,ANA,2026-07-30T22:22:13.000Z
1099,87165001,166.00,1.660,2026-07-27T07:45:00.000Z,ANA,2026-07-30T22:22:13.000Z
1843,87163000,292.00,2.920,2026-07-27T07:45:00.000Z,ANA,2026-07-30T22:22:13.000Z
2587,87170000,409.00,4.090,2026-07-27T07:45:00.000Z,ANA,2026-07-30T22:22:14.000Z
3335,87270000,293.00,2.930,2026-07-27T07:45:00.000Z,ANA,2026-07-30T22:22:15.000Z
4084,87168590,402.00,4.020,2026-07-27T07:45:00.000Z,ANA,2026-07-30T22:22:16.000Z
398,87150000,112.00,1.120,2026-07-27T07:30:00.000Z,ANA,2026-07-30T22:22:13.000Z
1098,87165001,166.00,1.660,2026-07-27T07:30:00.000Z,ANA,2026-07-30T22:22:13.000Z
1842,87163000,293.00,2.930,2026-07-27T07:30:00.000Z,ANA,2026-07-30T22:22:13.000Z
2586,87170000,409.00,4.090,2026-07-27T07:30:00.000Z,ANA,2026-07-30T22:22:14.000Z
3334,87270000,294.00,2.940,2026-07-27T07:30:00.000Z,ANA,2026-07-30T22:22:15.000Z
4083,87168590,402.00,4.020,2026-07-27T07:30:00.000Z,ANA,2026-07-30T22:22:16.000Z
397,87150000,112.00,1.120,2026-07-27T07:15:00.000Z,ANA,2026-07-30T22:22:13.000Z
1097,87165001,166.00,1.660,2026-07-27T07:15:00.000Z,ANA,2026-07-30T22:22:13.000Z
1841,87163000,293.00,2.930,2026-07-27T07:15:00.000Z,ANA,2026-07-30T22:22:13.000Z
2585,87170000,410.00,4.100,2026-07-27T07:15:00.000Z,ANA,2026-07-30T22:22:14.000Z
3333,87270000,295.00,2.950,2026-07-27T07:15:00.000Z,ANA,2026-07-30T22:22:15.000Z
4082,87168590,402.00,4.020,2026-07-27T07:15:00.000Z,ANA,2026-07-30T22:22:16.000Z
396,87150000,112.00,1.120,2026-07-27T07:00:00.000Z,ANA,2026-07-30T22:22:13.000Z
1096,87165001,166.00,1.660,2026-07-27T07:00:00.000Z,ANA,2026-07-30T22:22:13.000Z
1840,87163000,293.00,2.930,2026-07-27T07:00:00.000Z,ANA,2026-07-30T22:22:13.000Z
2584,87170000,411.00,4.110,2026-07-27T07:00:00.000Z,ANA,2026-07-30T22:22:14.000Z
3332,87270000,296.00,2.960,2026-07-27T07:00:00.000Z,ANA,2026-07-30T22:22:15.000Z
4081,87168590,403.00,4.030,2026-07-27T07:00:00.000Z,ANA,2026-07-30T22:22:16.000Z
395,87150000,112.00,1.120,2026-07-27T06:45:00.000Z,ANA,2026-07-30T22:22:13.000Z
1095,87165001,166.00,1.660,2026-07-27T06:45:00.000Z,ANA,2026-07-30T22:22:13.000Z
1839,87163000,293.00,2.930,2026-07-27T06:45:00.000Z,ANA,2026-07-30T22:22:13.000Z
2583,87170000,412.00,4.120,2026-07-27T06:45:00.000Z,ANA,2026-07-30T22:22:14.000Z
3331,87270000,297.00,2.970,2026-07-27T06:45:00.000Z,ANA,2026-07-30T22:22:15.000Z
4080,87168590,402.00,4.020,2026-07-27T06:45:00.000Z,ANA,2026-07-30T22:22:16.000Z
394,87150000,112.00,1.120,2026-07-27T06:30:00.000Z,ANA,2026-07-30T22:22:13.000Z
1094,87165001,166.00,1.660,2026-07-27T06:30:00.000Z,ANA,2026-07-30T22:22:13.000Z
1838,87163000,293.00,2.930,2026-07-27T06:30:00.000Z,ANA,2026-07-30T22:22:13.000Z
2582,87170000,413.00,4.130,2026-07-27T06:30:00.000Z,ANA,2026-07-30T22:22:14.000Z
3330,87270000,298.00,2.980,2026-07-27T06:30:00.000Z,ANA,2026-07-30T22:22:15.000Z
4079,87168590,403.00,4.030,2026-07-27T06:30:00.000Z,ANA,2026-07-30T22:22:16.000Z
393,87150000,112.00,1.120,2026-07-27T06:15:00.000Z,ANA,2026-07-30T22:22:13.000Z
1093,87165001,167.00,1.670,2026-07-27T06:15:00.000Z,ANA,2026-07-30T22:22:13.000Z
1837,87163000,293.00,2.930,2026-07-27T06:15:00.000Z,ANA,2026-07-30T22:22:13.000Z
2581,87170000,413.00,4.130,2026-07-27T06:15:00.000Z,ANA,2026-07-30T22:22:14.000Z
3329,87270000,299.00,2.990,2026-07-27T06:15:00.000Z,ANA,2026-07-30T22:22:15.000Z
4078,87168590,404.00,4.040,2026-07-27T06:15:00.000Z,ANA,2026-07-30T22:22:16.000Z
392,87150000,112.00,1.120,2026-07-27T06:00:00.000Z,ANA,2026-07-30T22:22:13.000Z
1092,87165001,167.00,1.670,2026-07-27T06:00:00.000Z,ANA,2026-07-30T22:22:13.000Z
1836,87163000,293.00,2.930,2026-07-27T06:00:00.000Z,ANA,2026-07-30T22:22:13.000Z
2580,87170000,414.00,4.140,2026-07-27T06:00:00.000Z,ANA,2026-07-30T22:22:14.000Z
3328,87270000,299.00,2.990,2026-07-27T06:00:00.000Z,ANA,2026-07-30T22:22:15.000Z
4077,87168590,404.00,4.040,2026-07-27T06:00:00.000Z,ANA,2026-07-30T22:22:16.000Z
391,87150000,112.00,1.120,2026-07-27T05:45:00.000Z,ANA,2026-07-30T22:22:13.000Z
1091,87165001,167.00,1.670,2026-07-27T05:45:00.000Z,ANA,2026-07-30T22:22:13.000Z
1835,87163000,293.00,2.930,2026-07-27T05:45:00.000Z,ANA,2026-07-30T22:22:13.000Z
2579,87170000,415.00,4.150,2026-07-27T05:45:00.000Z,ANA,2026-07-30T22:22:14.000Z
3327,87270000,300.00,3.000,2026-07-27T05:45:00.000Z,ANA,2026-07-30T22:22:15.000Z
4076,87168590,403.00,4.030,2026-07-27T05:45:00.000Z,ANA,2026-07-30T22:22:16.000Z
390,87150000,112.00,1.120,2026-07-27T05:30:00.000Z,ANA,2026-07-30T22:22:13.000Z
1090,87165001,167.00,1.670,2026-07-27T05:30:00.000Z,ANA,2026-07-30T22:22:13.000Z
1834,87163000,293.00,2.930,2026-07-27T05:30:00.000Z,ANA,2026-07-30T22:22:13.000Z
2578,87170000,416.00,4.160,2026-07-27T05:30:00.000Z,ANA,2026-07-30T22:22:14.000Z
3326,87270000,301.00,3.010,2026-07-27T05:30:00.000Z,ANA,2026-07-30T22:22:15.000Z
4075,87168590,404.00,4.040,2026-07-27T05:30:00.000Z,ANA,2026-07-30T22:22:16.000Z
389,87150000,112.00,1.120,2026-07-27T05:15:00.000Z,ANA,2026-07-30T22:22:13.000Z
1089,87165001,167.00,1.670,2026-07-27T05:15:00.000Z,ANA,2026-07-30T22:22:13.000Z
1833,87163000,294.00,2.940,2026-07-27T05:15:00.000Z,ANA,2026-07-30T22:22:13.000Z
2577,87170000,417.00,4.170,2026-07-27T05:15:00.000Z,ANA,2026-07-30T22:22:14.000Z
3325,87270000,302.00,3.020,2026-07-27T05:15:00.000Z,ANA,2026-07-30T22:22:15.000Z
4074,87168590,404.00,4.040,2026-07-27T05:15:00.000Z,ANA,2026-07-30T22:22:16.000Z
388,87150000,112.00,1.120,2026-07-27T05:00:00.000Z,ANA,2026-07-30T22:22:13.000Z
1088,87165001,167.00,1.670,2026-07-27T05:00:00.000Z,ANA,2026-07-30T22:22:13.000Z
1832,87163000,294.00,2.940,2026-07-27T05:00:00.000Z,ANA,2026-07-30T22:22:13.000Z
2576,87170000,417.00,4.170,2026-07-27T05:00:00.000Z,ANA,2026-07-30T22:22:14.000Z
3324,87270000,303.00,3.030,2026-07-27T05:00:00.000Z,ANA,2026-07-30T22:22:15.000Z
4073,87168590,404.00,4.040,2026-07-27T05:00:00.000Z,ANA,2026-07-30T22:22:16.000Z
387,87150000,113.00,1.130,2026-07-27T04:45:00.000Z,ANA,2026-07-30T22:22:13.000Z
1087,87165001,167.00,1.670,2026-07-27T04:45:00.000Z,ANA,2026-07-30T22:22:13.000Z
1831,87163000,294.00,2.940,2026-07-27T04:45:00.000Z,ANA,2026-07-30T22:22:13.000Z
2575,87170000,419.00,4.190,2026-07-27T04:45:00.000Z,ANA,2026-07-30T22:22:14.000Z
3323,87270000,304.00,3.040,2026-07-27T04:45:00.000Z,ANA,2026-07-30T22:22:15.000Z
4072,87168590,404.00,4.040,2026-07-27T04:45:00.000Z,ANA,2026-07-30T22:22:16.000Z
386,87150000,113.00,1.130,2026-07-27T04:30:00.000Z,ANA,2026-07-30T22:22:13.000Z
1086,87165001,167.00,1.670,2026-07-27T04:30:00.000Z,ANA,2026-07-30T22:22:13.000Z
1830,87163000,294.00,2.940,2026-07-27T04:30:00.000Z,ANA,2026-07-30T22:22:13.000Z
2574,87170000,419.00,4.190,2026-07-27T04:30:00.000Z,ANA,2026-07-30T22:22:14.000Z
3322,87270000,305.00,3.050,2026-07-27T04:30:00.000Z,ANA,2026-07-30T22:22:15.000Z
4071,87168590,404.00,4.040,2026-07-27T04:30:00.000Z,ANA,2026-07-30T22:22:16.000Z
385,87150000,113.00,1.130,2026-07-27T04:15:00.000Z,ANA,2026-07-30T22:22:13.000Z
1085,87165001,167.00,1.670,2026-07-27T04:15:00.000Z,ANA,2026-07-30T22:22:13.000Z
1829,87163000,294.00,2.940,2026-07-27T04:15:00.000Z,ANA,2026-07-30T22:22:13.000Z
2573,87170000,420.00,4.200,2026-07-27T04:15:00.000Z,ANA,2026-07-30T22:22:14.000Z
3321,87270000,306.00,3.060,2026-07-27T04:15:00.000Z,ANA,2026-07-30T22:22:15.000Z
4070,87168590,405.00,4.050,2026-07-27T04:15:00.000Z,ANA,2026-07-30T22:22:16.000Z
384,87150000,113.00,1.130,2026-07-27T04:00:00.000Z,ANA,2026-07-30T22:22:13.000Z
1084,87165001,168.00,1.680,2026-07-27T04:00:00.000Z,ANA,2026-07-30T22:22:13.000Z
1828,87163000,294.00,2.940,2026-07-27T04:00:00.000Z,ANA,2026-07-30T22:22:13.000Z
2572,87170000,421.00,4.210,2026-07-27T04:00:00.000Z,ANA,2026-07-30T22:22:14.000Z
3320,87270000,307.00,3.070,2026-07-27T04:00:00.000Z,ANA,2026-07-30T22:22:15.000Z
4069,87168590,405.00,4.050,2026-07-27T04:00:00.000Z,ANA,2026-07-30T22:22:16.000Z
383,87150000,113.00,1.130,2026-07-27T03:45:00.000Z,ANA,2026-07-30T22:22:13.000Z
1083,87165001,168.00,1.680,2026-07-27T03:45:00.000Z,ANA,2026-07-30T22:22:13.000Z
1827,87163000,294.00,2.940,2026-07-27T03:45:00.000Z,ANA,2026-07-30T22:22:13.000Z
2571,87170000,422.00,4.220,2026-07-27T03:45:00.000Z,ANA,2026-07-30T22:22:14.000Z
3319,87270000,308.00,3.080,2026-07-27T03:45:00.000Z,ANA,2026-07-30T22:22:15.000Z
4068,87168590,405.00,4.050,2026-07-27T03:45:00.000Z,ANA,2026-07-30T22:22:16.000Z
382,87150000,113.00,1.130,2026-07-27T03:30:00.000Z,ANA,2026-07-30T22:22:13.000Z
1082,87165001,168.00,1.680,2026-07-27T03:30:00.000Z,ANA,2026-07-30T22:22:13.000Z
1826,87163000,294.00,2.940,2026-07-27T03:30:00.000Z,ANA,2026-07-30T22:22:13.000Z
2570,87170000,423.00,4.230,2026-07-27T03:30:00.000Z,ANA,2026-07-30T22:22:14.000Z
3318,87270000,309.00,3.090,2026-07-27T03:30:00.000Z,ANA,2026-07-30T22:22:15.000Z
4067,87168590,405.00,4.050,2026-07-27T03:30:00.000Z,ANA,2026-07-30T22:22:16.000Z
381,87150000,113.00,1.130,2026-07-27T03:15:00.000Z,ANA,2026-07-30T22:22:13.000Z
1081,87165001,168.00,1.680,2026-07-27T03:15:00.000Z,ANA,2026-07-30T22:22:13.000Z
1825,87163000,294.00,2.940,2026-07-27T03:15:00.000Z,ANA,2026-07-30T22:22:13.000Z
2569,87170000,424.00,4.240,2026-07-27T03:15:00.000Z,ANA,2026-07-30T22:22:14.000Z
3317,87270000,310.00,3.100,2026-07-27T03:15:00.000Z,ANA,2026-07-30T22:22:15.000Z
4066,87168590,406.00,4.060,2026-07-27T03:15:00.000Z,ANA,2026-07-30T22:22:16.000Z
380,87150000,113.00,1.130,2026-07-27T03:00:00.000Z,ANA,2026-07-30T22:22:13.000Z
1080,87165001,168.00,1.680,2026-07-27T03:00:00.000Z,ANA,2026-07-30T22:22:13.000Z
1824,87163000,294.00,2.940,2026-07-27T03:00:00.000Z,ANA,2026-07-30T22:22:13.000Z
2568,87170000,425.00,4.250,2026-07-27T03:00:00.000Z,ANA,2026-07-30T22:22:14.000Z
3316,87270000,311.00,3.110,2026-07-27T03:00:00.000Z,ANA,2026-07-30T22:22:15.000Z
4065,87168590,405.00,4.050,2026-07-27T03:00:00.000Z,ANA,2026-07-30T22:22:16.000Z
379,87150000,113.00,1.130,2026-07-27T02:45:00.000Z,ANA,2026-07-30T22:22:13.000Z
1079,87165001,168.00,1.680,2026-07-27T02:45:00.000Z,ANA,2026-07-30T22:22:13.000Z
1823,87163000,295.00,2.950,2026-07-27T02:45:00.000Z,ANA,2026-07-30T22:22:13.000Z
2567,87170000,426.00,4.260,2026-07-27T02:45:00.000Z,ANA,2026-07-30T22:22:14.000Z
3315,87270000,312.00,3.120,2026-07-27T02:45:00.000Z,ANA,2026-07-30T22:22:15.000Z
4064,87168590,406.00,4.060,2026-07-27T02:45:00.000Z,ANA,2026-07-30T22:22:16.000Z
378,87150000,113.00,1.130,2026-07-27T02:30:00.000Z,ANA,2026-07-30T22:22:13.000Z
1078,87165001,169.00,1.690,2026-07-27T02:30:00.000Z,ANA,2026-07-30T22:22:13.000Z
1822,87163000,295.00,2.950,2026-07-27T02:30:00.000Z,ANA,2026-07-30T22:22:13.000Z
2566,87170000,427.00,4.270,2026-07-27T02:30:00.000Z,ANA,2026-07-30T22:22:14.000Z
3314,87270000,313.00,3.130,2026-07-27T02:30:00.000Z,ANA,2026-07-30T22:22:15.000Z
4063,87168590,406.00,4.060,2026-07-27T02:30:00.000Z,ANA,2026-07-30T22:22:16.000Z
377,87150000,113.00,1.130,2026-07-27T02:15:00.000Z,ANA,2026-07-30T22:22:13.000Z
1077,87165001,168.00,1.680,2026-07-27T02:15:00.000Z,ANA,2026-07-30T22:22:13.000Z
1821,87163000,295.00,2.950,2026-07-27T02:15:00.000Z,ANA,2026-07-30T22:22:13.000Z
2565,87170000,427.00,4.270,2026-07-27T02:15:00.000Z,ANA,2026-07-30T22:22:14.000Z
3313,87270000,314.00,3.140,2026-07-27T02:15:00.000Z,ANA,2026-07-30T22:22:15.000Z
4062,87168590,406.00,4.060,2026-07-27T02:15:00.000Z,ANA,2026-07-30T22:22:16.000Z
376,87150000,113.00,1.130,2026-07-27T02:00:00.000Z,ANA,2026-07-30T22:22:13.000Z
1076,87165001,169.00,1.690,2026-07-27T02:00:00.000Z,ANA,2026-07-30T22:22:13.000Z
1820,87163000,295.00,2.950,2026-07-27T02:00:00.000Z,ANA,2026-07-30T22:22:13.000Z
2564,87170000,428.00,4.280,2026-07-27T02:00:00.000Z,ANA,2026-07-30T22:22:14.000Z
3312,87270000,315.00,3.150,2026-07-27T02:00:00.000Z,ANA,2026-07-30T22:22:15.000Z
4061,87168590,406.00,4.060,2026-07-27T02:00:00.000Z,ANA,2026-07-30T22:22:16.000Z
375,87150000,113.00,1.130,2026-07-27T01:45:00.000Z,ANA,2026-07-30T22:22:13.000Z
1075,87165001,169.00,1.690,2026-07-27T01:45:00.000Z,ANA,2026-07-30T22:22:13.000Z
1819,87163000,295.00,2.950,2026-07-27T01:45:00.000Z,ANA,2026-07-30T22:22:13.000Z
2563,87170000,429.00,4.290,2026-07-27T01:45:00.000Z,ANA,2026-07-30T22:22:14.000Z
3311,87270000,316.00,3.160,2026-07-27T01:45:00.000Z,ANA,2026-07-30T22:22:15.000Z
4060,87168590,407.00,4.070,2026-07-27T01:45:00.000Z,ANA,2026-07-30T22:22:16.000Z
374,87150000,114.00,1.140,2026-07-27T01:30:00.000Z,ANA,2026-07-30T22:22:13.000Z
1074,87165001,169.00,1.690,2026-07-27T01:30:00.000Z,ANA,2026-07-30T22:22:13.000Z
1818,87163000,295.00,2.950,2026-07-27T01:30:00.000Z,ANA,2026-07-30T22:22:13.000Z
2562,87170000,430.00,4.300,2026-07-27T01:30:00.000Z,ANA,2026-07-30T22:22:14.000Z
3310,87270000,317.00,3.170,2026-07-27T01:30:00.000Z,ANA,2026-07-30T22:22:15.000Z
4059,87168590,408.00,4.080,2026-07-27T01:30:00.000Z,ANA,2026-07-30T22:22:16.000Z
373,87150000,113.00,1.130,2026-07-27T01:15:00.000Z,ANA,2026-07-30T22:22:13.000Z
1073,87165001,169.00,1.690,2026-07-27T01:15:00.000Z,ANA,2026-07-30T22:22:13.000Z
1817,87163000,295.00,2.950,2026-07-27T01:15:00.000Z,ANA,2026-07-30T22:22:13.000Z
2561,87170000,431.00,4.310,2026-07-27T01:15:00.000Z,ANA,2026-07-30T22:22:14.000Z
3309,87270000,318.00,3.180,2026-07-27T01:15:00.000Z,ANA,2026-07-30T22:22:15.000Z
4058,87168590,407.00,4.070,2026-07-27T01:15:00.000Z,ANA,2026-07-30T22:22:16.000Z
372,87150000,114.00,1.140,2026-07-27T01:00:00.000Z,ANA,2026-07-30T22:22:13.000Z
1072,87165001,169.00,1.690,2026-07-27T01:00:00.000Z,ANA,2026-07-30T22:22:13.000Z
1816,87163000,295.00,2.950,2026-07-27T01:00:00.000Z,ANA,2026-07-30T22:22:13.000Z
2560,87170000,432.00,4.320,2026-07-27T01:00:00.000Z,ANA,2026-07-30T22:22:14.000Z
3308,87270000,319.00,3.190,2026-07-27T01:00:00.000Z,ANA,2026-07-30T22:22:15.000Z
4057,87168590,407.00,4.070,2026-07-27T01:00:00.000Z,ANA,2026-07-30T22:22:16.000Z
371,87150000,114.00,1.140,2026-07-27T00:45:00.000Z,ANA,2026-07-30T22:22:13.000Z
1071,87165001,170.00,1.700,2026-07-27T00:45:00.000Z,ANA,2026-07-30T22:22:13.000Z
1815,87163000,295.00,2.950,2026-07-27T00:45:00.000Z,ANA,2026-07-30T22:22:13.000Z
2559,87170000,433.00,4.330,2026-07-27T00:45:00.000Z,ANA,2026-07-30T22:22:14.000Z
3307,87270000,320.00,3.200,2026-07-27T00:45:00.000Z,ANA,2026-07-30T22:22:15.000Z
4056,87168590,407.00,4.070,2026-07-27T00:45:00.000Z,ANA,2026-07-30T22:22:16.000Z
370,87150000,114.00,1.140,2026-07-27T00:30:00.000Z,ANA,2026-07-30T22:22:13.000Z
1070,87165001,170.00,1.700,2026-07-27T00:30:00.000Z,ANA,2026-07-30T22:22:13.000Z
1814,87163000,296.00,2.960,2026-07-27T00:30:00.000Z,ANA,2026-07-30T22:22:13.000Z
2558,87170000,434.00,4.340,2026-07-27T00:30:00.000Z,ANA,2026-07-30T22:22:14.000Z
3306,87270000,321.00,3.210,2026-07-27T00:30:00.000Z,ANA,2026-07-30T22:22:15.000Z
4055,87168590,407.00,4.070,2026-07-27T00:30:00.000Z,ANA,2026-07-30T22:22:16.000Z
369,87150000,114.00,1.140,2026-07-27T00:15:00.000Z,ANA,2026-07-30T22:22:13.000Z
1069,87165001,170.00,1.700,2026-07-27T00:15:00.000Z,ANA,2026-07-30T22:22:13.000Z
1813,87163000,296.00,2.960,2026-07-27T00:15:00.000Z,ANA,2026-07-30T22:22:13.000Z
2557,87170000,435.00,4.350,2026-07-27T00:15:00.000Z,ANA,2026-07-30T22:22:14.000Z
3305,87270000,322.00,3.220,2026-07-27T00:15:00.000Z,ANA,2026-07-30T22:22:15.000Z
4054,87168590,407.00,4.070,2026-07-27T00:15:00.000Z,ANA,2026-07-30T22:22:16.000Z
368,87150000,114.00,1.140,2026-07-27T00:00:00.000Z,ANA,2026-07-30T22:22:13.000Z
1068,87165001,170.00,1.700,2026-07-27T00:00:00.000Z,ANA,2026-07-30T22:22:13.000Z
1812,87163000,296.00,2.960,2026-07-27T00:00:00.000Z,ANA,2026-07-30T22:22:13.000Z
2556,87170000,436.00,4.360,2026-07-27T00:00:00.000Z,ANA,2026-07-30T22:22:14.000Z
3304,87270000,323.00,3.230,2026-07-27T00:00:00.000Z,ANA,2026-07-30T22:22:15.000Z
4053,87168590,407.00,4.070,2026-07-27T00:00:00.000Z,ANA,2026-07-30T22:22:16.000Z
367,87150000,114.00,1.140,2026-07-26T23:45:00.000Z,ANA,2026-07-30T22:22:13.000Z
1067,87165001,170.00,1.700,2026-07-26T23:45:00.000Z,ANA,2026-07-30T22:22:13.000Z
1811,87163000,296.00,2.960,2026-07-26T23:45:00.000Z,ANA,2026-07-30T22:22:13.000Z
2555,87170000,437.00,4.370,2026-07-26T23:45:00.000Z,ANA,2026-07-30T22:22:14.000Z
3303,87270000,324.00,3.240,2026-07-26T23:45:00.000Z,ANA,2026-07-30T22:22:15.000Z
4052,87168590,408.00,4.080,2026-07-26T23:45:00.000Z,ANA,2026-07-30T22:22:16.000Z
366,87150000,114.00,1.140,2026-07-26T23:30:00.000Z,ANA,2026-07-30T22:22:13.000Z
1066,87165001,170.00,1.700,2026-07-26T23:30:00.000Z,ANA,2026-07-30T22:22:13.000Z
1810,87163000,296.00,2.960,2026-07-26T23:30:00.000Z,ANA,2026-07-30T22:22:13.000Z
2554,87170000,438.00,4.380,2026-07-26T23:30:00.000Z,ANA,2026-07-30T22:22:14.000Z
3302,87270000,325.00,3.250,2026-07-26T23:30:00.000Z,ANA,2026-07-30T22:22:15.000Z
4051,87168590,409.00,4.090,2026-07-26T23:30:00.000Z,ANA,2026-07-30T22:22:16.000Z
365,87150000,114.00,1.140,2026-07-26T23:15:00.000Z,ANA,2026-07-30T22:22:13.000Z
1065,87165001,170.00,1.700,2026-07-26T23:15:00.000Z,ANA,2026-07-30T22:22:13.000Z
1809,87163000,296.00,2.960,2026-07-26T23:15:00.000Z,ANA,2026-07-30T22:22:13.000Z
2553,87170000,439.00,4.390,2026-07-26T23:15:00.000Z,ANA,2026-07-30T22:22:14.000Z
3301,87270000,326.00,3.260,2026-07-26T23:15:00.000Z,ANA,2026-07-30T22:22:15.000Z
4050,87168590,408.00,4.080,2026-07-26T23:15:00.000Z,ANA,2026-07-30T22:22:16.000Z
364,87150000,114.00,1.140,2026-07-26T23:00:00.000Z,ANA,2026-07-30T22:22:13.000Z
1064,87165001,170.00,1.700,2026-07-26T23:00:00.000Z,ANA,2026-07-30T22:22:13.000Z
1808,87163000,297.00,2.970,2026-07-26T23:00:00.000Z,ANA,2026-07-30T22:22:13.000Z
2552,87170000,440.00,4.400,2026-07-26T23:00:00.000Z,ANA,2026-07-30T22:22:14.000Z
3300,87270000,327.00,3.270,2026-07-26T23:00:00.000Z,ANA,2026-07-30T22:22:15.000Z
4049,87168590,409.00,4.090,2026-07-26T23:00:00.000Z,ANA,2026-07-30T22:22:16.000Z
363,87150000,114.00,1.140,2026-07-26T22:45:00.000Z,ANA,2026-07-30T22:22:13.000Z
1063,87165001,170.00,1.700,2026-07-26T22:45:00.000Z,ANA,2026-07-30T22:22:13.000Z
1807,87163000,297.00,2.970,2026-07-26T22:45:00.000Z,ANA,2026-07-30T22:22:13.000Z
2551,87170000,441.00,4.410,2026-07-26T22:45:00.000Z,ANA,2026-07-30T22:22:14.000Z
3299,87270000,328.00,3.280,2026-07-26T22:45:00.000Z,ANA,2026-07-30T22:22:15.000Z
4048,87168590,409.00,4.090,2026-07-26T22:45:00.000Z,ANA,2026-07-30T22:22:16.000Z
362,87150000,114.00,1.140,2026-07-26T22:30:00.000Z,ANA,2026-07-30T22:22:13.000Z
1062,87165001,170.00,1.700,2026-07-26T22:30:00.000Z,ANA,2026-07-30T22:22:13.000Z
1806,87163000,297.00,2.970,2026-07-26T22:30:00.000Z,ANA,2026-07-30T22:22:13.000Z
2550,87170000,442.00,4.420,2026-07-26T22:30:00.000Z,ANA,2026-07-30T22:22:14.000Z
3298,87270000,329.00,3.290,2026-07-26T22:30:00.000Z,ANA,2026-07-30T22:22:15.000Z
4047,87168590,409.00,4.090,2026-07-26T22:30:00.000Z,ANA,2026-07-30T22:22:16.000Z
361,87150000,114.00,1.140,2026-07-26T22:15:00.000Z,ANA,2026-07-30T22:22:13.000Z
1061,87165001,170.00,1.700,2026-07-26T22:15:00.000Z,ANA,2026-07-30T22:22:13.000Z
1805,87163000,297.00,2.970,2026-07-26T22:15:00.000Z,ANA,2026-07-30T22:22:13.000Z
2549,87170000,443.00,4.430,2026-07-26T22:15:00.000Z,ANA,2026-07-30T22:22:14.000Z
3297,87270000,331.00,3.310,2026-07-26T22:15:00.000Z,ANA,2026-07-30T22:22:15.000Z
4046,87168590,410.00,4.100,2026-07-26T22:15:00.000Z,ANA,2026-07-30T22:22:16.000Z
360,87150000,115.00,1.150,2026-07-26T22:00:00.000Z,ANA,2026-07-30T22:22:13.000Z
1060,87165001,171.00,1.710,2026-07-26T22:00:00.000Z,ANA,2026-07-30T22:22:13.000Z
1804,87163000,297.00,2.970,2026-07-26T22:00:00.000Z,ANA,2026-07-30T22:22:13.000Z
2548,87170000,444.00,4.440,2026-07-26T22:00:00.000Z,ANA,2026-07-30T22:22:14.000Z
3296,87270000,331.00,3.310,2026-07-26T22:00:00.000Z,ANA,2026-07-30T22:22:15.000Z
4045,87168590,408.00,4.080,2026-07-26T22:00:00.000Z,ANA,2026-07-30T22:22:16.000Z
359,87150000,115.00,1.150,2026-07-26T21:45:00.000Z,ANA,2026-07-30T22:22:13.000Z
1059,87165001,171.00,1.710,2026-07-26T21:45:00.000Z,ANA,2026-07-30T22:22:13.000Z
1803,87163000,297.00,2.970,2026-07-26T21:45:00.000Z,ANA,2026-07-30T22:22:13.000Z
2547,87170000,446.00,4.460,2026-07-26T21:45:00.000Z,ANA,2026-07-30T22:22:14.000Z
3295,87270000,333.00,3.330,2026-07-26T21:45:00.000Z,ANA,2026-07-30T22:22:15.000Z
4044,87168590,409.00,4.090,2026-07-26T21:45:00.000Z,ANA,2026-07-30T22:22:16.000Z
358,87150000,115.00,1.150,2026-07-26T21:30:00.000Z,ANA,2026-07-30T22:22:13.000Z
1058,87165001,171.00,1.710,2026-07-26T21:30:00.000Z,ANA,2026-07-30T22:22:13.000Z
1802,87163000,297.00,2.970,2026-07-26T21:30:00.000Z,ANA,2026-07-30T22:22:13.000Z
2546,87170000,447.00,4.470,2026-07-26T21:30:00.000Z,ANA,2026-07-30T22:22:14.000Z
3294,87270000,334.00,3.340,2026-07-26T21:30:00.000Z,ANA,2026-07-30T22:22:15.000Z
4043,87168590,410.00,4.100,2026-07-26T21:30:00.000Z,ANA,2026-07-30T22:22:16.000Z
357,87150000,115.00,1.150,2026-07-26T21:15:00.000Z,ANA,2026-07-30T22:22:13.000Z
1057,87165001,171.00,1.710,2026-07-26T21:15:00.000Z,ANA,2026-07-30T22:22:13.000Z
1801,87163000,297.00,2.970,2026-07-26T21:15:00.000Z,ANA,2026-07-30T22:22:13.000Z
2545,87170000,449.00,4.490,2026-07-26T21:15:00.000Z,ANA,2026-07-30T22:22:14.000Z
3293,87270000,335.00,3.350,2026-07-26T21:15:00.000Z,ANA,2026-07-30T22:22:15.000Z
4042,87168590,410.00,4.100,2026-07-26T21:15:00.000Z,ANA,2026-07-30T22:22:16.000Z
356,87150000,115.00,1.150,2026-07-26T21:00:00.000Z,ANA,2026-07-30T22:22:13.000Z
1056,87165001,171.00,1.710,2026-07-26T21:00:00.000Z,ANA,2026-07-30T22:22:13.000Z
1800,87163000,297.00,2.970,2026-07-26T21:00:00.000Z,ANA,2026-07-30T22:22:13.000Z
2544,87170000,449.00,4.490,2026-07-26T21:00:00.000Z,ANA,2026-07-30T22:22:14.000Z
3292,87270000,336.00,3.360,2026-07-26T21:00:00.000Z,ANA,2026-07-30T22:22:15.000Z
4041,87168590,410.00,4.100,2026-07-26T21:00:00.000Z,ANA,2026-07-30T22:22:16.000Z
355,87150000,115.00,1.150,2026-07-26T20:45:00.000Z,ANA,2026-07-30T22:22:13.000Z
1055,87165001,171.00,1.710,2026-07-26T20:45:00.000Z,ANA,2026-07-30T22:22:13.000Z
1799,87163000,298.00,2.980,2026-07-26T20:45:00.000Z,ANA,2026-07-30T22:22:13.000Z
2543,87170000,450.00,4.500,2026-07-26T20:45:00.000Z,ANA,2026-07-30T22:22:14.000Z
3291,87270000,337.00,3.370,2026-07-26T20:45:00.000Z,ANA,2026-07-30T22:22:15.000Z
4040,87168590,411.00,4.110,2026-07-26T20:45:00.000Z,ANA,2026-07-30T22:22:16.000Z
354,87150000,115.00,1.150,2026-07-26T20:30:00.000Z,ANA,2026-07-30T22:22:13.000Z
1054,87165001,171.00,1.710,2026-07-26T20:30:00.000Z,ANA,2026-07-30T22:22:13.000Z
1798,87163000,298.00,2.980,2026-07-26T20:30:00.000Z,ANA,2026-07-30T22:22:13.000Z
2542,87170000,451.00,4.510,2026-07-26T20:30:00.000Z,ANA,2026-07-30T22:22:14.000Z
3290,87270000,338.00,3.380,2026-07-26T20:30:00.000Z,ANA,2026-07-30T22:22:15.000Z
4039,87168590,410.00,4.100,2026-07-26T20:30:00.000Z,ANA,2026-07-30T22:22:16.000Z
353,87150000,115.00,1.150,2026-07-26T20:15:00.000Z,ANA,2026-07-30T22:22:13.000Z
1053,87165001,171.00,1.710,2026-07-26T20:15:00.000Z,ANA,2026-07-30T22:22:13.000Z
1797,87163000,298.00,2.980,2026-07-26T20:15:00.000Z,ANA,2026-07-30T22:22:13.000Z
2541,87170000,452.00,4.520,2026-07-26T20:15:00.000Z,ANA,2026-07-30T22:22:14.000Z
3289,87270000,339.00,3.390,2026-07-26T20:15:00.000Z,ANA,2026-07-30T22:22:15.000Z
4038,87168590,411.00,4.110,2026-07-26T20:15:00.000Z,ANA,2026-07-30T22:22:16.000Z
352,87150000,115.00,1.150,2026-07-26T20:00:00.000Z,ANA,2026-07-30T22:22:13.000Z
1052,87165001,171.00,1.710,2026-07-26T20:00:00.000Z,ANA,2026-07-30T22:22:13.000Z
1796,87163000,298.00,2.980,2026-07-26T20:00:00.000Z,ANA,2026-07-30T22:22:13.000Z
2540,87170000,453.00,4.530,2026-07-26T20:00:00.000Z,ANA,2026-07-30T22:22:14.000Z
3288,87270000,340.00,3.400,2026-07-26T20:00:00.000Z,ANA,2026-07-30T22:22:15.000Z
4037,87168590,411.00,4.110,2026-07-26T20:00:00.000Z,ANA,2026-07-30T22:22:16.000Z
351,87150000,115.00,1.150,2026-07-26T19:45:00.000Z,ANA,2026-07-30T22:22:13.000Z
1051,87165001,172.00,1.720,2026-07-26T19:45:00.000Z,ANA,2026-07-30T22:22:13.000Z
1795,87163000,298.00,2.980,2026-07-26T19:45:00.000Z,ANA,2026-07-30T22:22:13.000Z
2539,87170000,454.00,4.540,2026-07-26T19:45:00.000Z,ANA,2026-07-30T22:22:14.000Z
3287,87270000,342.00,3.420,2026-07-26T19:45:00.000Z,ANA,2026-07-30T22:22:15.000Z
4036,87168590,411.00,4.110,2026-07-26T19:45:00.000Z,ANA,2026-07-30T22:22:16.000Z
350,87150000,115.00,1.150,2026-07-26T19:30:00.000Z,ANA,2026-07-30T22:22:13.000Z
1050,87165001,172.00,1.720,2026-07-26T19:30:00.000Z,ANA,2026-07-30T22:22:13.000Z
1794,87163000,298.00,2.980,2026-07-26T19:30:00.000Z,ANA,2026-07-30T22:22:13.000Z
2538,87170000,456.00,4.560,2026-07-26T19:30:00.000Z,ANA,2026-07-30T22:22:14.000Z
3286,87270000,343.00,3.430,2026-07-26T19:30:00.000Z,ANA,2026-07-30T22:22:15.000Z
4035,87168590,412.00,4.120,2026-07-26T19:30:00.000Z,ANA,2026-07-30T22:22:16.000Z
349,87150000,116.00,1.160,2026-07-26T19:15:00.000Z,ANA,2026-07-30T22:22:13.000Z
1049,87165001,172.00,1.720,2026-07-26T19:15:00.000Z,ANA,2026-07-30T22:22:13.000Z
1793,87163000,298.00,2.980,2026-07-26T19:15:00.000Z,ANA,2026-07-30T22:22:13.000Z
2537,87170000,456.00,4.560,2026-07-26T19:15:00.000Z,ANA,2026-07-30T22:22:14.000Z
3285,87270000,344.00,3.440,2026-07-26T19:15:00.000Z,ANA,2026-07-30T22:22:15.000Z
4034,87168590,412.00,4.120,2026-07-26T19:15:00.000Z,ANA,2026-07-30T22:22:16.000Z
348,87150000,116.00,1.160,2026-07-26T19:00:00.000Z,ANA,2026-07-30T22:22:13.000Z
1048,87165001,172.00,1.720,2026-07-26T19:00:00.000Z,ANA,2026-07-30T22:22:13.000Z
1792,87163000,298.00,2.980,2026-07-26T19:00:00.000Z,ANA,2026-07-30T22:22:13.000Z
2536,87170000,458.00,4.580,2026-07-26T19:00:00.000Z,ANA,2026-07-30T22:22:14.000Z
3284,87270000,345.00,3.450,2026-07-26T19:00:00.000Z,ANA,2026-07-30T22:22:15.000Z
4033,87168590,412.00,4.120,2026-07-26T19:00:00.000Z,ANA,2026-07-30T22:22:16.000Z
347,87150000,116.00,1.160,2026-07-26T18:45:00.000Z,ANA,2026-07-30T22:22:13.000Z
1047,87165001,173.00,1.730,2026-07-26T18:45:00.000Z,ANA,2026-07-30T22:22:13.000Z
1791,87163000,298.00,2.980,2026-07-26T18:45:00.000Z,ANA,2026-07-30T22:22:13.000Z
2535,87170000,459.00,4.590,2026-07-26T18:45:00.000Z,ANA,2026-07-30T22:22:14.000Z
3283,87270000,346.00,3.460,2026-07-26T18:45:00.000Z,ANA,2026-07-30T22:22:15.000Z
4032,87168590,413.00,4.130,2026-07-26T18:45:00.000Z,ANA,2026-07-30T22:22:16.000Z
346,87150000,116.00,1.160,2026-07-26T18:30:00.000Z,ANA,2026-07-30T22:22:13.000Z
1046,87165001,173.00,1.730,2026-07-26T18:30:00.000Z,ANA,2026-07-30T22:22:13.000Z
1790,87163000,299.00,2.990,2026-07-26T18:30:00.000Z,ANA,2026-07-30T22:22:13.000Z
2534,87170000,460.00,4.600,2026-07-26T18:30:00.000Z,ANA,2026-07-30T22:22:14.000Z
3282,87270000,348.00,3.480,2026-07-26T18:30:00.000Z,ANA,2026-07-30T22:22:15.000Z
4031,87168590,412.00,4.120,2026-07-26T18:30:00.000Z,ANA,2026-07-30T22:22:16.000Z
345,87150000,116.00,1.160,2026-07-26T18:15:00.000Z,ANA,2026-07-30T22:22:13.000Z
1045,87165001,173.00,1.730,2026-07-26T18:15:00.000Z,ANA,2026-07-30T22:22:13.000Z
1789,87163000,299.00,2.990,2026-07-26T18:15:00.000Z,ANA,2026-07-30T22:22:13.000Z
2533,87170000,461.00,4.610,2026-07-26T18:15:00.000Z,ANA,2026-07-30T22:22:14.000Z
3281,87270000,349.00,3.490,2026-07-26T18:15:00.000Z,ANA,2026-07-30T22:22:15.000Z
4030,87168590,412.00,4.120,2026-07-26T18:15:00.000Z,ANA,2026-07-30T22:22:16.000Z
344,87150000,116.00,1.160,2026-07-26T18:00:00.000Z,ANA,2026-07-30T22:22:13.000Z
1044,87165001,173.00,1.730,2026-07-26T18:00:00.000Z,ANA,2026-07-30T22:22:13.000Z
1788,87163000,299.00,2.990,2026-07-26T18:00:00.000Z,ANA,2026-07-30T22:22:13.000Z
2532,87170000,462.00,4.620,2026-07-26T18:00:00.000Z,ANA,2026-07-30T22:22:14.000Z
3280,87270000,350.00,3.500,2026-07-26T18:00:00.000Z,ANA,2026-07-30T22:22:15.000Z
4029,87168590,413.00,4.130,2026-07-26T18:00:00.000Z,ANA,2026-07-30T22:22:16.000Z
343,87150000,116.00,1.160,2026-07-26T17:45:00.000Z,ANA,2026-07-30T22:22:13.000Z
1043,87165001,173.00,1.730,2026-07-26T17:45:00.000Z,ANA,2026-07-30T22:22:13.000Z
1787,87163000,299.00,2.990,2026-07-26T17:45:00.000Z,ANA,2026-07-30T22:22:13.000Z
2531,87170000,463.00,4.630,2026-07-26T17:45:00.000Z,ANA,2026-07-30T22:22:14.000Z
3279,87270000,351.00,3.510,2026-07-26T17:45:00.000Z,ANA,2026-07-30T22:22:15.000Z
4028,87168590,413.00,4.130,2026-07-26T17:45:00.000Z,ANA,2026-07-30T22:22:16.000Z
342,87150000,116.00,1.160,2026-07-26T17:30:00.000Z,ANA,2026-07-30T22:22:13.000Z
1042,87165001,173.00,1.730,2026-07-26T17:30:00.000Z,ANA,2026-07-30T22:22:13.000Z
1786,87163000,299.00,2.990,2026-07-26T17:30:00.000Z,ANA,2026-07-30T22:22:13.000Z
2530,87170000,464.00,4.640,2026-07-26T17:30:00.000Z,ANA,2026-07-30T22:22:14.000Z
3278,87270000,352.00,3.520,2026-07-26T17:30:00.000Z,ANA,2026-07-30T22:22:15.000Z
4027,87168590,413.00,4.130,2026-07-26T17:30:00.000Z,ANA,2026-07-30T22:22:16.000Z
341,87150000,116.00,1.160,2026-07-26T17:15:00.000Z,ANA,2026-07-30T22:22:13.000Z
1041,87165001,173.00,1.730,2026-07-26T17:15:00.000Z,ANA,2026-07-30T22:22:13.000Z
1785,87163000,299.00,2.990,2026-07-26T17:15:00.000Z,ANA,2026-07-30T22:22:13.000Z
2529,87170000,466.00,4.660,2026-07-26T17:15:00.000Z,ANA,2026-07-30T22:22:14.000Z
3277,87270000,353.00,3.530,2026-07-26T17:15:00.000Z,ANA,2026-07-30T22:22:15.000Z
4026,87168590,414.00,4.140,2026-07-26T17:15:00.000Z,ANA,2026-07-30T22:22:16.000Z
340,87150000,116.00,1.160,2026-07-26T17:00:00.000Z,ANA,2026-07-30T22:22:13.000Z
1040,87165001,174.00,1.740,2026-07-26T17:00:00.000Z,ANA,2026-07-30T22:22:13.000Z
1784,87163000,299.00,2.990,2026-07-26T17:00:00.000Z,ANA,2026-07-30T22:22:13.000Z
2528,87170000,467.00,4.670,2026-07-26T17:00:00.000Z,ANA,2026-07-30T22:22:14.000Z
3276,87270000,355.00,3.550,2026-07-26T17:00:00.000Z,ANA,2026-07-30T22:22:15.000Z
4025,87168590,414.00,4.140,2026-07-26T17:00:00.000Z,ANA,2026-07-30T22:22:16.000Z
339,87150000,116.00,1.160,2026-07-26T16:45:00.000Z,ANA,2026-07-30T22:22:13.000Z
1039,87165001,174.00,1.740,2026-07-26T16:45:00.000Z,ANA,2026-07-30T22:22:13.000Z
1783,87163000,300.00,3.000,2026-07-26T16:45:00.000Z,ANA,2026-07-30T22:22:13.000Z
2527,87170000,468.00,4.680,2026-07-26T16:45:00.000Z,ANA,2026-07-30T22:22:14.000Z
3275,87270000,356.00,3.560,2026-07-26T16:45:00.000Z,ANA,2026-07-30T22:22:15.000Z
4024,87168590,414.00,4.140,2026-07-26T16:45:00.000Z,ANA,2026-07-30T22:22:16.000Z
338,87150000,116.00,1.160,2026-07-26T16:30:00.000Z,ANA,2026-07-30T22:22:13.000Z
1038,87165001,174.00,1.740,2026-07-26T16:30:00.000Z,ANA,2026-07-30T22:22:13.000Z
1782,87163000,300.00,3.000,2026-07-26T16:30:00.000Z,ANA,2026-07-30T22:22:13.000Z
2526,87170000,469.00,4.690,2026-07-26T16:30:00.000Z,ANA,2026-07-30T22:22:14.000Z
3274,87270000,357.00,3.570,2026-07-26T16:30:00.000Z,ANA,2026-07-30T22:22:15.000Z
4023,87168590,415.00,4.150,2026-07-26T16:30:00.000Z,ANA,2026-07-30T22:22:16.000Z
337,87150000,117.00,1.170,2026-07-26T16:15:00.000Z,ANA,2026-07-30T22:22:13.000Z
1037,87165001,174.00,1.740,2026-07-26T16:15:00.000Z,ANA,2026-07-30T22:22:13.000Z
1781,87163000,300.00,3.000,2026-07-26T16:15:00.000Z,ANA,2026-07-30T22:22:13.000Z
2525,87170000,471.00,4.710,2026-07-26T16:15:00.000Z,ANA,2026-07-30T22:22:14.000Z
3273,87270000,358.00,3.580,2026-07-26T16:15:00.000Z,ANA,2026-07-30T22:22:15.000Z
4022,87168590,415.00,4.150,2026-07-26T16:15:00.000Z,ANA,2026-07-30T22:22:16.000Z
336,87150000,117.00,1.170,2026-07-26T16:00:00.000Z,ANA,2026-07-30T22:22:13.000Z
1036,87165001,175.00,1.750,2026-07-26T16:00:00.000Z,ANA,2026-07-30T22:22:13.000Z
1780,87163000,300.00,3.000,2026-07-26T16:00:00.000Z,ANA,2026-07-30T22:22:13.000Z
2524,87170000,472.00,4.720,2026-07-26T16:00:00.000Z,ANA,2026-07-30T22:22:14.000Z
3272,87270000,359.00,3.590,2026-07-26T16:00:00.000Z,ANA,2026-07-30T22:22:15.000Z
4021,87168590,415.00,4.150,2026-07-26T16:00:00.000Z,ANA,2026-07-30T22:22:16.000Z
335,87150000,117.00,1.170,2026-07-26T15:45:00.000Z,ANA,2026-07-30T22:22:13.000Z
1035,87165001,174.00,1.740,2026-07-26T15:45:00.000Z,ANA,2026-07-30T22:22:13.000Z
1779,87163000,300.00,3.000,2026-07-26T15:45:00.000Z,ANA,2026-07-30T22:22:13.000Z
2523,87170000,473.00,4.730,2026-07-26T15:45:00.000Z,ANA,2026-07-30T22:22:14.000Z
3271,87270000,361.00,3.610,2026-07-26T15:45:00.000Z,ANA,2026-07-30T22:22:15.000Z
4020,87168590,416.00,4.160,2026-07-26T15:45:00.000Z,ANA,2026-07-30T22:22:16.000Z
334,87150000,117.00,1.170,2026-07-26T15:30:00.000Z,ANA,2026-07-30T22:22:13.000Z
1034,87165001,175.00,1.750,2026-07-26T15:30:00.000Z,ANA,2026-07-30T22:22:13.000Z
1778,87163000,300.00,3.000,2026-07-26T15:30:00.000Z,ANA,2026-07-30T22:22:13.000Z
2522,87170000,474.00,4.740,2026-07-26T15:30:00.000Z,ANA,2026-07-30T22:22:14.000Z
3270,87270000,362.00,3.620,2026-07-26T15:30:00.000Z,ANA,2026-07-30T22:22:15.000Z
4019,87168590,416.00,4.160,2026-07-26T15:30:00.000Z,ANA,2026-07-30T22:22:16.000Z
333,87150000,117.00,1.170,2026-07-26T15:15:00.000Z,ANA,2026-07-30T22:22:13.000Z
1033,87165001,175.00,1.750,2026-07-26T15:15:00.000Z,ANA,2026-07-30T22:22:13.000Z
1777,87163000,300.00,3.000,2026-07-26T15:15:00.000Z,ANA,2026-07-30T22:22:13.000Z
2521,87170000,475.00,4.750,2026-07-26T15:15:00.000Z,ANA,2026-07-30T22:22:14.000Z
3269,87270000,363.00,3.630,2026-07-26T15:15:00.000Z,ANA,2026-07-30T22:22:15.000Z
4018,87168590,416.00,4.160,2026-07-26T15:15:00.000Z,ANA,2026-07-30T22:22:16.000Z
332,87150000,117.00,1.170,2026-07-26T15:00:00.000Z,ANA,2026-07-30T22:22:13.000Z
1032,87165001,175.00,1.750,2026-07-26T15:00:00.000Z,ANA,2026-07-30T22:22:13.000Z
1776,87163000,300.00,3.000,2026-07-26T15:00:00.000Z,ANA,2026-07-30T22:22:13.000Z
2520,87170000,477.00,4.770,2026-07-26T15:00:00.000Z,ANA,2026-07-30T22:22:14.000Z
3268,87270000,364.00,3.640,2026-07-26T15:00:00.000Z,ANA,2026-07-30T22:22:15.000Z
4017,87168590,416.00,4.160,2026-07-26T15:00:00.000Z,ANA,2026-07-30T22:22:16.000Z
331,87150000,117.00,1.170,2026-07-26T14:45:00.000Z,ANA,2026-07-30T22:22:13.000Z
1031,87165001,175.00,1.750,2026-07-26T14:45:00.000Z,ANA,2026-07-30T22:22:13.000Z
1775,87163000,300.00,3.000,2026-07-26T14:45:00.000Z,ANA,2026-07-30T22:22:13.000Z
2519,87170000,478.00,4.780,2026-07-26T14:45:00.000Z,ANA,2026-07-30T22:22:14.000Z
3267,87270000,366.00,3.660,2026-07-26T14:45:00.000Z,ANA,2026-07-30T22:22:15.000Z
4016,87168590,417.00,4.170,2026-07-26T14:45:00.000Z,ANA,2026-07-30T22:22:16.000Z
330,87150000,117.00,1.170,2026-07-26T14:30:00.000Z,ANA,2026-07-30T22:22:13.000Z
1030,87165001,175.00,1.750,2026-07-26T14:30:00.000Z,ANA,2026-07-30T22:22:13.000Z
1774,87163000,301.00,3.010,2026-07-26T14:30:00.000Z,ANA,2026-07-30T22:22:13.000Z
2518,87170000,479.00,4.790,2026-07-26T14:30:00.000Z,ANA,2026-07-30T22:22:14.000Z
3266,87270000,367.00,3.670,2026-07-26T14:30:00.000Z,ANA,2026-07-30T22:22:15.000Z
4015,87168590,418.00,4.180,2026-07-26T14:30:00.000Z,ANA,2026-07-30T22:22:16.000Z
329,87150000,117.00,1.170,2026-07-26T14:15:00.000Z,ANA,2026-07-30T22:22:13.000Z
1029,87165001,176.00,1.760,2026-07-26T14:15:00.000Z,ANA,2026-07-30T22:22:13.000Z
1773,87163000,301.00,3.010,2026-07-26T14:15:00.000Z,ANA,2026-07-30T22:22:13.000Z
2517,87170000,480.00,4.800,2026-07-26T14:15:00.000Z,ANA,2026-07-30T22:22:14.000Z
3265,87270000,368.00,3.680,2026-07-26T14:15:00.000Z,ANA,2026-07-30T22:22:15.000Z
4014,87168590,417.00,4.170,2026-07-26T14:15:00.000Z,ANA,2026-07-30T22:22:16.000Z
328,87150000,117.00,1.170,2026-07-26T14:00:00.000Z,ANA,2026-07-30T22:22:13.000Z
1028,87165001,176.00,1.760,2026-07-26T14:00:00.000Z,ANA,2026-07-30T22:22:13.000Z
1772,87163000,301.00,3.010,2026-07-26T14:00:00.000Z,ANA,2026-07-30T22:22:13.000Z
2516,87170000,481.00,4.810,2026-07-26T14:00:00.000Z,ANA,2026-07-30T22:22:14.000Z
3264,87270000,369.00,3.690,2026-07-26T14:00:00.000Z,ANA,2026-07-30T22:22:15.000Z
4013,87168590,418.00,4.180,2026-07-26T14:00:00.000Z,ANA,2026-07-30T22:22:16.000Z
327,87150000,117.00,1.170,2026-07-26T13:45:00.000Z,ANA,2026-07-30T22:22:13.000Z
1027,87165001,176.00,1.760,2026-07-26T13:45:00.000Z,ANA,2026-07-30T22:22:13.000Z
1771,87163000,301.00,3.010,2026-07-26T13:45:00.000Z,ANA,2026-07-30T22:22:13.000Z
2515,87170000,483.00,4.830,2026-07-26T13:45:00.000Z,ANA,2026-07-30T22:22:14.000Z
3263,87270000,371.00,3.710,2026-07-26T13:45:00.000Z,ANA,2026-07-30T22:22:15.000Z
4012,87168590,418.00,4.180,2026-07-26T13:45:00.000Z,ANA,2026-07-30T22:22:16.000Z
326,87150000,118.00,1.180,2026-07-26T13:30:00.000Z,ANA,2026-07-30T22:22:13.000Z
1026,87165001,176.00,1.760,2026-07-26T13:30:00.000Z,ANA,2026-07-30T22:22:13.000Z
1770,87163000,301.00,3.010,2026-07-26T13:30:00.000Z,ANA,2026-07-30T22:22:13.000Z
2514,87170000,484.00,4.840,2026-07-26T13:30:00.000Z,ANA,2026-07-30T22:22:14.000Z
3262,87270000,372.00,3.720,2026-07-26T13:30:00.000Z,ANA,2026-07-30T22:22:15.000Z
4011,87168590,418.00,4.180,2026-07-26T13:30:00.000Z,ANA,2026-07-30T22:22:16.000Z
325,87150000,118.00,1.180,2026-07-26T13:15:00.000Z,ANA,2026-07-30T22:22:13.000Z
1025,87165001,176.00,1.760,2026-07-26T13:15:00.000Z,ANA,2026-07-30T22:22:13.000Z
1769,87163000,301.00,3.010,2026-07-26T13:15:00.000Z,ANA,2026-07-30T22:22:13.000Z
2513,87170000,485.00,4.850,2026-07-26T13:15:00.000Z,ANA,2026-07-30T22:22:14.000Z
3261,87270000,373.00,3.730,2026-07-26T13:15:00.000Z,ANA,2026-07-30T22:22:15.000Z
4010,87168590,418.00,4.180,2026-07-26T13:15:00.000Z,ANA,2026-07-30T22:22:16.000Z
324,87150000,118.00,1.180,2026-07-26T13:00:00.000Z,ANA,2026-07-30T22:22:13.000Z
1024,87165001,177.00,1.770,2026-07-26T13:00:00.000Z,ANA,2026-07-30T22:22:13.000Z
1768,87163000,302.00,3.020,2026-07-26T13:00:00.000Z,ANA,2026-07-30T22:22:13.000Z
2512,87170000,487.00,4.870,2026-07-26T13:00:00.000Z,ANA,2026-07-30T22:22:14.000Z
3260,87270000,374.00,3.740,2026-07-26T13:00:00.000Z,ANA,2026-07-30T22:22:15.000Z
4009,87168590,418.00,4.180,2026-07-26T13:00:00.000Z,ANA,2026-07-30T22:22:16.000Z
323,87150000,118.00,1.180,2026-07-26T12:45:00.000Z,ANA,2026-07-30T22:22:13.000Z
1023,87165001,177.00,1.770,2026-07-26T12:45:00.000Z,ANA,2026-07-30T22:22:13.000Z
1767,87163000,302.00,3.020,2026-07-26T12:45:00.000Z,ANA,2026-07-30T22:22:13.000Z
2511,87170000,488.00,4.880,2026-07-26T12:45:00.000Z,ANA,2026-07-30T22:22:14.000Z
3259,87270000,376.00,3.760,2026-07-26T12:45:00.000Z,ANA,2026-07-30T22:22:15.000Z
4008,87168590,418.00,4.180,2026-07-26T12:45:00.000Z,ANA,2026-07-30T22:22:16.000Z
322,87150000,118.00,1.180,2026-07-26T12:30:00.000Z,ANA,2026-07-30T22:22:13.000Z
1022,87165001,177.00,1.770,2026-07-26T12:30:00.000Z,ANA,2026-07-30T22:22:13.000Z
1766,87163000,302.00,3.020,2026-07-26T12:30:00.000Z,ANA,2026-07-30T22:22:13.000Z
2510,87170000,489.00,4.890,2026-07-26T12:30:00.000Z,ANA,2026-07-30T22:22:14.000Z
3258,87270000,377.00,3.770,2026-07-26T12:30:00.000Z,ANA,2026-07-30T22:22:15.000Z
4007,87168590,419.00,4.190,2026-07-26T12:30:00.000Z,ANA,2026-07-30T22:22:16.000Z
321,87150000,118.00,1.180,2026-07-26T12:15:00.000Z,ANA,2026-07-30T22:22:13.000Z
1021,87165001,177.00,1.770,2026-07-26T12:15:00.000Z,ANA,2026-07-30T22:22:13.000Z
1765,87163000,302.00,3.020,2026-07-26T12:15:00.000Z,ANA,2026-07-30T22:22:13.000Z
2509,87170000,491.00,4.910,2026-07-26T12:15:00.000Z,ANA,2026-07-30T22:22:14.000Z
3257,87270000,378.00,3.780,2026-07-26T12:15:00.000Z,ANA,2026-07-30T22:22:15.000Z
4006,87168590,420.00,4.200,2026-07-26T12:15:00.000Z,ANA,2026-07-30T22:22:16.000Z
320,87150000,118.00,1.180,2026-07-26T12:00:00.000Z,ANA,2026-07-30T22:22:13.000Z
1020,87165001,177.00,1.770,2026-07-26T12:00:00.000Z,ANA,2026-07-30T22:22:13.000Z
1764,87163000,302.00,3.020,2026-07-26T12:00:00.000Z,ANA,2026-07-30T22:22:13.000Z
2508,87170000,492.00,4.920,2026-07-26T12:00:00.000Z,ANA,2026-07-30T22:22:14.000Z
3256,87270000,379.00,3.790,2026-07-26T12:00:00.000Z,ANA,2026-07-30T22:22:15.000Z
4005,87168590,420.00,4.200,2026-07-26T12:00:00.000Z,ANA,2026-07-30T22:22:16.000Z
319,87150000,118.00,1.180,2026-07-26T11:45:00.000Z,ANA,2026-07-30T22:22:13.000Z
1019,87165001,177.00,1.770,2026-07-26T11:45:00.000Z,ANA,2026-07-30T22:22:13.000Z
1763,87163000,303.00,3.030,2026-07-26T11:45:00.000Z,ANA,2026-07-30T22:22:13.000Z
2507,87170000,493.00,4.930,2026-07-26T11:45:00.000Z,ANA,2026-07-30T22:22:14.000Z
3255,87270000,381.00,3.810,2026-07-26T11:45:00.000Z,ANA,2026-07-30T22:22:15.000Z
4004,87168590,421.00,4.210,2026-07-26T11:45:00.000Z,ANA,2026-07-30T22:22:16.000Z
318,87150000,118.00,1.180,2026-07-26T11:30:00.000Z,ANA,2026-07-30T22:22:13.000Z
1018,87165001,178.00,1.780,2026-07-26T11:30:00.000Z,ANA,2026-07-30T22:22:13.000Z
1762,87163000,303.00,3.030,2026-07-26T11:30:00.000Z,ANA,2026-07-30T22:22:13.000Z
2506,87170000,495.00,4.950,2026-07-26T11:30:00.000Z,ANA,2026-07-30T22:22:14.000Z
3254,87270000,382.00,3.820,2026-07-26T11:30:00.000Z,ANA,2026-07-30T22:22:15.000Z
4003,87168590,421.00,4.210,2026-07-26T11:30:00.000Z,ANA,2026-07-30T22:22:16.000Z
317,87150000,118.00,1.180,2026-07-26T11:15:00.000Z,ANA,2026-07-30T22:22:13.000Z
1017,87165001,178.00,1.780,2026-07-26T11:15:00.000Z,ANA,2026-07-30T22:22:13.000Z
1761,87163000,303.00,3.030,2026-07-26T11:15:00.000Z,ANA,2026-07-30T22:22:13.000Z
2505,87170000,496.00,4.960,2026-07-26T11:15:00.000Z,ANA,2026-07-30T22:22:14.000Z
3253,87270000,383.00,3.830,2026-07-26T11:15:00.000Z,ANA,2026-07-30T22:22:15.000Z
4002,87168590,421.00,4.210,2026-07-26T11:15:00.000Z,ANA,2026-07-30T22:22:16.000Z
316,87150000,119.00,1.190,2026-07-26T11:00:00.000Z,ANA,2026-07-30T22:22:13.000Z
1016,87165001,178.00,1.780,2026-07-26T11:00:00.000Z,ANA,2026-07-30T22:22:13.000Z
1760,87163000,303.00,3.030,2026-07-26T11:00:00.000Z,ANA,2026-07-30T22:22:13.000Z
2504,87170000,498.00,4.980,2026-07-26T11:00:00.000Z,ANA,2026-07-30T22:22:14.000Z
3252,87270000,385.00,3.850,2026-07-26T11:00:00.000Z,ANA,2026-07-30T22:22:15.000Z
4001,87168590,421.00,4.210,2026-07-26T11:00:00.000Z,ANA,2026-07-30T22:22:16.000Z
315,87150000,119.00,1.190,2026-07-26T10:45:00.000Z,ANA,2026-07-30T22:22:13.000Z
1015,87165001,178.00,1.780,2026-07-26T10:45:00.000Z,ANA,2026-07-30T22:22:13.000Z
1759,87163000,303.00,3.030,2026-07-26T10:45:00.000Z,ANA,2026-07-30T22:22:13.000Z
2503,87170000,499.00,4.990,2026-07-26T10:45:00.000Z,ANA,2026-07-30T22:22:14.000Z
3251,87270000,386.00,3.860,2026-07-26T10:45:00.000Z,ANA,2026-07-30T22:22:15.000Z
4000,87168590,420.00,4.200,2026-07-26T10:45:00.000Z,ANA,2026-07-30T22:22:16.000Z
314,87150000,119.00,1.190,2026-07-26T10:30:00.000Z,ANA,2026-07-30T22:22:13.000Z
1014,87165001,178.00,1.780,2026-07-26T10:30:00.000Z,ANA,2026-07-30T22:22:13.000Z
1758,87163000,304.00,3.040,2026-07-26T10:30:00.000Z,ANA,2026-07-30T22:22:13.000Z
2502,87170000,500.00,5.000,2026-07-26T10:30:00.000Z,ANA,2026-07-30T22:22:14.000Z
3250,87270000,387.00,3.870,2026-07-26T10:30:00.000Z,ANA,2026-07-30T22:22:15.000Z
3999,87168590,421.00,4.210,2026-07-26T10:30:00.000Z,ANA,2026-07-30T22:22:16.000Z
313,87150000,119.00,1.190,2026-07-26T10:15:00.000Z,ANA,2026-07-30T22:22:13.000Z
1013,87165001,178.00,1.780,2026-07-26T10:15:00.000Z,ANA,2026-07-30T22:22:13.000Z
1757,87163000,304.00,3.040,2026-07-26T10:15:00.000Z,ANA,2026-07-30T22:22:13.000Z
2501,87170000,501.00,5.010,2026-07-26T10:15:00.000Z,ANA,2026-07-30T22:22:14.000Z
3249,87270000,388.00,3.880,2026-07-26T10:15:00.000Z,ANA,2026-07-30T22:22:15.000Z
3998,87168590,421.00,4.210,2026-07-26T10:15:00.000Z,ANA,2026-07-30T22:22:16.000Z
312,87150000,119.00,1.190,2026-07-26T10:00:00.000Z,ANA,2026-07-30T22:22:13.000Z
1012,87165001,179.00,1.790,2026-07-26T10:00:00.000Z,ANA,2026-07-30T22:22:13.000Z
1756,87163000,304.00,3.040,2026-07-26T10:00:00.000Z,ANA,2026-07-30T22:22:13.000Z
2500,87170000,503.00,5.030,2026-07-26T10:00:00.000Z,ANA,2026-07-30T22:22:14.000Z
3248,87270000,390.00,3.900,2026-07-26T10:00:00.000Z,ANA,2026-07-30T22:22:15.000Z
3997,87168590,421.00,4.210,2026-07-26T10:00:00.000Z,ANA,2026-07-30T22:22:16.000Z
311,87150000,119.00,1.190,2026-07-26T09:45:00.000Z,ANA,2026-07-30T22:22:13.000Z
1011,87165001,179.00,1.790,2026-07-26T09:45:00.000Z,ANA,2026-07-30T22:22:13.000Z
1755,87163000,304.00,3.040,2026-07-26T09:45:00.000Z,ANA,2026-07-30T22:22:13.000Z
2499,87170000,504.00,5.040,2026-07-26T09:45:00.000Z,ANA,2026-07-30T22:22:14.000Z
3247,87270000,391.00,3.910,2026-07-26T09:45:00.000Z,ANA,2026-07-30T22:22:15.000Z
3996,87168590,421.00,4.210,2026-07-26T09:45:00.000Z,ANA,2026-07-30T22:22:16.000Z
310,87150000,119.00,1.190,2026-07-26T09:30:00.000Z,ANA,2026-07-30T22:22:13.000Z
1010,87165001,179.00,1.790,2026-07-26T09:30:00.000Z,ANA,2026-07-30T22:22:13.000Z
1754,87163000,304.00,3.040,2026-07-26T09:30:00.000Z,ANA,2026-07-30T22:22:13.000Z
2498,87170000,506.00,5.060,2026-07-26T09:30:00.000Z,ANA,2026-07-30T22:22:14.000Z
3246,87270000,392.00,3.920,2026-07-26T09:30:00.000Z,ANA,2026-07-30T22:22:15.000Z
3995,87168590,422.00,4.220,2026-07-26T09:30:00.000Z,ANA,2026-07-30T22:22:16.000Z
309,87150000,119.00,1.190,2026-07-26T09:15:00.000Z,ANA,2026-07-30T22:22:13.000Z
1009,87165001,179.00,1.790,2026-07-26T09:15:00.000Z,ANA,2026-07-30T22:22:13.000Z
1753,87163000,304.00,3.040,2026-07-26T09:15:00.000Z,ANA,2026-07-30T22:22:13.000Z
2497,87170000,507.00,5.070,2026-07-26T09:15:00.000Z,ANA,2026-07-30T22:22:14.000Z
3245,87270000,394.00,3.940,2026-07-26T09:15:00.000Z,ANA,2026-07-30T22:22:15.000Z
3994,87168590,422.00,4.220,2026-07-26T09:15:00.000Z,ANA,2026-07-30T22:22:16.000Z
308,87150000,119.00,1.190,2026-07-26T09:00:00.000Z,ANA,2026-07-30T22:22:13.000Z
1008,87165001,179.00,1.790,2026-07-26T09:00:00.000Z,ANA,2026-07-30T22:22:13.000Z
1752,87163000,304.00,3.040,2026-07-26T09:00:00.000Z,ANA,2026-07-30T22:22:13.000Z
2496,87170000,508.00,5.080,2026-07-26T09:00:00.000Z,ANA,2026-07-30T22:22:14.000Z
3244,87270000,395.00,3.950,2026-07-26T09:00:00.000Z,ANA,2026-07-30T22:22:15.000Z
3993,87168590,423.00,4.230,2026-07-26T09:00:00.000Z,ANA,2026-07-30T22:22:16.000Z
307,87150000,120.00,1.200,2026-07-26T08:45:00.000Z,ANA,2026-07-30T22:22:13.000Z
1007,87165001,180.00,1.800,2026-07-26T08:45:00.000Z,ANA,2026-07-30T22:22:13.000Z
1751,87163000,305.00,3.050,2026-07-26T08:45:00.000Z,ANA,2026-07-30T22:22:13.000Z
2495,87170000,510.00,5.100,2026-07-26T08:45:00.000Z,ANA,2026-07-30T22:22:14.000Z
3243,87270000,396.00,3.960,2026-07-26T08:45:00.000Z,ANA,2026-07-30T22:22:15.000Z
3992,87168590,424.00,4.240,2026-07-26T08:45:00.000Z,ANA,2026-07-30T22:22:16.000Z
306,87150000,120.00,1.200,2026-07-26T08:30:00.000Z,ANA,2026-07-30T22:22:13.000Z
1006,87165001,180.00,1.800,2026-07-26T08:30:00.000Z,ANA,2026-07-30T22:22:13.000Z
1750,87163000,305.00,3.050,2026-07-26T08:30:00.000Z,ANA,2026-07-30T22:22:13.000Z
2494,87170000,511.00,5.110,2026-07-26T08:30:00.000Z,ANA,2026-07-30T22:22:14.000Z
3242,87270000,398.00,3.980,2026-07-26T08:30:00.000Z,ANA,2026-07-30T22:22:15.000Z
3991,87168590,423.00,4.230,2026-07-26T08:30:00.000Z,ANA,2026-07-30T22:22:16.000Z
305,87150000,120.00,1.200,2026-07-26T08:15:00.000Z,ANA,2026-07-30T22:22:13.000Z
1005,87165001,180.00,1.800,2026-07-26T08:15:00.000Z,ANA,2026-07-30T22:22:13.000Z
1749,87163000,305.00,3.050,2026-07-26T08:15:00.000Z,ANA,2026-07-30T22:22:13.000Z
2493,87170000,513.00,5.130,2026-07-26T08:15:00.000Z,ANA,2026-07-30T22:22:14.000Z
3241,87270000,399.00,3.990,2026-07-26T08:15:00.000Z,ANA,2026-07-30T22:22:15.000Z
3990,87168590,422.00,4.220,2026-07-26T08:15:00.000Z,ANA,2026-07-30T22:22:16.000Z
304,87150000,120.00,1.200,2026-07-26T08:00:00.000Z,ANA,2026-07-30T22:22:13.000Z
1004,87165001,180.00,1.800,2026-07-26T08:00:00.000Z,ANA,2026-07-30T22:22:13.000Z
1748,87163000,305.00,3.050,2026-07-26T08:00:00.000Z,ANA,2026-07-30T22:22:13.000Z
2492,87170000,514.00,5.140,2026-07-26T08:00:00.000Z,ANA,2026-07-30T22:22:14.000Z
3240,87270000,400.00,4.000,2026-07-26T08:00:00.000Z,ANA,2026-07-30T22:22:15.000Z
3989,87168590,424.00,4.240,2026-07-26T08:00:00.000Z,ANA,2026-07-30T22:22:16.000Z
303,87150000,120.00,1.200,2026-07-26T07:45:00.000Z,ANA,2026-07-30T22:22:13.000Z
1003,87165001,181.00,1.810,2026-07-26T07:45:00.000Z,ANA,2026-07-30T22:22:13.000Z
1747,87163000,306.00,3.060,2026-07-26T07:45:00.000Z,ANA,2026-07-30T22:22:13.000Z
2491,87170000,516.00,5.160,2026-07-26T07:45:00.000Z,ANA,2026-07-30T22:22:14.000Z
3239,87270000,402.00,4.020,2026-07-26T07:45:00.000Z,ANA,2026-07-30T22:22:15.000Z
3988,87168590,424.00,4.240,2026-07-26T07:45:00.000Z,ANA,2026-07-30T22:22:16.000Z
302,87150000,120.00,1.200,2026-07-26T07:30:00.000Z,ANA,2026-07-30T22:22:13.000Z
1002,87165001,180.00,1.800,2026-07-26T07:30:00.000Z,ANA,2026-07-30T22:22:13.000Z
1746,87163000,306.00,3.060,2026-07-26T07:30:00.000Z,ANA,2026-07-30T22:22:13.000Z
2490,87170000,517.00,5.170,2026-07-26T07:30:00.000Z,ANA,2026-07-30T22:22:14.000Z
3238,87270000,403.00,4.030,2026-07-26T07:30:00.000Z,ANA,2026-07-30T22:22:15.000Z
3987,87168590,424.00,4.240,2026-07-26T07:30:00.000Z,ANA,2026-07-30T22:22:16.000Z
301,87150000,121.00,1.210,2026-07-26T07:15:00.000Z,ANA,2026-07-30T22:22:13.000Z
1001,87165001,181.00,1.810,2026-07-26T07:15:00.000Z,ANA,2026-07-30T22:22:13.000Z
1745,87163000,306.00,3.060,2026-07-26T07:15:00.000Z,ANA,2026-07-30T22:22:13.000Z
2489,87170000,518.00,5.180,2026-07-26T07:15:00.000Z,ANA,2026-07-30T22:22:14.000Z
3237,87270000,404.00,4.040,2026-07-26T07:15:00.000Z,ANA,2026-07-30T22:22:15.000Z
3986,87168590,425.00,4.250,2026-07-26T07:15:00.000Z,ANA,2026-07-30T22:22:16.000Z
300,87150000,121.00,1.210,2026-07-26T07:00:00.000Z,ANA,2026-07-30T22:22:13.000Z
1000,87165001,181.00,1.810,2026-07-26T07:00:00.000Z,ANA,2026-07-30T22:22:13.000Z
1744,87163000,306.00,3.060,2026-07-26T07:00:00.000Z,ANA,2026-07-30T22:22:13.000Z
2488,87170000,520.00,5.200,2026-07-26T07:00:00.000Z,ANA,2026-07-30T22:22:14.000Z
3236,87270000,405.00,4.050,2026-07-26T07:00:00.000Z,ANA,2026-07-30T22:22:15.000Z
3985,87168590,425.00,4.250,2026-07-26T07:00:00.000Z,ANA,2026-07-30T22:22:16.000Z
299,87150000,121.00,1.210,2026-07-26T06:45:00.000Z,ANA,2026-07-30T22:22:13.000Z
999,87165001,181.00,1.810,2026-07-26T06:45:00.000Z,ANA,2026-07-30T22:22:13.000Z
1743,87163000,306.00,3.060,2026-07-26T06:45:00.000Z,ANA,2026-07-30T22:22:13.000Z
2487,87170000,522.00,5.220,2026-07-26T06:45:00.000Z,ANA,2026-07-30T22:22:14.000Z
3235,87270000,407.00,4.070,2026-07-26T06:45:00.000Z,ANA,2026-07-30T22:22:15.000Z
3984,87168590,426.00,4.260,2026-07-26T06:45:00.000Z,ANA,2026-07-30T22:22:16.000Z
298,87150000,121.00,1.210,2026-07-26T06:30:00.000Z,ANA,2026-07-30T22:22:13.000Z
998,87165001,181.00,1.810,2026-07-26T06:30:00.000Z,ANA,2026-07-30T22:22:13.000Z
1742,87163000,306.00,3.060,2026-07-26T06:30:00.000Z,ANA,2026-07-30T22:22:13.000Z
2486,87170000,523.00,5.230,2026-07-26T06:30:00.000Z,ANA,2026-07-30T22:22:14.000Z
3234,87270000,408.00,4.080,2026-07-26T06:30:00.000Z,ANA,2026-07-30T22:22:15.000Z
3983,87168590,426.00,4.260,2026-07-26T06:30:00.000Z,ANA,2026-07-30T22:22:16.000Z
297,87150000,121.00,1.210,2026-07-26T06:15:00.000Z,ANA,2026-07-30T22:22:13.000Z
997,87165001,182.00,1.820,2026-07-26T06:15:00.000Z,ANA,2026-07-30T22:22:13.000Z
1741,87163000,307.00,3.070,2026-07-26T06:15:00.000Z,ANA,2026-07-30T22:22:13.000Z
2485,87170000,525.00,5.250,2026-07-26T06:15:00.000Z,ANA,2026-07-30T22:22:14.000Z
3233,87270000,410.00,4.100,2026-07-26T06:15:00.000Z,ANA,2026-07-30T22:22:15.000Z
3982,87168590,427.00,4.270,2026-07-26T06:15:00.000Z,ANA,2026-07-30T22:22:16.000Z
296,87150000,121.00,1.210,2026-07-26T06:00:00.000Z,ANA,2026-07-30T22:22:13.000Z
996,87165001,182.00,1.820,2026-07-26T06:00:00.000Z,ANA,2026-07-30T22:22:13.000Z
1740,87163000,307.00,3.070,2026-07-26T06:00:00.000Z,ANA,2026-07-30T22:22:13.000Z
2484,87170000,526.00,5.260,2026-07-26T06:00:00.000Z,ANA,2026-07-30T22:22:14.000Z
3232,87270000,411.00,4.110,2026-07-26T06:00:00.000Z,ANA,2026-07-30T22:22:15.000Z
3981,87168590,426.00,4.260,2026-07-26T06:00:00.000Z,ANA,2026-07-30T22:22:16.000Z
295,87150000,121.00,1.210,2026-07-26T05:45:00.000Z,ANA,2026-07-30T22:22:13.000Z
995,87165001,182.00,1.820,2026-07-26T05:45:00.000Z,ANA,2026-07-30T22:22:13.000Z
1739,87163000,307.00,3.070,2026-07-26T05:45:00.000Z,ANA,2026-07-30T22:22:13.000Z
2483,87170000,527.00,5.270,2026-07-26T05:45:00.000Z,ANA,2026-07-30T22:22:14.000Z
3231,87270000,413.00,4.130,2026-07-26T05:45:00.000Z,ANA,2026-07-30T22:22:15.000Z
3980,87168590,426.00,4.260,2026-07-26T05:45:00.000Z,ANA,2026-07-30T22:22:16.000Z
294,87150000,121.00,1.210,2026-07-26T05:30:00.000Z,ANA,2026-07-30T22:22:13.000Z
994,87165001,182.00,1.820,2026-07-26T05:30:00.000Z,ANA,2026-07-30T22:22:13.000Z
1738,87163000,307.00,3.070,2026-07-26T05:30:00.000Z,ANA,2026-07-30T22:22:13.000Z
2482,87170000,529.00,5.290,2026-07-26T05:30:00.000Z,ANA,2026-07-30T22:22:14.000Z
3230,87270000,414.00,4.140,2026-07-26T05:30:00.000Z,ANA,2026-07-30T22:22:15.000Z
3979,87168590,427.00,4.270,2026-07-26T05:30:00.000Z,ANA,2026-07-30T22:22:16.000Z
293,87150000,122.00,1.220,2026-07-26T05:15:00.000Z,ANA,2026-07-30T22:22:13.000Z
993,87165001,182.00,1.820,2026-07-26T05:15:00.000Z,ANA,2026-07-30T22:22:13.000Z
1737,87163000,308.00,3.080,2026-07-26T05:15:00.000Z,ANA,2026-07-30T22:22:13.000Z
2481,87170000,531.00,5.310,2026-07-26T05:15:00.000Z,ANA,2026-07-30T22:22:14.000Z
3229,87270000,415.00,4.150,2026-07-26T05:15:00.000Z,ANA,2026-07-30T22:22:15.000Z
3978,87168590,427.00,4.270,2026-07-26T05:15:00.000Z,ANA,2026-07-30T22:22:16.000Z
292,87150000,122.00,1.220,2026-07-26T05:00:00.000Z,ANA,2026-07-30T22:22:13.000Z
992,87165001,182.00,1.820,2026-07-26T05:00:00.000Z,ANA,2026-07-30T22:22:13.000Z
1736,87163000,308.00,3.080,2026-07-26T05:00:00.000Z,ANA,2026-07-30T22:22:13.000Z
2480,87170000,532.00,5.320,2026-07-26T05:00:00.000Z,ANA,2026-07-30T22:22:14.000Z
3228,87270000,416.00,4.160,2026-07-26T05:00:00.000Z,ANA,2026-07-30T22:22:15.000Z
3977,87168590,427.00,4.270,2026-07-26T05:00:00.000Z,ANA,2026-07-30T22:22:16.000Z
291,87150000,122.00,1.220,2026-07-26T04:45:00.000Z,ANA,2026-07-30T22:22:13.000Z
991,87165001,182.00,1.820,2026-07-26T04:45:00.000Z,ANA,2026-07-30T22:22:13.000Z
1735,87163000,308.00,3.080,2026-07-26T04:45:00.000Z,ANA,2026-07-30T22:22:13.000Z
2479,87170000,533.00,5.330,2026-07-26T04:45:00.000Z,ANA,2026-07-30T22:22:14.000Z
3227,87270000,418.00,4.180,2026-07-26T04:45:00.000Z,ANA,2026-07-30T22:22:15.000Z
3976,87168590,428.00,4.280,2026-07-26T04:45:00.000Z,ANA,2026-07-30T22:22:16.000Z
290,87150000,122.00,1.220,2026-07-26T04:30:00.000Z,ANA,2026-07-30T22:22:13.000Z
990,87165001,183.00,1.830,2026-07-26T04:30:00.000Z,ANA,2026-07-30T22:22:13.000Z
1734,87163000,308.00,3.080,2026-07-26T04:30:00.000Z,ANA,2026-07-30T22:22:13.000Z
2478,87170000,535.00,5.350,2026-07-26T04:30:00.000Z,ANA,2026-07-30T22:22:14.000Z
3226,87270000,419.00,4.190,2026-07-26T04:30:00.000Z,ANA,2026-07-30T22:22:15.000Z
3975,87168590,429.00,4.290,2026-07-26T04:30:00.000Z,ANA,2026-07-30T22:22:16.000Z
289,87150000,122.00,1.220,2026-07-26T04:15:00.000Z,ANA,2026-07-30T22:22:13.000Z
989,87165001,183.00,1.830,2026-07-26T04:15:00.000Z,ANA,2026-07-30T22:22:13.000Z
1733,87163000,308.00,3.080,2026-07-26T04:15:00.000Z,ANA,2026-07-30T22:22:13.000Z
2477,87170000,536.00,5.360,2026-07-26T04:15:00.000Z,ANA,2026-07-30T22:22:14.000Z
3225,87270000,420.00,4.200,2026-07-26T04:15:00.000Z,ANA,2026-07-30T22:22:15.000Z
3974,87168590,428.00,4.280,2026-07-26T04:15:00.000Z,ANA,2026-07-30T22:22:16.000Z
288,87150000,122.00,1.220,2026-07-26T04:00:00.000Z,ANA,2026-07-30T22:22:13.000Z
988,87165001,183.00,1.830,2026-07-26T04:00:00.000Z,ANA,2026-07-30T22:22:13.000Z
1732,87163000,308.00,3.080,2026-07-26T04:00:00.000Z,ANA,2026-07-30T22:22:13.000Z
2476,87170000,538.00,5.380,2026-07-26T04:00:00.000Z,ANA,2026-07-30T22:22:14.000Z
3224,87270000,422.00,4.220,2026-07-26T04:00:00.000Z,ANA,2026-07-30T22:22:15.000Z
3973,87168590,429.00,4.290,2026-07-26T04:00:00.000Z,ANA,2026-07-30T22:22:16.000Z
287,87150000,123.00,1.230,2026-07-26T03:45:00.000Z,ANA,2026-07-30T22:22:13.000Z
987,87165001,184.00,1.840,2026-07-26T03:45:00.000Z,ANA,2026-07-30T22:22:13.000Z
1731,87163000,309.00,3.090,2026-07-26T03:45:00.000Z,ANA,2026-07-30T22:22:13.000Z
2475,87170000,539.00,5.390,2026-07-26T03:45:00.000Z,ANA,2026-07-30T22:22:14.000Z
3223,87270000,423.00,4.230,2026-07-26T03:45:00.000Z,ANA,2026-07-30T22:22:15.000Z
3972,87168590,428.00,4.280,2026-07-26T03:45:00.000Z,ANA,2026-07-30T22:22:16.000Z
286,87150000,123.00,1.230,2026-07-26T03:30:00.000Z,ANA,2026-07-30T22:22:13.000Z
986,87165001,184.00,1.840,2026-07-26T03:30:00.000Z,ANA,2026-07-30T22:22:13.000Z
1730,87163000,309.00,3.090,2026-07-26T03:30:00.000Z,ANA,2026-07-30T22:22:13.000Z
2474,87170000,541.00,5.410,2026-07-26T03:30:00.000Z,ANA,2026-07-30T22:22:14.000Z
3222,87270000,424.00,4.240,2026-07-26T03:30:00.000Z,ANA,2026-07-30T22:22:15.000Z
3971,87168590,430.00,4.300,2026-07-26T03:30:00.000Z,ANA,2026-07-30T22:22:16.000Z
285,87150000,123.00,1.230,2026-07-26T03:15:00.000Z,ANA,2026-07-30T22:22:13.000Z
985,87165001,184.00,1.840,2026-07-26T03:15:00.000Z,ANA,2026-07-30T22:22:13.000Z
1729,87163000,309.00,3.090,2026-07-26T03:15:00.000Z,ANA,2026-07-30T22:22:13.000Z
2473,87170000,543.00,5.430,2026-07-26T03:15:00.000Z,ANA,2026-07-30T22:22:14.000Z
3221,87270000,426.00,4.260,2026-07-26T03:15:00.000Z,ANA,2026-07-30T22:22:15.000Z
3970,87168590,430.00,4.300,2026-07-26T03:15:00.000Z,ANA,2026-07-30T22:22:16.000Z
284,87150000,123.00,1.230,2026-07-26T03:00:00.000Z,ANA,2026-07-30T22:22:13.000Z
984,87165001,184.00,1.840,2026-07-26T03:00:00.000Z,ANA,2026-07-30T22:22:13.000Z
1728,87163000,309.00,3.090,2026-07-26T03:00:00.000Z,ANA,2026-07-30T22:22:13.000Z
2472,87170000,544.00,5.440,2026-07-26T03:00:00.000Z,ANA,2026-07-30T22:22:14.000Z
3220,87270000,427.00,4.270,2026-07-26T03:00:00.000Z,ANA,2026-07-30T22:22:15.000Z
3969,87168590,430.00,4.300,2026-07-26T03:00:00.000Z,ANA,2026-07-30T22:22:16.000Z
283,87150000,123.00,1.230,2026-07-26T02:45:00.000Z,ANA,2026-07-30T22:22:13.000Z
983,87165001,185.00,1.850,2026-07-26T02:45:00.000Z,ANA,2026-07-30T22:22:13.000Z
1727,87163000,310.00,3.100,2026-07-26T02:45:00.000Z,ANA,2026-07-30T22:22:13.000Z
2471,87170000,546.00,5.460,2026-07-26T02:45:00.000Z,ANA,2026-07-30T22:22:14.000Z
3219,87270000,429.00,4.290,2026-07-26T02:45:00.000Z,ANA,2026-07-30T22:22:15.000Z
3968,87168590,430.00,4.300,2026-07-26T02:45:00.000Z,ANA,2026-07-30T22:22:16.000Z
282,87150000,123.00,1.230,2026-07-26T02:30:00.000Z,ANA,2026-07-30T22:22:13.000Z
982,87165001,185.00,1.850,2026-07-26T02:30:00.000Z,ANA,2026-07-30T22:22:13.000Z
1726,87163000,310.00,3.100,2026-07-26T02:30:00.000Z,ANA,2026-07-30T22:22:13.000Z
2470,87170000,547.00,5.470,2026-07-26T02:30:00.000Z,ANA,2026-07-30T22:22:14.000Z
3218,87270000,430.00,4.300,2026-07-26T02:30:00.000Z,ANA,2026-07-30T22:22:15.000Z
3967,87168590,430.00,4.300,2026-07-26T02:30:00.000Z,ANA,2026-07-30T22:22:16.000Z
281,87150000,123.00,1.230,2026-07-26T02:15:00.000Z,ANA,2026-07-30T22:22:13.000Z
981,87165001,185.00,1.850,2026-07-26T02:15:00.000Z,ANA,2026-07-30T22:22:13.000Z
1725,87163000,310.00,3.100,2026-07-26T02:15:00.000Z,ANA,2026-07-30T22:22:13.000Z
2469,87170000,549.00,5.490,2026-07-26T02:15:00.000Z,ANA,2026-07-30T22:22:14.000Z
3217,87270000,431.00,4.310,2026-07-26T02:15:00.000Z,ANA,2026-07-30T22:22:15.000Z
3966,87168590,430.00,4.300,2026-07-26T02:15:00.000Z,ANA,2026-07-30T22:22:16.000Z
280,87150000,124.00,1.240,2026-07-26T02:00:00.000Z,ANA,2026-07-30T22:22:13.000Z
980,87165001,185.00,1.850,2026-07-26T02:00:00.000Z,ANA,2026-07-30T22:22:13.000Z
1724,87163000,311.00,3.110,2026-07-26T02:00:00.000Z,ANA,2026-07-30T22:22:13.000Z
2468,87170000,551.00,5.510,2026-07-26T02:00:00.000Z,ANA,2026-07-30T22:22:14.000Z
3216,87270000,432.00,4.320,2026-07-26T02:00:00.000Z,ANA,2026-07-30T22:22:15.000Z
3965,87168590,431.00,4.310,2026-07-26T02:00:00.000Z,ANA,2026-07-30T22:22:16.000Z
279,87150000,124.00,1.240,2026-07-26T01:45:00.000Z,ANA,2026-07-30T22:22:13.000Z
979,87165001,185.00,1.850,2026-07-26T01:45:00.000Z,ANA,2026-07-30T22:22:13.000Z
1723,87163000,311.00,3.110,2026-07-26T01:45:00.000Z,ANA,2026-07-30T22:22:13.000Z
2467,87170000,552.00,5.520,2026-07-26T01:45:00.000Z,ANA,2026-07-30T22:22:14.000Z
3215,87270000,434.00,4.340,2026-07-26T01:45:00.000Z,ANA,2026-07-30T22:22:15.000Z
3964,87168590,431.00,4.310,2026-07-26T01:45:00.000Z,ANA,2026-07-30T22:22:16.000Z
278,87150000,124.00,1.240,2026-07-26T01:30:00.000Z,ANA,2026-07-30T22:22:13.000Z
978,87165001,185.00,1.850,2026-07-26T01:30:00.000Z,ANA,2026-07-30T22:22:13.000Z
1722,87163000,311.00,3.110,2026-07-26T01:30:00.000Z,ANA,2026-07-30T22:22:13.000Z
2466,87170000,554.00,5.540,2026-07-26T01:30:00.000Z,ANA,2026-07-30T22:22:14.000Z
3214,87270000,435.00,4.350,2026-07-26T01:30:00.000Z,ANA,2026-07-30T22:22:15.000Z
3963,87168590,432.00,4.320,2026-07-26T01:30:00.000Z,ANA,2026-07-30T22:22:16.000Z
277,87150000,124.00,1.240,2026-07-26T01:15:00.000Z,ANA,2026-07-30T22:22:13.000Z
977,87165001,185.00,1.850,2026-07-26T01:15:00.000Z,ANA,2026-07-30T22:22:13.000Z
1721,87163000,311.00,3.110,2026-07-26T01:15:00.000Z,ANA,2026-07-30T22:22:13.000Z
2465,87170000,555.00,5.550,2026-07-26T01:15:00.000Z,ANA,2026-07-30T22:22:14.000Z
3213,87270000,437.00,4.370,2026-07-26T01:15:00.000Z,ANA,2026-07-30T22:22:15.000Z
3962,87168590,432.00,4.320,2026-07-26T01:15:00.000Z,ANA,2026-07-30T22:22:16.000Z
276,87150000,124.00,1.240,2026-07-26T01:00:00.000Z,ANA,2026-07-30T22:22:13.000Z
976,87165001,185.00,1.850,2026-07-26T01:00:00.000Z,ANA,2026-07-30T22:22:13.000Z
1720,87163000,311.00,3.110,2026-07-26T01:00:00.000Z,ANA,2026-07-30T22:22:13.000Z
2464,87170000,557.00,5.570,2026-07-26T01:00:00.000Z,ANA,2026-07-30T22:22:14.000Z
3212,87270000,438.00,4.380,2026-07-26T01:00:00.000Z,ANA,2026-07-30T22:22:15.000Z
3961,87168590,432.00,4.320,2026-07-26T01:00:00.000Z,ANA,2026-07-30T22:22:16.000Z
275,87150000,124.00,1.240,2026-07-26T00:45:00.000Z,ANA,2026-07-30T22:22:13.000Z
975,87165001,186.00,1.860,2026-07-26T00:45:00.000Z,ANA,2026-07-30T22:22:13.000Z
1719,87163000,311.00,3.110,2026-07-26T00:45:00.000Z,ANA,2026-07-30T22:22:13.000Z
2463,87170000,558.00,5.580,2026-07-26T00:45:00.000Z,ANA,2026-07-30T22:22:14.000Z
3211,87270000,439.00,4.390,2026-07-26T00:45:00.000Z,ANA,2026-07-30T22:22:15.000Z
3960,87168590,433.00,4.330,2026-07-26T00:45:00.000Z,ANA,2026-07-30T22:22:16.000Z
274,87150000,125.00,1.250,2026-07-26T00:30:00.000Z,ANA,2026-07-30T22:22:13.000Z
974,87165001,186.00,1.860,2026-07-26T00:30:00.000Z,ANA,2026-07-30T22:22:13.000Z
1718,87163000,312.00,3.120,2026-07-26T00:30:00.000Z,ANA,2026-07-30T22:22:13.000Z
2462,87170000,560.00,5.600,2026-07-26T00:30:00.000Z,ANA,2026-07-30T22:22:14.000Z
3210,87270000,440.00,4.400,2026-07-26T00:30:00.000Z,ANA,2026-07-30T22:22:15.000Z
3959,87168590,433.00,4.330,2026-07-26T00:30:00.000Z,ANA,2026-07-30T22:22:16.000Z
273,87150000,125.00,1.250,2026-07-26T00:15:00.000Z,ANA,2026-07-30T22:22:13.000Z
973,87165001,186.00,1.860,2026-07-26T00:15:00.000Z,ANA,2026-07-30T22:22:13.000Z
1717,87163000,312.00,3.120,2026-07-26T00:15:00.000Z,ANA,2026-07-30T22:22:13.000Z
2461,87170000,562.00,5.620,2026-07-26T00:15:00.000Z,ANA,2026-07-30T22:22:14.000Z
3209,87270000,442.00,4.420,2026-07-26T00:15:00.000Z,ANA,2026-07-30T22:22:15.000Z
3958,87168590,433.00,4.330,2026-07-26T00:15:00.000Z,ANA,2026-07-30T22:22:16.000Z
272,87150000,125.00,1.250,2026-07-26T00:00:00.000Z,ANA,2026-07-30T22:22:13.000Z
972,87165001,186.00,1.860,2026-07-26T00:00:00.000Z,ANA,2026-07-30T22:22:13.000Z
1716,87163000,312.00,3.120,2026-07-26T00:00:00.000Z,ANA,2026-07-30T22:22:13.000Z
2460,87170000,563.00,5.630,2026-07-26T00:00:00.000Z,ANA,2026-07-30T22:22:14.000Z
3208,87270000,443.00,4.430,2026-07-26T00:00:00.000Z,ANA,2026-07-30T22:22:15.000Z
3957,87168590,434.00,4.340,2026-07-26T00:00:00.000Z,ANA,2026-07-30T22:22:16.000Z
271,87150000,125.00,1.250,2026-07-25T23:45:00.000Z,ANA,2026-07-30T22:22:13.000Z
971,87165001,187.00,1.870,2026-07-25T23:45:00.000Z,ANA,2026-07-30T22:22:13.000Z
1715,87163000,312.00,3.120,2026-07-25T23:45:00.000Z,ANA,2026-07-30T22:22:13.000Z
2459,87170000,565.00,5.650,2026-07-25T23:45:00.000Z,ANA,2026-07-30T22:22:14.000Z
3207,87270000,445.00,4.450,2026-07-25T23:45:00.000Z,ANA,2026-07-30T22:22:15.000Z
3956,87168590,434.00,4.340,2026-07-25T23:45:00.000Z,ANA,2026-07-30T22:22:16.000Z
270,87150000,125.00,1.250,2026-07-25T23:30:00.000Z,ANA,2026-07-30T22:22:13.000Z
970,87165001,187.00,1.870,2026-07-25T23:30:00.000Z,ANA,2026-07-30T22:22:13.000Z
1714,87163000,312.00,3.120,2026-07-25T23:30:00.000Z,ANA,2026-07-30T22:22:13.000Z
2458,87170000,567.00,5.670,2026-07-25T23:30:00.000Z,ANA,2026-07-30T22:22:14.000Z
3206,87270000,446.00,4.460,2026-07-25T23:30:00.000Z,ANA,2026-07-30T22:22:15.000Z
3955,87168590,435.00,4.350,2026-07-25T23:30:00.000Z,ANA,2026-07-30T22:22:16.000Z
269,87150000,125.00,1.250,2026-07-25T23:15:00.000Z,ANA,2026-07-30T22:22:13.000Z
1713,87163000,312.00,3.120,2026-07-25T23:15:00.000Z,ANA,2026-07-30T22:22:13.000Z
2457,87170000,568.00,5.680,2026-07-25T23:15:00.000Z,ANA,2026-07-30T22:22:14.000Z
3205,87270000,447.00,4.470,2026-07-25T23:15:00.000Z,ANA,2026-07-30T22:22:15.000Z
3954,87168590,435.00,4.350,2026-07-25T23:15:00.000Z,ANA,2026-07-30T22:22:16.000Z
268,87150000,125.00,1.250,2026-07-25T23:00:00.000Z,ANA,2026-07-30T22:22:13.000Z
969,87165001,187.00,1.870,2026-07-25T23:00:00.000Z,ANA,2026-07-30T22:22:13.000Z
1712,87163000,312.00,3.120,2026-07-25T23:00:00.000Z,ANA,2026-07-30T22:22:13.000Z
2456,87170000,570.00,5.700,2026-07-25T23:00:00.000Z,ANA,2026-07-30T22:22:14.000Z
3204,87270000,448.00,4.480,2026-07-25T23:00:00.000Z,ANA,2026-07-30T22:22:15.000Z
3953,87168590,435.00,4.350,2026-07-25T23:00:00.000Z,ANA,2026-07-30T22:22:16.000Z
267,87150000,126.00,1.260,2026-07-25T22:45:00.000Z,ANA,2026-07-30T22:22:13.000Z
968,87165001,188.00,1.880,2026-07-25T22:45:00.000Z,ANA,2026-07-30T22:22:13.000Z
1711,87163000,313.00,3.130,2026-07-25T22:45:00.000Z,ANA,2026-07-30T22:22:13.000Z
2455,87170000,572.00,5.720,2026-07-25T22:45:00.000Z,ANA,2026-07-30T22:22:14.000Z
3203,87270000,450.00,4.500,2026-07-25T22:45:00.000Z,ANA,2026-07-30T22:22:15.000Z
3952,87168590,436.00,4.360,2026-07-25T22:45:00.000Z,ANA,2026-07-30T22:22:16.000Z
266,87150000,126.00,1.260,2026-07-25T22:30:00.000Z,ANA,2026-07-30T22:22:13.000Z
967,87165001,188.00,1.880,2026-07-25T22:30:00.000Z,ANA,2026-07-30T22:22:13.000Z
1710,87163000,313.00,3.130,2026-07-25T22:30:00.000Z,ANA,2026-07-30T22:22:13.000Z
2454,87170000,573.00,5.730,2026-07-25T22:30:00.000Z,ANA,2026-07-30T22:22:14.000Z
3202,87270000,451.00,4.510,2026-07-25T22:30:00.000Z,ANA,2026-07-30T22:22:15.000Z
3951,87168590,435.00,4.350,2026-07-25T22:30:00.000Z,ANA,2026-07-30T22:22:16.000Z
265,87150000,126.00,1.260,2026-07-25T22:15:00.000Z,ANA,2026-07-30T22:22:13.000Z
966,87165001,187.00,1.870,2026-07-25T22:15:00.000Z,ANA,2026-07-30T22:22:13.000Z
1709,87163000,313.00,3.130,2026-07-25T22:15:00.000Z,ANA,2026-07-30T22:22:13.000Z
2453,87170000,575.00,5.750,2026-07-25T22:15:00.000Z,ANA,2026-07-30T22:22:14.000Z
3201,87270000,453.00,4.530,2026-07-25T22:15:00.000Z,ANA,2026-07-30T22:22:15.000Z
3950,87168590,436.00,4.360,2026-07-25T22:15:00.000Z,ANA,2026-07-30T22:22:16.000Z
264,87150000,126.00,1.260,2026-07-25T22:00:00.000Z,ANA,2026-07-30T22:22:13.000Z
965,87165001,188.00,1.880,2026-07-25T22:00:00.000Z,ANA,2026-07-30T22:22:13.000Z
1708,87163000,313.00,3.130,2026-07-25T22:00:00.000Z,ANA,2026-07-30T22:22:13.000Z
2452,87170000,577.00,5.770,2026-07-25T22:00:00.000Z,ANA,2026-07-30T22:22:14.000Z
3200,87270000,454.00,4.540,2026-07-25T22:00:00.000Z,ANA,2026-07-30T22:22:15.000Z
3949,87168590,436.00,4.360,2026-07-25T22:00:00.000Z,ANA,2026-07-30T22:22:16.000Z
263,87150000,126.00,1.260,2026-07-25T21:45:00.000Z,ANA,2026-07-30T22:22:13.000Z
964,87165001,188.00,1.880,2026-07-25T21:45:00.000Z,ANA,2026-07-30T22:22:13.000Z
1707,87163000,313.00,3.130,2026-07-25T21:45:00.000Z,ANA,2026-07-30T22:22:13.000Z
2451,87170000,578.00,5.780,2026-07-25T21:45:00.000Z,ANA,2026-07-30T22:22:14.000Z
3199,87270000,455.00,4.550,2026-07-25T21:45:00.000Z,ANA,2026-07-30T22:22:15.000Z
3948,87168590,436.00,4.360,2026-07-25T21:45:00.000Z,ANA,2026-07-30T22:22:16.000Z
262,87150000,127.00,1.270,2026-07-25T21:30:00.000Z,ANA,2026-07-30T22:22:13.000Z
963,87165001,188.00,1.880,2026-07-25T21:30:00.000Z,ANA,2026-07-30T22:22:13.000Z
1706,87163000,314.00,3.140,2026-07-25T21:30:00.000Z,ANA,2026-07-30T22:22:13.000Z
2450,87170000,580.00,5.800,2026-07-25T21:30:00.000Z,ANA,2026-07-30T22:22:14.000Z
3198,87270000,456.00,4.560,2026-07-25T21:30:00.000Z,ANA,2026-07-30T22:22:15.000Z
3947,87168590,437.00,4.370,2026-07-25T21:30:00.000Z,ANA,2026-07-30T22:22:16.000Z
261,87150000,127.00,1.270,2026-07-25T21:15:00.000Z,ANA,2026-07-30T22:22:13.000Z
962,87165001,189.00,1.890,2026-07-25T21:15:00.000Z,ANA,2026-07-30T22:22:13.000Z
1705,87163000,314.00,3.140,2026-07-25T21:15:00.000Z,ANA,2026-07-30T22:22:13.000Z
2449,87170000,581.00,5.810,2026-07-25T21:15:00.000Z,ANA,2026-07-30T22:22:14.000Z
3197,87270000,459.00,4.590,2026-07-25T21:15:00.000Z,ANA,2026-07-30T22:22:15.000Z
3946,87168590,437.00,4.370,2026-07-25T21:15:00.000Z,ANA,2026-07-30T22:22:16.000Z
260,87150000,127.00,1.270,2026-07-25T21:00:00.000Z,ANA,2026-07-30T22:22:13.000Z
961,87165001,188.00,1.880,2026-07-25T21:00:00.000Z,ANA,2026-07-30T22:22:13.000Z
1704,87163000,314.00,3.140,2026-07-25T21:00:00.000Z,ANA,2026-07-30T22:22:13.000Z
2448,87170000,583.00,5.830,2026-07-25T21:00:00.000Z,ANA,2026-07-30T22:22:14.000Z
3196,87270000,459.00,4.590,2026-07-25T21:00:00.000Z,ANA,2026-07-30T22:22:15.000Z
3945,87168590,437.00,4.370,2026-07-25T21:00:00.000Z,ANA,2026-07-30T22:22:16.000Z
259,87150000,127.00,1.270,2026-07-25T20:45:00.000Z,ANA,2026-07-30T22:22:13.000Z
960,87165001,189.00,1.890,2026-07-25T20:45:00.000Z,ANA,2026-07-30T22:22:13.000Z
1703,87163000,314.00,3.140,2026-07-25T20:45:00.000Z,ANA,2026-07-30T22:22:13.000Z
2447,87170000,584.00,5.840,2026-07-25T20:45:00.000Z,ANA,2026-07-30T22:22:14.000Z
3195,87270000,460.00,4.600,2026-07-25T20:45:00.000Z,ANA,2026-07-30T22:22:15.000Z
3944,87168590,438.00,4.380,2026-07-25T20:45:00.000Z,ANA,2026-07-30T22:22:16.000Z
258,87150000,127.00,1.270,2026-07-25T20:30:00.000Z,ANA,2026-07-30T22:22:13.000Z
1702,87163000,315.00,3.150,2026-07-25T20:30:00.000Z,ANA,2026-07-30T22:22:13.000Z
2446,87170000,586.00,5.860,2026-07-25T20:30:00.000Z,ANA,2026-07-30T22:22:14.000Z
3194,87270000,462.00,4.620,2026-07-25T20:30:00.000Z,ANA,2026-07-30T22:22:15.000Z
3943,87168590,438.00,4.380,2026-07-25T20:30:00.000Z,ANA,2026-07-30T22:22:16.000Z
257,87150000,127.00,1.270,2026-07-25T20:15:00.000Z,ANA,2026-07-30T22:22:13.000Z
959,87165001,189.00,1.890,2026-07-25T20:15:00.000Z,ANA,2026-07-30T22:22:13.000Z
1701,87163000,315.00,3.150,2026-07-25T20:15:00.000Z,ANA,2026-07-30T22:22:13.000Z
2445,87170000,588.00,5.880,2026-07-25T20:15:00.000Z,ANA,2026-07-30T22:22:14.000Z
3193,87270000,463.00,4.630,2026-07-25T20:15:00.000Z,ANA,2026-07-30T22:22:15.000Z
3942,87168590,439.00,4.390,2026-07-25T20:15:00.000Z,ANA,2026-07-30T22:22:16.000Z
256,87150000,127.00,1.270,2026-07-25T20:00:00.000Z,ANA,2026-07-30T22:22:13.000Z
958,87165001,189.00,1.890,2026-07-25T20:00:00.000Z,ANA,2026-07-30T22:22:13.000Z
1700,87163000,315.00,3.150,2026-07-25T20:00:00.000Z,ANA,2026-07-30T22:22:13.000Z
2444,87170000,589.00,5.890,2026-07-25T20:00:00.000Z,ANA,2026-07-30T22:22:14.000Z
3192,87270000,464.00,4.640,2026-07-25T20:00:00.000Z,ANA,2026-07-30T22:22:15.000Z
3941,87168590,439.00,4.390,2026-07-25T20:00:00.000Z,ANA,2026-07-30T22:22:16.000Z
255,87150000,128.00,1.280,2026-07-25T19:45:00.000Z,ANA,2026-07-30T22:22:13.000Z
957,87165001,189.00,1.890,2026-07-25T19:45:00.000Z,ANA,2026-07-30T22:22:13.000Z
1699,87163000,315.00,3.150,2026-07-25T19:45:00.000Z,ANA,2026-07-30T22:22:13.000Z
2443,87170000,591.00,5.910,2026-07-25T19:45:00.000Z,ANA,2026-07-30T22:22:14.000Z
3191,87270000,466.00,4.660,2026-07-25T19:45:00.000Z,ANA,2026-07-30T22:22:15.000Z
3940,87168590,439.00,4.390,2026-07-25T19:45:00.000Z,ANA,2026-07-30T22:22:16.000Z
254,87150000,128.00,1.280,2026-07-25T19:30:00.000Z,ANA,2026-07-30T22:22:13.000Z
1698,87163000,315.00,3.150,2026-07-25T19:30:00.000Z,ANA,2026-07-30T22:22:13.000Z
2442,87170000,593.00,5.930,2026-07-25T19:30:00.000Z,ANA,2026-07-30T22:22:14.000Z
3190,87270000,467.00,4.670,2026-07-25T19:30:00.000Z,ANA,2026-07-30T22:22:15.000Z
3939,87168590,439.00,4.390,2026-07-25T19:30:00.000Z,ANA,2026-07-30T22:22:16.000Z
253,87150000,128.00,1.280,2026-07-25T19:15:00.000Z,ANA,2026-07-30T22:22:13.000Z
956,87165001,190.00,1.900,2026-07-25T19:15:00.000Z,ANA,2026-07-30T22:22:13.000Z
1697,87163000,315.00,3.150,2026-07-25T19:15:00.000Z,ANA,2026-07-30T22:22:13.000Z
2441,87170000,594.00,5.940,2026-07-25T19:15:00.000Z,ANA,2026-07-30T22:22:14.000Z
3189,87270000,468.00,4.680,2026-07-25T19:15:00.000Z,ANA,2026-07-30T22:22:15.000Z
3938,87168590,439.00,4.390,2026-07-25T19:15:00.000Z,ANA,2026-07-30T22:22:16.000Z
252,87150000,128.00,1.280,2026-07-25T19:00:00.000Z,ANA,2026-07-30T22:22:13.000Z
955,87165001,190.00,1.900,2026-07-25T19:00:00.000Z,ANA,2026-07-30T22:22:13.000Z
1696,87163000,316.00,3.160,2026-07-25T19:00:00.000Z,ANA,2026-07-30T22:22:13.000Z
2440,87170000,596.00,5.960,2026-07-25T19:00:00.000Z,ANA,2026-07-30T22:22:14.000Z
3188,87270000,469.00,4.690,2026-07-25T19:00:00.000Z,ANA,2026-07-30T22:22:15.000Z
3937,87168590,440.00,4.400,2026-07-25T19:00:00.000Z,ANA,2026-07-30T22:22:16.000Z
251,87150000,128.00,1.280,2026-07-25T18:45:00.000Z,ANA,2026-07-30T22:22:13.000Z
954,87165001,191.00,1.910,2026-07-25T18:45:00.000Z,ANA,2026-07-30T22:22:13.000Z
1695,87163000,316.00,3.160,2026-07-25T18:45:00.000Z,ANA,2026-07-30T22:22:13.000Z
2439,87170000,597.00,5.970,2026-07-25T18:45:00.000Z,ANA,2026-07-30T22:22:14.000Z
3187,87270000,471.00,4.710,2026-07-25T18:45:00.000Z,ANA,2026-07-30T22:22:15.000Z
3936,87168590,440.00,4.400,2026-07-25T18:45:00.000Z,ANA,2026-07-30T22:22:16.000Z
250,87150000,128.00,1.280,2026-07-25T18:30:00.000Z,ANA,2026-07-30T22:22:13.000Z
1694,87163000,316.00,3.160,2026-07-25T18:30:00.000Z,ANA,2026-07-30T22:22:13.000Z
3935,87168590,441.00,4.410,2026-07-25T18:30:00.000Z,ANA,2026-07-30T22:22:16.000Z
249,87150000,128.00,1.280,2026-07-25T18:15:00.000Z,ANA,2026-07-30T22:22:13.000Z
953,87165001,191.00,1.910,2026-07-25T18:15:00.000Z,ANA,2026-07-30T22:22:13.000Z
1693,87163000,316.00,3.160,2026-07-25T18:15:00.000Z,ANA,2026-07-30T22:22:13.000Z
2438,87170000,601.00,6.010,2026-07-25T18:15:00.000Z,ANA,2026-07-30T22:22:14.000Z
3186,87270000,473.00,4.730,2026-07-25T18:15:00.000Z,ANA,2026-07-30T22:22:15.000Z
3934,87168590,441.00,4.410,2026-07-25T18:15:00.000Z,ANA,2026-07-30T22:22:16.000Z
248,87150000,128.00,1.280,2026-07-25T18:00:00.000Z,ANA,2026-07-30T22:22:13.000Z
952,87165001,191.00,1.910,2026-07-25T18:00:00.000Z,ANA,2026-07-30T22:22:13.000Z
1692,87163000,316.00,3.160,2026-07-25T18:00:00.000Z,ANA,2026-07-30T22:22:13.000Z
2437,87170000,602.00,6.020,2026-07-25T18:00:00.000Z,ANA,2026-07-30T22:22:14.000Z
3185,87270000,475.00,4.750,2026-07-25T18:00:00.000Z,ANA,2026-07-30T22:22:15.000Z
3933,87168590,443.00,4.430,2026-07-25T18:00:00.000Z,ANA,2026-07-30T22:22:16.000Z
951,87165001,192.00,1.920,2026-07-25T17:45:00.000Z,ANA,2026-07-30T22:22:13.000Z
1691,87163000,317.00,3.170,2026-07-25T17:45:00.000Z,ANA,2026-07-30T22:22:13.000Z
2436,87170000,604.00,6.040,2026-07-25T17:45:00.000Z,ANA,2026-07-30T22:22:14.000Z
3184,87270000,476.00,4.760,2026-07-25T17:45:00.000Z,ANA,2026-07-30T22:22:15.000Z
3932,87168590,443.00,4.430,2026-07-25T17:45:00.000Z,ANA,2026-07-30T22:22:16.000Z
950,87165001,192.00,1.920,2026-07-25T17:30:00.000Z,ANA,2026-07-30T22:22:13.000Z
1690,87163000,317.00,3.170,2026-07-25T17:30:00.000Z,ANA,2026-07-30T22:22:13.000Z
2435,87170000,605.00,6.050,2026-07-25T17:30:00.000Z,ANA,2026-07-30T22:22:14.000Z
3183,87270000,477.00,4.770,2026-07-25T17:30:00.000Z,ANA,2026-07-30T22:22:15.000Z
3931,87168590,442.00,4.420,2026-07-25T17:30:00.000Z,ANA,2026-07-30T22:22:16.000Z
949,87165001,192.00,1.920,2026-07-25T17:15:00.000Z,ANA,2026-07-30T22:22:13.000Z
1689,87163000,317.00,3.170,2026-07-25T17:15:00.000Z,ANA,2026-07-30T22:22:13.000Z
2434,87170000,607.00,6.070,2026-07-25T17:15:00.000Z,ANA,2026-07-30T22:22:14.000Z
3182,87270000,478.00,4.780,2026-07-25T17:15:00.000Z,ANA,2026-07-30T22:22:15.000Z
3930,87168590,442.00,4.420,2026-07-25T17:15:00.000Z,ANA,2026-07-30T22:22:16.000Z
948,87165001,193.00,1.930,2026-07-25T17:00:00.000Z,ANA,2026-07-30T22:22:13.000Z
1688,87163000,317.00,3.170,2026-07-25T17:00:00.000Z,ANA,2026-07-30T22:22:13.000Z
2433,87170000,608.00,6.080,2026-07-25T17:00:00.000Z,ANA,2026-07-30T22:22:14.000Z
3181,87270000,479.00,4.790,2026-07-25T17:00:00.000Z,ANA,2026-07-30T22:22:15.000Z
3929,87168590,443.00,4.430,2026-07-25T17:00:00.000Z,ANA,2026-07-30T22:22:16.000Z
1687,87163000,317.00,3.170,2026-07-25T16:45:00.000Z,ANA,2026-07-30T22:22:13.000Z
2432,87170000,610.00,6.100,2026-07-25T16:45:00.000Z,ANA,2026-07-30T22:22:14.000Z
3180,87270000,481.00,4.810,2026-07-25T16:45:00.000Z,ANA,2026-07-30T22:22:15.000Z
3928,87168590,444.00,4.440,2026-07-25T16:45:00.000Z,ANA,2026-07-30T22:22:16.000Z
947,87165001,193.00,1.930,2026-07-25T16:30:00.000Z,ANA,2026-07-30T22:22:13.000Z
1686,87163000,317.00,3.170,2026-07-25T16:30:00.000Z,ANA,2026-07-30T22:22:13.000Z
2431,87170000,612.00,6.120,2026-07-25T16:30:00.000Z,ANA,2026-07-30T22:22:14.000Z
3179,87270000,482.00,4.820,2026-07-25T16:30:00.000Z,ANA,2026-07-30T22:22:15.000Z
3927,87168590,444.00,4.440,2026-07-25T16:30:00.000Z,ANA,2026-07-30T22:22:16.000Z
946,87165001,194.00,1.940,2026-07-25T16:15:00.000Z,ANA,2026-07-30T22:22:13.000Z
1685,87163000,318.00,3.180,2026-07-25T16:15:00.000Z,ANA,2026-07-30T22:22:13.000Z
2430,87170000,613.00,6.130,2026-07-25T16:15:00.000Z,ANA,2026-07-30T22:22:14.000Z
3178,87270000,483.00,4.830,2026-07-25T16:15:00.000Z,ANA,2026-07-30T22:22:15.000Z
3926,87168590,444.00,4.440,2026-07-25T16:15:00.000Z,ANA,2026-07-30T22:22:16.000Z
945,87165001,194.00,1.940,2026-07-25T16:00:00.000Z,ANA,2026-07-30T22:22:13.000Z
1684,87163000,318.00,3.180,2026-07-25T16:00:00.000Z,ANA,2026-07-30T22:22:13.000Z
2429,87170000,615.00,6.150,2026-07-25T16:00:00.000Z,ANA,2026-07-30T22:22:14.000Z
3177,87270000,485.00,4.850,2026-07-25T16:00:00.000Z,ANA,2026-07-30T22:22:15.000Z
3925,87168590,445.00,4.450,2026-07-25T16:00:00.000Z,ANA,2026-07-30T22:22:16.000Z
944,87165001,194.00,1.940,2026-07-25T15:45:00.000Z,ANA,2026-07-30T22:22:13.000Z
1683,87163000,318.00,3.180,2026-07-25T15:45:00.000Z,ANA,2026-07-30T22:22:13.000Z
2428,87170000,616.00,6.160,2026-07-25T15:45:00.000Z,ANA,2026-07-30T22:22:14.000Z
3176,87270000,486.00,4.860,2026-07-25T15:45:00.000Z,ANA,2026-07-30T22:22:15.000Z
3924,87168590,446.00,4.460,2026-07-25T15:45:00.000Z,ANA,2026-07-30T22:22:16.000Z
943,87165001,195.00,1.950,2026-07-25T15:30:00.000Z,ANA,2026-07-30T22:22:13.000Z
1682,87163000,318.00,3.180,2026-07-25T15:30:00.000Z,ANA,2026-07-30T22:22:13.000Z
2427,87170000,618.00,6.180,2026-07-25T15:30:00.000Z,ANA,2026-07-30T22:22:14.000Z
3175,87270000,487.00,4.870,2026-07-25T15:30:00.000Z,ANA,2026-07-30T22:22:15.000Z
3923,87168590,446.00,4.460,2026-07-25T15:30:00.000Z,ANA,2026-07-30T22:22:16.000Z
1681,87163000,318.00,3.180,2026-07-25T15:15:00.000Z,ANA,2026-07-30T22:22:13.000Z
2426,87170000,619.00,6.190,2026-07-25T15:15:00.000Z,ANA,2026-07-30T22:22:14.000Z
3174,87270000,488.00,4.880,2026-07-25T15:15:00.000Z,ANA,2026-07-30T22:22:15.000Z
3922,87168590,445.00,4.450,2026-07-25T15:15:00.000Z,ANA,2026-07-30T22:22:16.000Z
942,87165001,195.00,1.950,2026-07-25T15:00:00.000Z,ANA,2026-07-30T22:22:13.000Z
1680,87163000,319.00,3.190,2026-07-25T15:00:00.000Z,ANA,2026-07-30T22:22:13.000Z
2425,87170000,621.00,6.210,2026-07-25T15:00:00.000Z,ANA,2026-07-30T22:22:14.000Z
3173,87270000,489.00,4.890,2026-07-25T15:00:00.000Z,ANA,2026-07-30T22:22:15.000Z
3921,87168590,446.00,4.460,2026-07-25T15:00:00.000Z,ANA,2026-07-30T22:22:16.000Z
941,87165001,198.00,1.980,2026-07-25T14:45:00.000Z,ANA,2026-07-30T22:22:13.000Z
1679,87163000,319.00,3.190,2026-07-25T14:45:00.000Z,ANA,2026-07-30T22:22:13.000Z
2424,87170000,622.00,6.220,2026-07-25T14:45:00.000Z,ANA,2026-07-30T22:22:14.000Z
3172,87270000,490.00,4.900,2026-07-25T14:45:00.000Z,ANA,2026-07-30T22:22:15.000Z
3920,87168590,447.00,4.470,2026-07-25T14:45:00.000Z,ANA,2026-07-30T22:22:16.000Z
940,87165001,198.00,1.980,2026-07-25T14:30:00.000Z,ANA,2026-07-30T22:22:13.000Z
1678,87163000,319.00,3.190,2026-07-25T14:30:00.000Z,ANA,2026-07-30T22:22:13.000Z
2423,87170000,624.00,6.240,2026-07-25T14:30:00.000Z,ANA,2026-07-30T22:22:14.000Z
3171,87270000,492.00,4.920,2026-07-25T14:30:00.000Z,ANA,2026-07-30T22:22:15.000Z
3919,87168590,448.00,4.480,2026-07-25T14:30:00.000Z,ANA,2026-07-30T22:22:16.000Z
939,87165001,197.00,1.970,2026-07-25T14:15:00.000Z,ANA,2026-07-30T22:22:13.000Z
1677,87163000,319.00,3.190,2026-07-25T14:15:00.000Z,ANA,2026-07-30T22:22:13.000Z
2422,87170000,625.00,6.250,2026-07-25T14:15:00.000Z,ANA,2026-07-30T22:22:14.000Z
3170,87270000,493.00,4.930,2026-07-25T14:15:00.000Z,ANA,2026-07-30T22:22:15.000Z
3918,87168590,446.00,4.460,2026-07-25T14:15:00.000Z,ANA,2026-07-30T22:22:16.000Z
938,87165001,197.00,1.970,2026-07-25T14:00:00.000Z,ANA,2026-07-30T22:22:13.000Z
1676,87163000,319.00,3.190,2026-07-25T14:00:00.000Z,ANA,2026-07-30T22:22:13.000Z
2421,87170000,627.00,6.270,2026-07-25T14:00:00.000Z,ANA,2026-07-30T22:22:14.000Z
3169,87270000,494.00,4.940,2026-07-25T14:00:00.000Z,ANA,2026-07-30T22:22:15.000Z
3917,87168590,447.00,4.470,2026-07-25T14:00:00.000Z,ANA,2026-07-30T22:22:16.000Z
937,87165001,200.00,2.000,2026-07-25T13:45:00.000Z,ANA,2026-07-30T22:22:13.000Z
1675,87163000,320.00,3.200,2026-07-25T13:45:00.000Z,ANA,2026-07-30T22:22:13.000Z
2420,87170000,629.00,6.290,2026-07-25T13:45:00.000Z,ANA,2026-07-30T22:22:14.000Z
3168,87270000,496.00,4.960,2026-07-25T13:45:00.000Z,ANA,2026-07-30T22:22:15.000Z
3916,87168590,448.00,4.480,2026-07-25T13:45:00.000Z,ANA,2026-07-30T22:22:16.000Z
936,87165001,198.00,1.980,2026-07-25T13:30:00.000Z,ANA,2026-07-30T22:22:13.000Z
1674,87163000,320.00,3.200,2026-07-25T13:30:00.000Z,ANA,2026-07-30T22:22:13.000Z
2419,87170000,630.00,6.300,2026-07-25T13:30:00.000Z,ANA,2026-07-30T22:22:14.000Z
3167,87270000,497.00,4.970,2026-07-25T13:30:00.000Z,ANA,2026-07-30T22:22:15.000Z
3915,87168590,449.00,4.490,2026-07-25T13:30:00.000Z,ANA,2026-07-30T22:22:16.000Z
935,87165001,200.00,2.000,2026-07-25T13:15:00.000Z,ANA,2026-07-30T22:22:13.000Z
1673,87163000,320.00,3.200,2026-07-25T13:15:00.000Z,ANA,2026-07-30T22:22:13.000Z
2418,87170000,631.00,6.310,2026-07-25T13:15:00.000Z,ANA,2026-07-30T22:22:14.000Z
3166,87270000,498.00,4.980,2026-07-25T13:15:00.000Z,ANA,2026-07-30T22:22:15.000Z
3914,87168590,450.00,4.500,2026-07-25T13:15:00.000Z,ANA,2026-07-30T22:22:16.000Z
934,87165001,200.00,2.000,2026-07-25T13:00:00.000Z,ANA,2026-07-30T22:22:13.000Z
1672,87163000,320.00,3.200,2026-07-25T13:00:00.000Z,ANA,2026-07-30T22:22:13.000Z
2417,87170000,633.00,6.330,2026-07-25T13:00:00.000Z,ANA,2026-07-30T22:22:14.000Z
3165,87270000,499.00,4.990,2026-07-25T13:00:00.000Z,ANA,2026-07-30T22:22:15.000Z
3913,87168590,449.00,4.490,2026-07-25T13:00:00.000Z,ANA,2026-07-30T22:22:16.000Z
933,87165001,198.00,1.980,2026-07-25T12:45:00.000Z,ANA,2026-07-30T22:22:13.000Z
1671,87163000,321.00,3.210,2026-07-25T12:45:00.000Z,ANA,2026-07-30T22:22:13.000Z
2416,87170000,635.00,6.350,2026-07-25T12:45:00.000Z,ANA,2026-07-30T22:22:14.000Z
3164,87270000,500.00,5.000,2026-07-25T12:45:00.000Z,ANA,2026-07-30T22:22:15.000Z
3912,87168590,450.00,4.500,2026-07-25T12:45:00.000Z,ANA,2026-07-30T22:22:16.000Z
932,87165001,200.00,2.000,2026-07-25T12:30:00.000Z,ANA,2026-07-30T22:22:13.000Z
1670,87163000,321.00,3.210,2026-07-25T12:30:00.000Z,ANA,2026-07-30T22:22:13.000Z
2415,87170000,636.00,6.360,2026-07-25T12:30:00.000Z,ANA,2026-07-30T22:22:14.000Z
3163,87270000,502.00,5.020,2026-07-25T12:30:00.000Z,ANA,2026-07-30T22:22:15.000Z
3911,87168590,449.00,4.490,2026-07-25T12:30:00.000Z,ANA,2026-07-30T22:22:16.000Z
931,87165001,199.00,1.990,2026-07-25T12:15:00.000Z,ANA,2026-07-30T22:22:13.000Z
1669,87163000,321.00,3.210,2026-07-25T12:15:00.000Z,ANA,2026-07-30T22:22:13.000Z
2414,87170000,637.00,6.370,2026-07-25T12:15:00.000Z,ANA,2026-07-30T22:22:14.000Z
3162,87270000,503.00,5.030,2026-07-25T12:15:00.000Z,ANA,2026-07-30T22:22:15.000Z
3910,87168590,450.00,4.500,2026-07-25T12:15:00.000Z,ANA,2026-07-30T22:22:16.000Z
1668,87163000,321.00,3.210,2026-07-25T12:00:00.000Z,ANA,2026-07-30T22:22:13.000Z
2413,87170000,638.00,6.380,2026-07-25T12:00:00.000Z,ANA,2026-07-30T22:22:14.000Z
3161,87270000,504.00,5.040,2026-07-25T12:00:00.000Z,ANA,2026-07-30T22:22:15.000Z
3909,87168590,451.00,4.510,2026-07-25T12:00:00.000Z,ANA,2026-07-30T22:22:16.000Z
247,87150000,132.00,1.320,2026-07-25T11:45:00.000Z,ANA,2026-07-30T22:22:13.000Z
930,87165001,198.00,1.980,2026-07-25T11:45:00.000Z,ANA,2026-07-30T22:22:13.000Z
1667,87163000,321.00,3.210,2026-07-25T11:45:00.000Z,ANA,2026-07-30T22:22:13.000Z
2412,87170000,640.00,6.400,2026-07-25T11:45:00.000Z,ANA,2026-07-30T22:22:14.000Z
3160,87270000,505.00,5.050,2026-07-25T11:45:00.000Z,ANA,2026-07-30T22:22:15.000Z
3908,87168590,452.00,4.520,2026-07-25T11:45:00.000Z,ANA,2026-07-30T22:22:16.000Z
246,87150000,132.00,1.320,2026-07-25T11:30:00.000Z,ANA,2026-07-30T22:22:13.000Z
1666,87163000,322.00,3.220,2026-07-25T11:30:00.000Z,ANA,2026-07-30T22:22:13.000Z
2411,87170000,642.00,6.420,2026-07-25T11:30:00.000Z,ANA,2026-07-30T22:22:14.000Z
3159,87270000,506.00,5.060,2026-07-25T11:30:00.000Z,ANA,2026-07-30T22:22:15.000Z
3907,87168590,451.00,4.510,2026-07-25T11:30:00.000Z,ANA,2026-07-30T22:22:16.000Z
245,87150000,132.00,1.320,2026-07-25T11:15:00.000Z,ANA,2026-07-30T22:22:13.000Z
929,87165001,198.00,1.980,2026-07-25T11:15:00.000Z,ANA,2026-07-30T22:22:13.000Z
1665,87163000,322.00,3.220,2026-07-25T11:15:00.000Z,ANA,2026-07-30T22:22:13.000Z
2410,87170000,643.00,6.430,2026-07-25T11:15:00.000Z,ANA,2026-07-30T22:22:14.000Z
3158,87270000,507.00,5.070,2026-07-25T11:15:00.000Z,ANA,2026-07-30T22:22:15.000Z
3906,87168590,452.00,4.520,2026-07-25T11:15:00.000Z,ANA,2026-07-30T22:22:16.000Z
244,87150000,133.00,1.330,2026-07-25T11:00:00.000Z,ANA,2026-07-30T22:22:13.000Z
928,87165001,196.00,1.960,2026-07-25T11:00:00.000Z,ANA,2026-07-30T22:22:13.000Z
1664,87163000,322.00,3.220,2026-07-25T11:00:00.000Z,ANA,2026-07-30T22:22:13.000Z
2409,87170000,644.00,6.440,2026-07-25T11:00:00.000Z,ANA,2026-07-30T22:22:14.000Z
3157,87270000,509.00,5.090,2026-07-25T11:00:00.000Z,ANA,2026-07-30T22:22:15.000Z
3905,87168590,451.00,4.510,2026-07-25T11:00:00.000Z,ANA,2026-07-30T22:22:16.000Z
243,87150000,133.00,1.330,2026-07-25T10:45:00.000Z,ANA,2026-07-30T22:22:13.000Z
927,87165001,197.00,1.970,2026-07-25T10:45:00.000Z,ANA,2026-07-30T22:22:13.000Z
1663,87163000,322.00,3.220,2026-07-25T10:45:00.000Z,ANA,2026-07-30T22:22:13.000Z
2408,87170000,646.00,6.460,2026-07-25T10:45:00.000Z,ANA,2026-07-30T22:22:14.000Z
3156,87270000,510.00,5.100,2026-07-25T10:45:00.000Z,ANA,2026-07-30T22:22:15.000Z
3904,87168590,453.00,4.530,2026-07-25T10:45:00.000Z,ANA,2026-07-30T22:22:16.000Z
242,87150000,133.00,1.330,2026-07-25T10:30:00.000Z,ANA,2026-07-30T22:22:13.000Z
926,87165001,198.00,1.980,2026-07-25T10:30:00.000Z,ANA,2026-07-30T22:22:13.000Z
1662,87163000,323.00,3.230,2026-07-25T10:30:00.000Z,ANA,2026-07-30T22:22:13.000Z
2407,87170000,648.00,6.480,2026-07-25T10:30:00.000Z,ANA,2026-07-30T22:22:14.000Z
3155,87270000,511.00,5.110,2026-07-25T10:30:00.000Z,ANA,2026-07-30T22:22:15.000Z
3903,87168590,453.00,4.530,2026-07-25T10:30:00.000Z,ANA,2026-07-30T22:22:16.000Z
241,87150000,133.00,1.330,2026-07-25T10:15:00.000Z,ANA,2026-07-30T22:22:13.000Z
1661,87163000,323.00,3.230,2026-07-25T10:15:00.000Z,ANA,2026-07-30T22:22:13.000Z
2406,87170000,649.00,6.490,2026-07-25T10:15:00.000Z,ANA,2026-07-30T22:22:14.000Z
3154,87270000,513.00,5.130,2026-07-25T10:15:00.000Z,ANA,2026-07-30T22:22:15.000Z
3902,87168590,454.00,4.540,2026-07-25T10:15:00.000Z,ANA,2026-07-30T22:22:16.000Z
240,87150000,133.00,1.330,2026-07-25T10:00:00.000Z,ANA,2026-07-30T22:22:13.000Z
925,87165001,199.00,1.990,2026-07-25T10:00:00.000Z,ANA,2026-07-30T22:22:13.000Z
1660,87163000,323.00,3.230,2026-07-25T10:00:00.000Z,ANA,2026-07-30T22:22:13.000Z
2405,87170000,651.00,6.510,2026-07-25T10:00:00.000Z,ANA,2026-07-30T22:22:14.000Z
3153,87270000,514.00,5.140,2026-07-25T10:00:00.000Z,ANA,2026-07-30T22:22:15.000Z
3901,87168590,454.00,4.540,2026-07-25T10:00:00.000Z,ANA,2026-07-30T22:22:16.000Z
239,87150000,133.00,1.330,2026-07-25T09:45:00.000Z,ANA,2026-07-30T22:22:13.000Z
924,87165001,199.00,1.990,2026-07-25T09:45:00.000Z,ANA,2026-07-30T22:22:13.000Z
1659,87163000,323.00,3.230,2026-07-25T09:45:00.000Z,ANA,2026-07-30T22:22:13.000Z
2404,87170000,652.00,6.520,2026-07-25T09:45:00.000Z,ANA,2026-07-30T22:22:14.000Z
3152,87270000,515.00,5.150,2026-07-25T09:45:00.000Z,ANA,2026-07-30T22:22:15.000Z
3900,87168590,454.00,4.540,2026-07-25T09:45:00.000Z,ANA,2026-07-30T22:22:16.000Z
238,87150000,133.00,1.330,2026-07-25T09:30:00.000Z,ANA,2026-07-30T22:22:13.000Z
923,87165001,198.00,1.980,2026-07-25T09:30:00.000Z,ANA,2026-07-30T22:22:13.000Z
1658,87163000,324.00,3.240,2026-07-25T09:30:00.000Z,ANA,2026-07-30T22:22:13.000Z
2403,87170000,654.00,6.540,2026-07-25T09:30:00.000Z,ANA,2026-07-30T22:22:14.000Z
3151,87270000,516.00,5.160,2026-07-25T09:30:00.000Z,ANA,2026-07-30T22:22:15.000Z
3899,87168590,455.00,4.550,2026-07-25T09:30:00.000Z,ANA,2026-07-30T22:22:16.000Z
237,87150000,133.00,1.330,2026-07-25T09:15:00.000Z,ANA,2026-07-30T22:22:13.000Z
922,87165001,198.00,1.980,2026-07-25T09:15:00.000Z,ANA,2026-07-30T22:22:13.000Z
1657,87163000,324.00,3.240,2026-07-25T09:15:00.000Z,ANA,2026-07-30T22:22:13.000Z
2402,87170000,655.00,6.550,2026-07-25T09:15:00.000Z,ANA,2026-07-30T22:22:14.000Z
3150,87270000,517.00,5.170,2026-07-25T09:15:00.000Z,ANA,2026-07-30T22:22:15.000Z
3898,87168590,455.00,4.550,2026-07-25T09:15:00.000Z,ANA,2026-07-30T22:22:16.000Z
236,87150000,134.00,1.340,2026-07-25T09:00:00.000Z,ANA,2026-07-30T22:22:13.000Z
921,87165001,199.00,1.990,2026-07-25T09:00:00.000Z,ANA,2026-07-30T22:22:13.000Z
1656,87163000,324.00,3.240,2026-07-25T09:00:00.000Z,ANA,2026-07-30T22:22:13.000Z
2401,87170000,657.00,6.570,2026-07-25T09:00:00.000Z,ANA,2026-07-30T22:22:14.000Z
3149,87270000,518.00,5.180,2026-07-25T09:00:00.000Z,ANA,2026-07-30T22:22:15.000Z
3897,87168590,456.00,4.560,2026-07-25T09:00:00.000Z,ANA,2026-07-30T22:22:16.000Z
235,87150000,134.00,1.340,2026-07-25T08:45:00.000Z,ANA,2026-07-30T22:22:13.000Z
920,87165001,199.00,1.990,2026-07-25T08:45:00.000Z,ANA,2026-07-30T22:22:13.000Z
1655,87163000,325.00,3.250,2026-07-25T08:45:00.000Z,ANA,2026-07-30T22:22:13.000Z
2400,87170000,658.00,6.580,2026-07-25T08:45:00.000Z,ANA,2026-07-30T22:22:14.000Z
3148,87270000,519.00,5.190,2026-07-25T08:45:00.000Z,ANA,2026-07-30T22:22:15.000Z
3896,87168590,456.00,4.560,2026-07-25T08:45:00.000Z,ANA,2026-07-30T22:22:16.000Z
234,87150000,134.00,1.340,2026-07-25T08:30:00.000Z,ANA,2026-07-30T22:22:13.000Z
919,87165001,199.00,1.990,2026-07-25T08:30:00.000Z,ANA,2026-07-30T22:22:13.000Z
1654,87163000,325.00,3.250,2026-07-25T08:30:00.000Z,ANA,2026-07-30T22:22:13.000Z
2399,87170000,660.00,6.600,2026-07-25T08:30:00.000Z,ANA,2026-07-30T22:22:14.000Z
3147,87270000,521.00,5.210,2026-07-25T08:30:00.000Z,ANA,2026-07-30T22:22:15.000Z
3895,87168590,458.00,4.580,2026-07-25T08:30:00.000Z,ANA,2026-07-30T22:22:16.000Z
233,87150000,134.00,1.340,2026-07-25T08:15:00.000Z,ANA,2026-07-30T22:22:13.000Z
918,87165001,200.00,2.000,2026-07-25T08:15:00.000Z,ANA,2026-07-30T22:22:13.000Z
1653,87163000,325.00,3.250,2026-07-25T08:15:00.000Z,ANA,2026-07-30T22:22:13.000Z
2398,87170000,661.00,6.610,2026-07-25T08:15:00.000Z,ANA,2026-07-30T22:22:14.000Z
3146,87270000,522.00,5.220,2026-07-25T08:15:00.000Z,ANA,2026-07-30T22:22:15.000Z
3894,87168590,457.00,4.570,2026-07-25T08:15:00.000Z,ANA,2026-07-30T22:22:16.000Z
232,87150000,134.00,1.340,2026-07-25T08:00:00.000Z,ANA,2026-07-30T22:22:13.000Z
917,87165001,199.00,1.990,2026-07-25T08:00:00.000Z,ANA,2026-07-30T22:22:13.000Z
1652,87163000,325.00,3.250,2026-07-25T08:00:00.000Z,ANA,2026-07-30T22:22:13.000Z
2397,87170000,663.00,6.630,2026-07-25T08:00:00.000Z,ANA,2026-07-30T22:22:14.000Z
3145,87270000,523.00,5.230,2026-07-25T08:00:00.000Z,ANA,2026-07-30T22:22:15.000Z
3893,87168590,459.00,4.590,2026-07-25T08:00:00.000Z,ANA,2026-07-30T22:22:16.000Z
231,87150000,135.00,1.350,2026-07-25T07:45:00.000Z,ANA,2026-07-30T22:22:13.000Z
916,87165001,200.00,2.000,2026-07-25T07:45:00.000Z,ANA,2026-07-30T22:22:13.000Z
1651,87163000,326.00,3.260,2026-07-25T07:45:00.000Z,ANA,2026-07-30T22:22:13.000Z
2396,87170000,664.00,6.640,2026-07-25T07:45:00.000Z,ANA,2026-07-30T22:22:14.000Z
3144,87270000,524.00,5.240,2026-07-25T07:45:00.000Z,ANA,2026-07-30T22:22:15.000Z
3892,87168590,458.00,4.580,2026-07-25T07:45:00.000Z,ANA,2026-07-30T22:22:16.000Z
230,87150000,135.00,1.350,2026-07-25T07:30:00.000Z,ANA,2026-07-30T22:22:13.000Z
915,87165001,201.00,2.010,2026-07-25T07:30:00.000Z,ANA,2026-07-30T22:22:13.000Z
1650,87163000,326.00,3.260,2026-07-25T07:30:00.000Z,ANA,2026-07-30T22:22:13.000Z
2395,87170000,665.00,6.650,2026-07-25T07:30:00.000Z,ANA,2026-07-30T22:22:14.000Z
3143,87270000,525.00,5.250,2026-07-25T07:30:00.000Z,ANA,2026-07-30T22:22:15.000Z
3891,87168590,457.00,4.570,2026-07-25T07:30:00.000Z,ANA,2026-07-30T22:22:16.000Z
229,87150000,135.00,1.350,2026-07-25T07:15:00.000Z,ANA,2026-07-30T22:22:13.000Z
1649,87163000,326.00,3.260,2026-07-25T07:15:00.000Z,ANA,2026-07-30T22:22:13.000Z
2394,87170000,667.00,6.670,2026-07-25T07:15:00.000Z,ANA,2026-07-30T22:22:14.000Z
3142,87270000,526.00,5.260,2026-07-25T07:15:00.000Z,ANA,2026-07-30T22:22:15.000Z
3890,87168590,459.00,4.590,2026-07-25T07:15:00.000Z,ANA,2026-07-30T22:22:16.000Z
228,87150000,135.00,1.350,2026-07-25T07:00:00.000Z,ANA,2026-07-30T22:22:13.000Z
914,87165001,202.00,2.020,2026-07-25T07:00:00.000Z,ANA,2026-07-30T22:22:13.000Z
1648,87163000,326.00,3.260,2026-07-25T07:00:00.000Z,ANA,2026-07-30T22:22:13.000Z
2393,87170000,669.00,6.690,2026-07-25T07:00:00.000Z,ANA,2026-07-30T22:22:14.000Z
3141,87270000,527.00,5.270,2026-07-25T07:00:00.000Z,ANA,2026-07-30T22:22:15.000Z
3889,87168590,459.00,4.590,2026-07-25T07:00:00.000Z,ANA,2026-07-30T22:22:16.000Z
227,87150000,135.00,1.350,2026-07-25T06:45:00.000Z,ANA,2026-07-30T22:22:13.000Z
1647,87163000,327.00,3.270,2026-07-25T06:45:00.000Z,ANA,2026-07-30T22:22:13.000Z
2392,87170000,670.00,6.700,2026-07-25T06:45:00.000Z,ANA,2026-07-30T22:22:14.000Z
3140,87270000,528.00,5.280,2026-07-25T06:45:00.000Z,ANA,2026-07-30T22:22:15.000Z
3888,87168590,458.00,4.580,2026-07-25T06:45:00.000Z,ANA,2026-07-30T22:22:16.000Z
226,87150000,135.00,1.350,2026-07-25T06:30:00.000Z,ANA,2026-07-30T22:22:13.000Z
1646,87163000,327.00,3.270,2026-07-25T06:30:00.000Z,ANA,2026-07-30T22:22:13.000Z
2391,87170000,672.00,6.720,2026-07-25T06:30:00.000Z,ANA,2026-07-30T22:22:14.000Z
3139,87270000,530.00,5.300,2026-07-25T06:30:00.000Z,ANA,2026-07-30T22:22:15.000Z
3887,87168590,460.00,4.600,2026-07-25T06:30:00.000Z,ANA,2026-07-30T22:22:16.000Z
225,87150000,136.00,1.360,2026-07-25T06:15:00.000Z,ANA,2026-07-30T22:22:13.000Z
913,87165001,202.00,2.020,2026-07-25T06:15:00.000Z,ANA,2026-07-30T22:22:13.000Z
1645,87163000,327.00,3.270,2026-07-25T06:15:00.000Z,ANA,2026-07-30T22:22:13.000Z
2390,87170000,673.00,6.730,2026-07-25T06:15:00.000Z,ANA,2026-07-30T22:22:14.000Z
3138,87270000,531.00,5.310,2026-07-25T06:15:00.000Z,ANA,2026-07-30T22:22:15.000Z
3886,87168590,460.00,4.600,2026-07-25T06:15:00.000Z,ANA,2026-07-30T22:22:16.000Z
224,87150000,136.00,1.360,2026-07-25T06:00:00.000Z,ANA,2026-07-30T22:22:13.000Z
912,87165001,201.00,2.010,2026-07-25T06:00:00.000Z,ANA,2026-07-30T22:22:13.000Z
1644,87163000,328.00,3.280,2026-07-25T06:00:00.000Z,ANA,2026-07-30T22:22:13.000Z
2389,87170000,675.00,6.750,2026-07-25T06:00:00.000Z,ANA,2026-07-30T22:22:14.000Z
3137,87270000,532.00,5.320,2026-07-25T06:00:00.000Z,ANA,2026-07-30T22:22:15.000Z
3885,87168590,461.00,4.610,2026-07-25T06:00:00.000Z,ANA,2026-07-30T22:22:16.000Z
223,87150000,136.00,1.360,2026-07-25T05:45:00.000Z,ANA,2026-07-30T22:22:13.000Z
911,87165001,202.00,2.020,2026-07-25T05:45:00.000Z,ANA,2026-07-30T22:22:13.000Z
1643,87163000,328.00,3.280,2026-07-25T05:45:00.000Z,ANA,2026-07-30T22:22:13.000Z
2388,87170000,676.00,6.760,2026-07-25T05:45:00.000Z,ANA,2026-07-30T22:22:14.000Z
3136,87270000,534.00,5.340,2026-07-25T05:45:00.000Z,ANA,2026-07-30T22:22:15.000Z
3884,87168590,461.00,4.610,2026-07-25T05:45:00.000Z,ANA,2026-07-30T22:22:16.000Z
222,87150000,136.00,1.360,2026-07-25T05:30:00.000Z,ANA,2026-07-30T22:22:13.000Z
1642,87163000,328.00,3.280,2026-07-25T05:30:00.000Z,ANA,2026-07-30T22:22:13.000Z
2387,87170000,678.00,6.780,2026-07-25T05:30:00.000Z,ANA,2026-07-30T22:22:14.000Z
3135,87270000,535.00,5.350,2026-07-25T05:30:00.000Z,ANA,2026-07-30T22:22:15.000Z
3883,87168590,461.00,4.610,2026-07-25T05:30:00.000Z,ANA,2026-07-30T22:22:16.000Z
221,87150000,136.00,1.360,2026-07-25T05:15:00.000Z,ANA,2026-07-30T22:22:13.000Z
910,87165001,203.00,2.030,2026-07-25T05:15:00.000Z,ANA,2026-07-30T22:22:13.000Z
1641,87163000,328.00,3.280,2026-07-25T05:15:00.000Z,ANA,2026-07-30T22:22:13.000Z
2386,87170000,680.00,6.800,2026-07-25T05:15:00.000Z,ANA,2026-07-30T22:22:14.000Z
3134,87270000,536.00,5.360,2026-07-25T05:15:00.000Z,ANA,2026-07-30T22:22:15.000Z
3882,87168590,459.00,4.590,2026-07-25T05:15:00.000Z,ANA,2026-07-30T22:22:16.000Z
220,87150000,137.00,1.370,2026-07-25T05:00:00.000Z,ANA,2026-07-30T22:22:13.000Z
909,87165001,204.00,2.040,2026-07-25T05:00:00.000Z,ANA,2026-07-30T22:22:13.000Z
1640,87163000,328.00,3.280,2026-07-25T05:00:00.000Z,ANA,2026-07-30T22:22:13.000Z
2385,87170000,681.00,6.810,2026-07-25T05:00:00.000Z,ANA,2026-07-30T22:22:14.000Z
3133,87270000,537.00,5.370,2026-07-25T05:00:00.000Z,ANA,2026-07-30T22:22:15.000Z
3881,87168590,463.00,4.630,2026-07-25T05:00:00.000Z,ANA,2026-07-30T22:22:16.000Z
219,87150000,137.00,1.370,2026-07-25T04:45:00.000Z,ANA,2026-07-30T22:22:13.000Z
1639,87163000,329.00,3.290,2026-07-25T04:45:00.000Z,ANA,2026-07-30T22:22:13.000Z
2384,87170000,683.00,6.830,2026-07-25T04:45:00.000Z,ANA,2026-07-30T22:22:14.000Z
3132,87270000,538.00,5.380,2026-07-25T04:45:00.000Z,ANA,2026-07-30T22:22:15.000Z
3880,87168590,464.00,4.640,2026-07-25T04:45:00.000Z,ANA,2026-07-30T22:22:16.000Z
218,87150000,137.00,1.370,2026-07-25T04:30:00.000Z,ANA,2026-07-30T22:22:13.000Z
908,87165001,204.00,2.040,2026-07-25T04:30:00.000Z,ANA,2026-07-30T22:22:13.000Z
1638,87163000,329.00,3.290,2026-07-25T04:30:00.000Z,ANA,2026-07-30T22:22:13.000Z
2383,87170000,684.00,6.840,2026-07-25T04:30:00.000Z,ANA,2026-07-30T22:22:14.000Z
3131,87270000,539.00,5.390,2026-07-25T04:30:00.000Z,ANA,2026-07-30T22:22:15.000Z
3879,87168590,464.00,4.640,2026-07-25T04:30:00.000Z,ANA,2026-07-30T22:22:16.000Z
217,87150000,137.00,1.370,2026-07-25T04:15:00.000Z,ANA,2026-07-30T22:22:13.000Z
907,87165001,204.00,2.040,2026-07-25T04:15:00.000Z,ANA,2026-07-30T22:22:13.000Z
1637,87163000,329.00,3.290,2026-07-25T04:15:00.000Z,ANA,2026-07-30T22:22:13.000Z
2382,87170000,685.00,6.850,2026-07-25T04:15:00.000Z,ANA,2026-07-30T22:22:14.000Z
3130,87270000,540.00,5.400,2026-07-25T04:15:00.000Z,ANA,2026-07-30T22:22:15.000Z
3878,87168590,463.00,4.630,2026-07-25T04:15:00.000Z,ANA,2026-07-30T22:22:16.000Z
216,87150000,137.00,1.370,2026-07-25T04:00:00.000Z,ANA,2026-07-30T22:22:13.000Z
906,87165001,205.00,2.050,2026-07-25T04:00:00.000Z,ANA,2026-07-30T22:22:13.000Z
1636,87163000,329.00,3.290,2026-07-25T04:00:00.000Z,ANA,2026-07-30T22:22:13.000Z
2381,87170000,687.00,6.870,2026-07-25T04:00:00.000Z,ANA,2026-07-30T22:22:14.000Z
3129,87270000,541.00,5.410,2026-07-25T04:00:00.000Z,ANA,2026-07-30T22:22:15.000Z
3877,87168590,464.00,4.640,2026-07-25T04:00:00.000Z,ANA,2026-07-30T22:22:16.000Z
215,87150000,138.00,1.380,2026-07-25T03:45:00.000Z,ANA,2026-07-30T22:22:13.000Z
905,87165001,205.00,2.050,2026-07-25T03:45:00.000Z,ANA,2026-07-30T22:22:13.000Z
1635,87163000,330.00,3.300,2026-07-25T03:45:00.000Z,ANA,2026-07-30T22:22:13.000Z
2380,87170000,689.00,6.890,2026-07-25T03:45:00.000Z,ANA,2026-07-30T22:22:14.000Z
3128,87270000,543.00,5.430,2026-07-25T03:45:00.000Z,ANA,2026-07-30T22:22:15.000Z
3876,87168590,466.00,4.660,2026-07-25T03:45:00.000Z,ANA,2026-07-30T22:22:16.000Z
214,87150000,138.00,1.380,2026-07-25T03:30:00.000Z,ANA,2026-07-30T22:22:13.000Z
904,87165001,205.00,2.050,2026-07-25T03:30:00.000Z,ANA,2026-07-30T22:22:13.000Z
1634,87163000,330.00,3.300,2026-07-25T03:30:00.000Z,ANA,2026-07-30T22:22:13.000Z
2379,87170000,690.00,6.900,2026-07-25T03:30:00.000Z,ANA,2026-07-30T22:22:14.000Z
3127,87270000,544.00,5.440,2026-07-25T03:30:00.000Z,ANA,2026-07-30T22:22:15.000Z
3875,87168590,465.00,4.650,2026-07-25T03:30:00.000Z,ANA,2026-07-30T22:22:16.000Z
213,87150000,138.00,1.380,2026-07-25T03:15:00.000Z,ANA,2026-07-30T22:22:13.000Z
903,87165001,206.00,2.060,2026-07-25T03:15:00.000Z,ANA,2026-07-30T22:22:13.000Z
1633,87163000,330.00,3.300,2026-07-25T03:15:00.000Z,ANA,2026-07-30T22:22:13.000Z
2378,87170000,692.00,6.920,2026-07-25T03:15:00.000Z,ANA,2026-07-30T22:22:14.000Z
3126,87270000,545.00,5.450,2026-07-25T03:15:00.000Z,ANA,2026-07-30T22:22:15.000Z
3874,87168590,466.00,4.660,2026-07-25T03:15:00.000Z,ANA,2026-07-30T22:22:16.000Z
212,87150000,138.00,1.380,2026-07-25T03:00:00.000Z,ANA,2026-07-30T22:22:13.000Z
902,87165001,206.00,2.060,2026-07-25T03:00:00.000Z,ANA,2026-07-30T22:22:13.000Z
1632,87163000,330.00,3.300,2026-07-25T03:00:00.000Z,ANA,2026-07-30T22:22:13.000Z
2377,87170000,693.00,6.930,2026-07-25T03:00:00.000Z,ANA,2026-07-30T22:22:14.000Z
3125,87270000,546.00,5.460,2026-07-25T03:00:00.000Z,ANA,2026-07-30T22:22:15.000Z
3873,87168590,467.00,4.670,2026-07-25T03:00:00.000Z,ANA,2026-07-30T22:22:16.000Z
211,87150000,139.00,1.390,2026-07-25T02:45:00.000Z,ANA,2026-07-30T22:22:13.000Z
901,87165001,207.00,2.070,2026-07-25T02:45:00.000Z,ANA,2026-07-30T22:22:13.000Z
1631,87163000,331.00,3.310,2026-07-25T02:45:00.000Z,ANA,2026-07-30T22:22:13.000Z
2376,87170000,695.00,6.950,2026-07-25T02:45:00.000Z,ANA,2026-07-30T22:22:14.000Z
3124,87270000,547.00,5.470,2026-07-25T02:45:00.000Z,ANA,2026-07-30T22:22:15.000Z
3872,87168590,465.00,4.650,2026-07-25T02:45:00.000Z,ANA,2026-07-30T22:22:16.000Z
210,87150000,139.00,1.390,2026-07-25T02:30:00.000Z,ANA,2026-07-30T22:22:13.000Z
900,87165001,207.00,2.070,2026-07-25T02:30:00.000Z,ANA,2026-07-30T22:22:13.000Z
1630,87163000,331.00,3.310,2026-07-25T02:30:00.000Z,ANA,2026-07-30T22:22:13.000Z
2375,87170000,697.00,6.970,2026-07-25T02:30:00.000Z,ANA,2026-07-30T22:22:14.000Z
3123,87270000,548.00,5.480,2026-07-25T02:30:00.000Z,ANA,2026-07-30T22:22:15.000Z
3871,87168590,468.00,4.680,2026-07-25T02:30:00.000Z,ANA,2026-07-30T22:22:16.000Z
209,87150000,139.00,1.390,2026-07-25T02:15:00.000Z,ANA,2026-07-30T22:22:13.000Z
899,87165001,207.00,2.070,2026-07-25T02:15:00.000Z,ANA,2026-07-30T22:22:13.000Z
1629,87163000,331.00,3.310,2026-07-25T02:15:00.000Z,ANA,2026-07-30T22:22:13.000Z
2374,87170000,698.00,6.980,2026-07-25T02:15:00.000Z,ANA,2026-07-30T22:22:14.000Z
3122,87270000,549.00,5.490,2026-07-25T02:15:00.000Z,ANA,2026-07-30T22:22:15.000Z
3870,87168590,467.00,4.670,2026-07-25T02:15:00.000Z,ANA,2026-07-30T22:22:16.000Z
208,87150000,139.00,1.390,2026-07-25T02:00:00.000Z,ANA,2026-07-30T22:22:13.000Z
898,87165001,207.00,2.070,2026-07-25T02:00:00.000Z,ANA,2026-07-30T22:22:13.000Z
1628,87163000,332.00,3.320,2026-07-25T02:00:00.000Z,ANA,2026-07-30T22:22:13.000Z
2373,87170000,700.00,7.000,2026-07-25T02:00:00.000Z,ANA,2026-07-30T22:22:14.000Z
3121,87270000,551.00,5.510,2026-07-25T02:00:00.000Z,ANA,2026-07-30T22:22:15.000Z
3869,87168590,469.00,4.690,2026-07-25T02:00:00.000Z,ANA,2026-07-30T22:22:16.000Z
207,87150000,139.00,1.390,2026-07-25T01:45:00.000Z,ANA,2026-07-30T22:22:13.000Z
1627,87163000,332.00,3.320,2026-07-25T01:45:00.000Z,ANA,2026-07-30T22:22:13.000Z
2372,87170000,702.00,7.020,2026-07-25T01:45:00.000Z,ANA,2026-07-30T22:22:14.000Z
3120,87270000,552.00,5.520,2026-07-25T01:45:00.000Z,ANA,2026-07-30T22:22:15.000Z
3868,87168590,469.00,4.690,2026-07-25T01:45:00.000Z,ANA,2026-07-30T22:22:16.000Z
206,87150000,139.00,1.390,2026-07-25T01:30:00.000Z,ANA,2026-07-30T22:22:13.000Z
897,87165001,208.00,2.080,2026-07-25T01:30:00.000Z,ANA,2026-07-30T22:22:13.000Z
1626,87163000,332.00,3.320,2026-07-25T01:30:00.000Z,ANA,2026-07-30T22:22:13.000Z
2371,87170000,703.00,7.030,2026-07-25T01:30:00.000Z,ANA,2026-07-30T22:22:14.000Z
3119,87270000,553.00,5.530,2026-07-25T01:30:00.000Z,ANA,2026-07-30T22:22:15.000Z
3867,87168590,470.00,4.700,2026-07-25T01:30:00.000Z,ANA,2026-07-30T22:22:16.000Z
205,87150000,140.00,1.400,2026-07-25T01:15:00.000Z,ANA,2026-07-30T22:22:13.000Z
1625,87163000,333.00,3.330,2026-07-25T01:15:00.000Z,ANA,2026-07-30T22:22:13.000Z
2370,87170000,704.00,7.040,2026-07-25T01:15:00.000Z,ANA,2026-07-30T22:22:14.000Z
3118,87270000,554.00,5.540,2026-07-25T01:15:00.000Z,ANA,2026-07-30T22:22:15.000Z
3866,87168590,471.00,4.710,2026-07-25T01:15:00.000Z,ANA,2026-07-30T22:22:16.000Z
204,87150000,140.00,1.400,2026-07-25T01:00:00.000Z,ANA,2026-07-30T22:22:13.000Z
896,87165001,209.00,2.090,2026-07-25T01:00:00.000Z,ANA,2026-07-30T22:22:13.000Z
1624,87163000,333.00,3.330,2026-07-25T01:00:00.000Z,ANA,2026-07-30T22:22:13.000Z
2369,87170000,706.00,7.060,2026-07-25T01:00:00.000Z,ANA,2026-07-30T22:22:14.000Z
3117,87270000,556.00,5.560,2026-07-25T01:00:00.000Z,ANA,2026-07-30T22:22:15.000Z
3865,87168590,470.00,4.700,2026-07-25T01:00:00.000Z,ANA,2026-07-30T22:22:16.000Z
203,87150000,140.00,1.400,2026-07-25T00:45:00.000Z,ANA,2026-07-30T22:22:13.000Z
895,87165001,209.00,2.090,2026-07-25T00:45:00.000Z,ANA,2026-07-30T22:22:13.000Z
1623,87163000,333.00,3.330,2026-07-25T00:45:00.000Z,ANA,2026-07-30T22:22:13.000Z
2368,87170000,708.00,7.080,2026-07-25T00:45:00.000Z,ANA,2026-07-30T22:22:14.000Z
3116,87270000,556.00,5.560,2026-07-25T00:45:00.000Z,ANA,2026-07-30T22:22:15.000Z
3864,87168590,471.00,4.710,2026-07-25T00:45:00.000Z,ANA,2026-07-30T22:22:16.000Z
202,87150000,140.00,1.400,2026-07-25T00:30:00.000Z,ANA,2026-07-30T22:22:13.000Z
894,87165001,209.00,2.090,2026-07-25T00:30:00.000Z,ANA,2026-07-30T22:22:13.000Z
1622,87163000,334.00,3.340,2026-07-25T00:30:00.000Z,ANA,2026-07-30T22:22:13.000Z
2367,87170000,710.00,7.100,2026-07-25T00:30:00.000Z,ANA,2026-07-30T22:22:14.000Z
3115,87270000,558.00,5.580,2026-07-25T00:30:00.000Z,ANA,2026-07-30T22:22:15.000Z
3863,87168590,472.00,4.720,2026-07-25T00:30:00.000Z,ANA,2026-07-30T22:22:16.000Z
201,87150000,140.00,1.400,2026-07-25T00:15:00.000Z,ANA,2026-07-30T22:22:13.000Z
1621,87163000,334.00,3.340,2026-07-25T00:15:00.000Z,ANA,2026-07-30T22:22:13.000Z
2366,87170000,711.00,7.110,2026-07-25T00:15:00.000Z,ANA,2026-07-30T22:22:14.000Z
3114,87270000,559.00,5.590,2026-07-25T00:15:00.000Z,ANA,2026-07-30T22:22:15.000Z
3862,87168590,472.00,4.720,2026-07-25T00:15:00.000Z,ANA,2026-07-30T22:22:16.000Z
200,87150000,141.00,1.410,2026-07-25T00:00:00.000Z,ANA,2026-07-30T22:22:13.000Z
893,87165001,210.00,2.100,2026-07-25T00:00:00.000Z,ANA,2026-07-30T22:22:13.000Z
1620,87163000,334.00,3.340,2026-07-25T00:00:00.000Z,ANA,2026-07-30T22:22:13.000Z
2365,87170000,713.00,7.130,2026-07-25T00:00:00.000Z,ANA,2026-07-30T22:22:14.000Z
3113,87270000,560.00,5.600,2026-07-25T00:00:00.000Z,ANA,2026-07-30T22:22:15.000Z
3861,87168590,474.00,4.740,2026-07-25T00:00:00.000Z,ANA,2026-07-30T22:22:16.000Z
199,87150000,141.00,1.410,2026-07-24T23:45:00.000Z,ANA,2026-07-30T22:22:13.000Z
1619,87163000,334.00,3.340,2026-07-24T23:45:00.000Z,ANA,2026-07-30T22:22:13.000Z
2364,87170000,715.00,7.150,2026-07-24T23:45:00.000Z,ANA,2026-07-30T22:22:14.000Z
3112,87270000,561.00,5.610,2026-07-24T23:45:00.000Z,ANA,2026-07-30T22:22:15.000Z
3860,87168590,472.00,4.720,2026-07-24T23:45:00.000Z,ANA,2026-07-30T22:22:16.000Z
198,87150000,141.00,1.410,2026-07-24T23:30:00.000Z,ANA,2026-07-30T22:22:13.000Z
892,87165001,210.00,2.100,2026-07-24T23:30:00.000Z,ANA,2026-07-30T22:22:13.000Z
1618,87163000,335.00,3.350,2026-07-24T23:30:00.000Z,ANA,2026-07-30T22:22:13.000Z
2363,87170000,716.00,7.160,2026-07-24T23:30:00.000Z,ANA,2026-07-30T22:22:14.000Z
3111,87270000,563.00,5.630,2026-07-24T23:30:00.000Z,ANA,2026-07-30T22:22:15.000Z
3859,87168590,473.00,4.730,2026-07-24T23:30:00.000Z,ANA,2026-07-30T22:22:16.000Z
197,87150000,141.00,1.410,2026-07-24T23:15:00.000Z,ANA,2026-07-30T22:22:13.000Z
891,87165001,211.00,2.110,2026-07-24T23:15:00.000Z,ANA,2026-07-30T22:22:13.000Z
1617,87163000,335.00,3.350,2026-07-24T23:15:00.000Z,ANA,2026-07-30T22:22:13.000Z
2362,87170000,718.00,7.180,2026-07-24T23:15:00.000Z,ANA,2026-07-30T22:22:14.000Z
3110,87270000,564.00,5.640,2026-07-24T23:15:00.000Z,ANA,2026-07-30T22:22:15.000Z
3858,87168590,473.00,4.730,2026-07-24T23:15:00.000Z,ANA,2026-07-30T22:22:16.000Z
196,87150000,141.00,1.410,2026-07-24T23:00:00.000Z,ANA,2026-07-30T22:22:13.000Z
890,87165001,212.00,2.120,2026-07-24T23:00:00.000Z,ANA,2026-07-30T22:22:13.000Z
1616,87163000,335.00,3.350,2026-07-24T23:00:00.000Z,ANA,2026-07-30T22:22:13.000Z
2361,87170000,719.00,7.190,2026-07-24T23:00:00.000Z,ANA,2026-07-30T22:22:14.000Z
3109,87270000,565.00,5.650,2026-07-24T23:00:00.000Z,ANA,2026-07-30T22:22:15.000Z
3857,87168590,476.00,4.760,2026-07-24T23:00:00.000Z,ANA,2026-07-30T22:22:16.000Z
195,87150000,142.00,1.420,2026-07-24T22:45:00.000Z,ANA,2026-07-30T22:22:13.000Z
889,87165001,212.00,2.120,2026-07-24T22:45:00.000Z,ANA,2026-07-30T22:22:13.000Z
1615,87163000,336.00,3.360,2026-07-24T22:45:00.000Z,ANA,2026-07-30T22:22:13.000Z
2360,87170000,721.00,7.210,2026-07-24T22:45:00.000Z,ANA,2026-07-30T22:22:14.000Z
3108,87270000,566.00,5.660,2026-07-24T22:45:00.000Z,ANA,2026-07-30T22:22:15.000Z
3856,87168590,475.00,4.750,2026-07-24T22:45:00.000Z,ANA,2026-07-30T22:22:16.000Z
194,87150000,142.00,1.420,2026-07-24T22:30:00.000Z,ANA,2026-07-30T22:22:13.000Z
888,87165001,212.00,2.120,2026-07-24T22:30:00.000Z,ANA,2026-07-30T22:22:13.000Z
1614,87163000,336.00,3.360,2026-07-24T22:30:00.000Z,ANA,2026-07-30T22:22:13.000Z
2359,87170000,722.00,7.220,2026-07-24T22:30:00.000Z,ANA,2026-07-30T22:22:14.000Z
3107,87270000,567.00,5.670,2026-07-24T22:30:00.000Z,ANA,2026-07-30T22:22:15.000Z
3855,87168590,476.00,4.760,2026-07-24T22:30:00.000Z,ANA,2026-07-30T22:22:16.000Z
193,87150000,142.00,1.420,2026-07-24T22:15:00.000Z,ANA,2026-07-30T22:22:13.000Z
887,87165001,212.00,2.120,2026-07-24T22:15:00.000Z,ANA,2026-07-30T22:22:13.000Z
1613,87163000,336.00,3.360,2026-07-24T22:15:00.000Z,ANA,2026-07-30T22:22:13.000Z
2358,87170000,724.00,7.240,2026-07-24T22:15:00.000Z,ANA,2026-07-30T22:22:14.000Z
3106,87270000,568.00,5.680,2026-07-24T22:15:00.000Z,ANA,2026-07-30T22:22:15.000Z
3854,87168590,476.00,4.760,2026-07-24T22:15:00.000Z,ANA,2026-07-30T22:22:16.000Z
192,87150000,142.00,1.420,2026-07-24T22:00:00.000Z,ANA,2026-07-30T22:22:13.000Z
886,87165001,212.00,2.120,2026-07-24T22:00:00.000Z,ANA,2026-07-30T22:22:13.000Z
1612,87163000,337.00,3.370,2026-07-24T22:00:00.000Z,ANA,2026-07-30T22:22:13.000Z
2357,87170000,726.00,7.260,2026-07-24T22:00:00.000Z,ANA,2026-07-30T22:22:14.000Z
3105,87270000,570.00,5.700,2026-07-24T22:00:00.000Z,ANA,2026-07-30T22:22:15.000Z
3853,87168590,478.00,4.780,2026-07-24T22:00:00.000Z,ANA,2026-07-30T22:22:16.000Z
191,87150000,143.00,1.430,2026-07-24T21:45:00.000Z,ANA,2026-07-30T22:22:13.000Z
885,87165001,213.00,2.130,2026-07-24T21:45:00.000Z,ANA,2026-07-30T22:22:13.000Z
1611,87163000,337.00,3.370,2026-07-24T21:45:00.000Z,ANA,2026-07-30T22:22:13.000Z
2356,87170000,727.00,7.270,2026-07-24T21:45:00.000Z,ANA,2026-07-30T22:22:14.000Z
3104,87270000,571.00,5.710,2026-07-24T21:45:00.000Z,ANA,2026-07-30T22:22:15.000Z
3852,87168590,478.00,4.780,2026-07-24T21:45:00.000Z,ANA,2026-07-30T22:22:16.000Z
190,87150000,143.00,1.430,2026-07-24T21:30:00.000Z,ANA,2026-07-30T22:22:13.000Z
884,87165001,213.00,2.130,2026-07-24T21:30:00.000Z,ANA,2026-07-30T22:22:13.000Z
1610,87163000,337.00,3.370,2026-07-24T21:30:00.000Z,ANA,2026-07-30T22:22:13.000Z
2355,87170000,729.00,7.290,2026-07-24T21:30:00.000Z,ANA,2026-07-30T22:22:14.000Z
3103,87270000,572.00,5.720,2026-07-24T21:30:00.000Z,ANA,2026-07-30T22:22:15.000Z
3851,87168590,478.00,4.780,2026-07-24T21:30:00.000Z,ANA,2026-07-30T22:22:16.000Z
189,87150000,143.00,1.430,2026-07-24T21:15:00.000Z,ANA,2026-07-30T22:22:13.000Z
1609,87163000,337.00,3.370,2026-07-24T21:15:00.000Z,ANA,2026-07-30T22:22:13.000Z
2354,87170000,732.00,7.320,2026-07-24T21:15:00.000Z,ANA,2026-07-30T22:22:14.000Z
3102,87270000,575.00,5.750,2026-07-24T21:15:00.000Z,ANA,2026-07-30T22:22:15.000Z
3850,87168590,480.00,4.800,2026-07-24T21:15:00.000Z,ANA,2026-07-30T22:22:16.000Z
188,87150000,143.00,1.430,2026-07-24T21:00:00.000Z,ANA,2026-07-30T22:22:13.000Z
883,87165001,214.00,2.140,2026-07-24T21:00:00.000Z,ANA,2026-07-30T22:22:13.000Z
1608,87163000,338.00,3.380,2026-07-24T21:00:00.000Z,ANA,2026-07-30T22:22:13.000Z
2353,87170000,732.00,7.320,2026-07-24T21:00:00.000Z,ANA,2026-07-30T22:22:14.000Z
3101,87270000,575.00,5.750,2026-07-24T21:00:00.000Z,ANA,2026-07-30T22:22:15.000Z
3849,87168590,479.00,4.790,2026-07-24T21:00:00.000Z,ANA,2026-07-30T22:22:16.000Z
187,87150000,143.00,1.430,2026-07-24T20:45:00.000Z,ANA,2026-07-30T22:22:13.000Z
882,87165001,214.00,2.140,2026-07-24T20:45:00.000Z,ANA,2026-07-30T22:22:13.000Z
1607,87163000,338.00,3.380,2026-07-24T20:45:00.000Z,ANA,2026-07-30T22:22:13.000Z
2352,87170000,734.00,7.340,2026-07-24T20:45:00.000Z,ANA,2026-07-30T22:22:14.000Z
3100,87270000,576.00,5.760,2026-07-24T20:45:00.000Z,ANA,2026-07-30T22:22:15.000Z
3848,87168590,481.00,4.810,2026-07-24T20:45:00.000Z,ANA,2026-07-30T22:22:16.000Z
186,87150000,144.00,1.440,2026-07-24T20:30:00.000Z,ANA,2026-07-30T22:22:13.000Z
881,87165001,214.00,2.140,2026-07-24T20:30:00.000Z,ANA,2026-07-30T22:22:13.000Z
1606,87163000,338.00,3.380,2026-07-24T20:30:00.000Z,ANA,2026-07-30T22:22:13.000Z
2351,87170000,735.00,7.350,2026-07-24T20:30:00.000Z,ANA,2026-07-30T22:22:14.000Z
3099,87270000,576.00,5.760,2026-07-24T20:30:00.000Z,ANA,2026-07-30T22:22:15.000Z
3847,87168590,481.00,4.810,2026-07-24T20:30:00.000Z,ANA,2026-07-30T22:22:16.000Z
185,87150000,144.00,1.440,2026-07-24T20:15:00.000Z,ANA,2026-07-30T22:22:13.000Z
880,87165001,215.00,2.150,2026-07-24T20:15:00.000Z,ANA,2026-07-30T22:22:13.000Z
1605,87163000,339.00,3.390,2026-07-24T20:15:00.000Z,ANA,2026-07-30T22:22:13.000Z
2350,87170000,737.00,7.370,2026-07-24T20:15:00.000Z,ANA,2026-07-30T22:22:14.000Z
3098,87270000,578.00,5.780,2026-07-24T20:15:00.000Z,ANA,2026-07-30T22:22:15.000Z
3846,87168590,482.00,4.820,2026-07-24T20:15:00.000Z,ANA,2026-07-30T22:22:16.000Z
184,87150000,144.00,1.440,2026-07-24T20:00:00.000Z,ANA,2026-07-30T22:22:13.000Z
879,87165001,215.00,2.150,2026-07-24T20:00:00.000Z,ANA,2026-07-30T22:22:13.000Z
1604,87163000,339.00,3.390,2026-07-24T20:00:00.000Z,ANA,2026-07-30T22:22:13.000Z
2349,87170000,738.00,7.380,2026-07-24T20:00:00.000Z,ANA,2026-07-30T22:22:14.000Z
3097,87270000,579.00,5.790,2026-07-24T20:00:00.000Z,ANA,2026-07-30T22:22:15.000Z
3845,87168590,479.00,4.790,2026-07-24T20:00:00.000Z,ANA,2026-07-30T22:22:16.000Z
183,87150000,144.00,1.440,2026-07-24T19:45:00.000Z,ANA,2026-07-30T22:22:13.000Z
1603,87163000,339.00,3.390,2026-07-24T19:45:00.000Z,ANA,2026-07-30T22:22:13.000Z
2348,87170000,741.00,7.410,2026-07-24T19:45:00.000Z,ANA,2026-07-30T22:22:14.000Z
3096,87270000,581.00,5.810,2026-07-24T19:45:00.000Z,ANA,2026-07-30T22:22:15.000Z
3844,87168590,483.00,4.830,2026-07-24T19:45:00.000Z,ANA,2026-07-30T22:22:16.000Z
182,87150000,145.00,1.450,2026-07-24T19:30:00.000Z,ANA,2026-07-30T22:22:13.000Z
1602,87163000,340.00,3.400,2026-07-24T19:30:00.000Z,ANA,2026-07-30T22:22:13.000Z
2347,87170000,742.00,7.420,2026-07-24T19:30:00.000Z,ANA,2026-07-30T22:22:14.000Z
3095,87270000,581.00,5.810,2026-07-24T19:30:00.000Z,ANA,2026-07-30T22:22:15.000Z
3843,87168590,483.00,4.830,2026-07-24T19:30:00.000Z,ANA,2026-07-30T22:22:16.000Z
181,87150000,145.00,1.450,2026-07-24T19:15:00.000Z,ANA,2026-07-30T22:22:13.000Z
878,87165001,216.00,2.160,2026-07-24T19:15:00.000Z,ANA,2026-07-30T22:22:13.000Z
1601,87163000,340.00,3.400,2026-07-24T19:15:00.000Z,ANA,2026-07-30T22:22:13.000Z
2346,87170000,744.00,7.440,2026-07-24T19:15:00.000Z,ANA,2026-07-30T22:22:14.000Z
3094,87270000,582.00,5.820,2026-07-24T19:15:00.000Z,ANA,2026-07-30T22:22:15.000Z
3842,87168590,483.00,4.830,2026-07-24T19:15:00.000Z,ANA,2026-07-30T22:22:16.000Z
180,87150000,145.00,1.450,2026-07-24T19:00:00.000Z,ANA,2026-07-30T22:22:13.000Z
877,87165001,217.00,2.170,2026-07-24T19:00:00.000Z,ANA,2026-07-30T22:22:13.000Z
1600,87163000,340.00,3.400,2026-07-24T19:00:00.000Z,ANA,2026-07-30T22:22:13.000Z
2345,87170000,746.00,7.460,2026-07-24T19:00:00.000Z,ANA,2026-07-30T22:22:14.000Z
3093,87270000,584.00,5.840,2026-07-24T19:00:00.000Z,ANA,2026-07-30T22:22:15.000Z
3841,87168590,483.00,4.830,2026-07-24T19:00:00.000Z,ANA,2026-07-30T22:22:16.000Z
179,87150000,145.00,1.450,2026-07-24T18:45:00.000Z,ANA,2026-07-30T22:22:13.000Z
876,87165001,217.00,2.170,2026-07-24T18:45:00.000Z,ANA,2026-07-30T22:22:13.000Z
1599,87163000,341.00,3.410,2026-07-24T18:45:00.000Z,ANA,2026-07-30T22:22:13.000Z
2344,87170000,748.00,7.480,2026-07-24T18:45:00.000Z,ANA,2026-07-30T22:22:14.000Z
3092,87270000,585.00,5.850,2026-07-24T18:45:00.000Z,ANA,2026-07-30T22:22:15.000Z
3840,87168590,485.00,4.850,2026-07-24T18:45:00.000Z,ANA,2026-07-30T22:22:16.000Z
178,87150000,146.00,1.460,2026-07-24T18:30:00.000Z,ANA,2026-07-30T22:22:13.000Z
1598,87163000,341.00,3.410,2026-07-24T18:30:00.000Z,ANA,2026-07-30T22:22:13.000Z
2343,87170000,749.00,7.490,2026-07-24T18:30:00.000Z,ANA,2026-07-30T22:22:14.000Z
3091,87270000,586.00,5.860,2026-07-24T18:30:00.000Z,ANA,2026-07-30T22:22:15.000Z
3839,87168590,485.00,4.850,2026-07-24T18:30:00.000Z,ANA,2026-07-30T22:22:16.000Z
177,87150000,146.00,1.460,2026-07-24T18:15:00.000Z,ANA,2026-07-30T22:22:13.000Z
875,87165001,218.00,2.180,2026-07-24T18:15:00.000Z,ANA,2026-07-30T22:22:13.000Z
1597,87163000,341.00,3.410,2026-07-24T18:15:00.000Z,ANA,2026-07-30T22:22:13.000Z
2342,87170000,750.00,7.500,2026-07-24T18:15:00.000Z,ANA,2026-07-30T22:22:14.000Z
3090,87270000,587.00,5.870,2026-07-24T18:15:00.000Z,ANA,2026-07-30T22:22:15.000Z
3838,87168590,485.00,4.850,2026-07-24T18:15:00.000Z,ANA,2026-07-30T22:22:16.000Z
176,87150000,146.00,1.460,2026-07-24T18:00:00.000Z,ANA,2026-07-30T22:22:13.000Z
874,87165001,218.00,2.180,2026-07-24T18:00:00.000Z,ANA,2026-07-30T22:22:13.000Z
1596,87163000,342.00,3.420,2026-07-24T18:00:00.000Z,ANA,2026-07-30T22:22:13.000Z
2341,87170000,753.00,7.530,2026-07-24T18:00:00.000Z,ANA,2026-07-30T22:22:14.000Z
3089,87270000,589.00,5.890,2026-07-24T18:00:00.000Z,ANA,2026-07-30T22:22:15.000Z
3837,87168590,485.00,4.850,2026-07-24T18:00:00.000Z,ANA,2026-07-30T22:22:16.000Z
175,87150000,147.00,1.470,2026-07-24T17:45:00.000Z,ANA,2026-07-30T22:22:13.000Z
873,87165001,219.00,2.190,2026-07-24T17:45:00.000Z,ANA,2026-07-30T22:22:13.000Z
1595,87163000,342.00,3.420,2026-07-24T17:45:00.000Z,ANA,2026-07-30T22:22:13.000Z
2340,87170000,754.00,7.540,2026-07-24T17:45:00.000Z,ANA,2026-07-30T22:22:14.000Z
3088,87270000,590.00,5.900,2026-07-24T17:45:00.000Z,ANA,2026-07-30T22:22:15.000Z
3836,87168590,487.00,4.870,2026-07-24T17:45:00.000Z,ANA,2026-07-30T22:22:16.000Z
174,87150000,147.00,1.470,2026-07-24T17:30:00.000Z,ANA,2026-07-30T22:22:13.000Z
872,87165001,219.00,2.190,2026-07-24T17:30:00.000Z,ANA,2026-07-30T22:22:13.000Z
1594,87163000,342.00,3.420,2026-07-24T17:30:00.000Z,ANA,2026-07-30T22:22:13.000Z
2339,87170000,756.00,7.560,2026-07-24T17:30:00.000Z,ANA,2026-07-30T22:22:14.000Z
3087,87270000,591.00,5.910,2026-07-24T17:30:00.000Z,ANA,2026-07-30T22:22:15.000Z
3835,87168590,488.00,4.880,2026-07-24T17:30:00.000Z,ANA,2026-07-30T22:22:16.000Z
173,87150000,147.00,1.470,2026-07-24T17:15:00.000Z,ANA,2026-07-30T22:22:13.000Z
871,87165001,219.00,2.190,2026-07-24T17:15:00.000Z,ANA,2026-07-30T22:22:13.000Z
1593,87163000,343.00,3.430,2026-07-24T17:15:00.000Z,ANA,2026-07-30T22:22:13.000Z
2338,87170000,758.00,7.580,2026-07-24T17:15:00.000Z,ANA,2026-07-30T22:22:14.000Z
3086,87270000,592.00,5.920,2026-07-24T17:15:00.000Z,ANA,2026-07-30T22:22:15.000Z
3834,87168590,488.00,4.880,2026-07-24T17:15:00.000Z,ANA,2026-07-30T22:22:16.000Z
172,87150000,147.00,1.470,2026-07-24T17:00:00.000Z,ANA,2026-07-30T22:22:13.000Z
870,87165001,220.00,2.200,2026-07-24T17:00:00.000Z,ANA,2026-07-30T22:22:13.000Z
1592,87163000,343.00,3.430,2026-07-24T17:00:00.000Z,ANA,2026-07-30T22:22:13.000Z
2337,87170000,759.00,7.590,2026-07-24T17:00:00.000Z,ANA,2026-07-30T22:22:14.000Z
3085,87270000,593.00,5.930,2026-07-24T17:00:00.000Z,ANA,2026-07-30T22:22:15.000Z
3833,87168590,489.00,4.890,2026-07-24T17:00:00.000Z,ANA,2026-07-30T22:22:16.000Z
171,87150000,148.00,1.480,2026-07-24T16:45:00.000Z,ANA,2026-07-30T22:22:13.000Z
1591,87163000,344.00,3.440,2026-07-24T16:45:00.000Z,ANA,2026-07-30T22:22:13.000Z
2336,87170000,761.00,7.610,2026-07-24T16:45:00.000Z,ANA,2026-07-30T22:22:14.000Z
3084,87270000,595.00,5.950,2026-07-24T16:45:00.000Z,ANA,2026-07-30T22:22:15.000Z
3832,87168590,489.00,4.890,2026-07-24T16:45:00.000Z,ANA,2026-07-30T22:22:16.000Z
170,87150000,148.00,1.480,2026-07-24T16:30:00.000Z,ANA,2026-07-30T22:22:13.000Z
869,87165001,220.00,2.200,2026-07-24T16:30:00.000Z,ANA,2026-07-30T22:22:13.000Z
1590,87163000,344.00,3.440,2026-07-24T16:30:00.000Z,ANA,2026-07-30T22:22:13.000Z
2335,87170000,763.00,7.630,2026-07-24T16:30:00.000Z,ANA,2026-07-30T22:22:14.000Z
3083,87270000,595.00,5.950,2026-07-24T16:30:00.000Z,ANA,2026-07-30T22:22:15.000Z
3831,87168590,489.00,4.890,2026-07-24T16:30:00.000Z,ANA,2026-07-30T22:22:16.000Z
169,87150000,148.00,1.480,2026-07-24T16:15:00.000Z,ANA,2026-07-30T22:22:13.000Z
868,87165001,221.00,2.210,2026-07-24T16:15:00.000Z,ANA,2026-07-30T22:22:13.000Z
1589,87163000,344.00,3.440,2026-07-24T16:15:00.000Z,ANA,2026-07-30T22:22:13.000Z
2334,87170000,764.00,7.640,2026-07-24T16:15:00.000Z,ANA,2026-07-30T22:22:14.000Z
3082,87270000,597.00,5.970,2026-07-24T16:15:00.000Z,ANA,2026-07-30T22:22:15.000Z
3830,87168590,490.00,4.900,2026-07-24T16:15:00.000Z,ANA,2026-07-30T22:22:16.000Z
168,87150000,148.00,1.480,2026-07-24T16:00:00.000Z,ANA,2026-07-30T22:22:13.000Z
1588,87163000,344.00,3.440,2026-07-24T16:00:00.000Z,ANA,2026-07-30T22:22:13.000Z
2333,87170000,765.00,7.650,2026-07-24T16:00:00.000Z,ANA,2026-07-30T22:22:14.000Z
3081,87270000,598.00,5.980,2026-07-24T16:00:00.000Z,ANA,2026-07-30T22:22:15.000Z
3829,87168590,492.00,4.920,2026-07-24T16:00:00.000Z,ANA,2026-07-30T22:22:16.000Z
167,87150000,149.00,1.490,2026-07-24T15:45:00.000Z,ANA,2026-07-30T22:22:13.000Z
867,87165001,221.00,2.210,2026-07-24T15:45:00.000Z,ANA,2026-07-30T22:22:13.000Z
1587,87163000,345.00,3.450,2026-07-24T15:45:00.000Z,ANA,2026-07-30T22:22:13.000Z
2332,87170000,767.00,7.670,2026-07-24T15:45:00.000Z,ANA,2026-07-30T22:22:14.000Z
3080,87270000,599.00,5.990,2026-07-24T15:45:00.000Z,ANA,2026-07-30T22:22:15.000Z
3828,87168590,492.00,4.920,2026-07-24T15:45:00.000Z,ANA,2026-07-30T22:22:16.000Z
166,87150000,149.00,1.490,2026-07-24T15:30:00.000Z,ANA,2026-07-30T22:22:13.000Z
866,87165001,221.00,2.210,2026-07-24T15:30:00.000Z,ANA,2026-07-30T22:22:13.000Z
1586,87163000,345.00,3.450,2026-07-24T15:30:00.000Z,ANA,2026-07-30T22:22:13.000Z
2331,87170000,769.00,7.690,2026-07-24T15:30:00.000Z,ANA,2026-07-30T22:22:14.000Z
3079,87270000,600.00,6.000,2026-07-24T15:30:00.000Z,ANA,2026-07-30T22:22:15.000Z
3827,87168590,492.00,4.920,2026-07-24T15:30:00.000Z,ANA,2026-07-30T22:22:16.000Z
165,87150000,149.00,1.490,2026-07-24T15:15:00.000Z,ANA,2026-07-30T22:22:13.000Z
1585,87163000,345.00,3.450,2026-07-24T15:15:00.000Z,ANA,2026-07-30T22:22:13.000Z
2330,87170000,770.00,7.700,2026-07-24T15:15:00.000Z,ANA,2026-07-30T22:22:14.000Z
3078,87270000,601.00,6.010,2026-07-24T15:15:00.000Z,ANA,2026-07-30T22:22:15.000Z
3826,87168590,493.00,4.930,2026-07-24T15:15:00.000Z,ANA,2026-07-30T22:22:16.000Z
164,87150000,149.00,1.490,2026-07-24T15:00:00.000Z,ANA,2026-07-30T22:22:13.000Z
865,87165001,223.00,2.230,2026-07-24T15:00:00.000Z,ANA,2026-07-30T22:22:13.000Z
1584,87163000,346.00,3.460,2026-07-24T15:00:00.000Z,ANA,2026-07-30T22:22:13.000Z
2329,87170000,772.00,7.720,2026-07-24T15:00:00.000Z,ANA,2026-07-30T22:22:14.000Z
3077,87270000,602.00,6.020,2026-07-24T15:00:00.000Z,ANA,2026-07-30T22:22:15.000Z
3825,87168590,495.00,4.950,2026-07-24T15:00:00.000Z,ANA,2026-07-30T22:22:16.000Z
163,87150000,150.00,1.500,2026-07-24T14:45:00.000Z,ANA,2026-07-30T22:22:13.000Z
864,87165001,223.00,2.230,2026-07-24T14:45:00.000Z,ANA,2026-07-30T22:22:13.000Z
1583,87163000,346.00,3.460,2026-07-24T14:45:00.000Z,ANA,2026-07-30T22:22:13.000Z
2328,87170000,774.00,7.740,2026-07-24T14:45:00.000Z,ANA,2026-07-30T22:22:14.000Z
3076,87270000,604.00,6.040,2026-07-24T14:45:00.000Z,ANA,2026-07-30T22:22:15.000Z
3824,87168590,495.00,4.950,2026-07-24T14:45:00.000Z,ANA,2026-07-30T22:22:16.000Z
162,87150000,150.00,1.500,2026-07-24T14:30:00.000Z,ANA,2026-07-30T22:22:13.000Z
863,87165001,224.00,2.240,2026-07-24T14:30:00.000Z,ANA,2026-07-30T22:22:13.000Z
1582,87163000,347.00,3.470,2026-07-24T14:30:00.000Z,ANA,2026-07-30T22:22:13.000Z
2327,87170000,775.00,7.750,2026-07-24T14:30:00.000Z,ANA,2026-07-30T22:22:14.000Z
3075,87270000,604.00,6.040,2026-07-24T14:30:00.000Z,ANA,2026-07-30T22:22:15.000Z
3823,87168590,496.00,4.960,2026-07-24T14:30:00.000Z,ANA,2026-07-30T22:22:16.000Z
161,87150000,150.00,1.500,2026-07-24T14:15:00.000Z,ANA,2026-07-30T22:22:13.000Z
862,87165001,224.00,2.240,2026-07-24T14:15:00.000Z,ANA,2026-07-30T22:22:13.000Z
1581,87163000,347.00,3.470,2026-07-24T14:15:00.000Z,ANA,2026-07-30T22:22:13.000Z
2326,87170000,777.00,7.770,2026-07-24T14:15:00.000Z,ANA,2026-07-30T22:22:14.000Z
3074,87270000,605.00,6.050,2026-07-24T14:15:00.000Z,ANA,2026-07-30T22:22:15.000Z
3822,87168590,497.00,4.970,2026-07-24T14:15:00.000Z,ANA,2026-07-30T22:22:16.000Z
160,87150000,150.00,1.500,2026-07-24T14:00:00.000Z,ANA,2026-07-30T22:22:13.000Z
861,87165001,224.00,2.240,2026-07-24T14:00:00.000Z,ANA,2026-07-30T22:22:13.000Z
1580,87163000,347.00,3.470,2026-07-24T14:00:00.000Z,ANA,2026-07-30T22:22:13.000Z
2325,87170000,779.00,7.790,2026-07-24T14:00:00.000Z,ANA,2026-07-30T22:22:14.000Z
3073,87270000,607.00,6.070,2026-07-24T14:00:00.000Z,ANA,2026-07-30T22:22:15.000Z
3821,87168590,497.00,4.970,2026-07-24T14:00:00.000Z,ANA,2026-07-30T22:22:16.000Z
159,87150000,150.00,1.500,2026-07-24T13:45:00.000Z,ANA,2026-07-30T22:22:13.000Z
860,87165001,224.00,2.240,2026-07-24T13:45:00.000Z,ANA,2026-07-30T22:22:13.000Z
1579,87163000,347.00,3.470,2026-07-24T13:45:00.000Z,ANA,2026-07-30T22:22:13.000Z
2324,87170000,781.00,7.810,2026-07-24T13:45:00.000Z,ANA,2026-07-30T22:22:14.000Z
3072,87270000,608.00,6.080,2026-07-24T13:45:00.000Z,ANA,2026-07-30T22:22:15.000Z
3820,87168590,498.00,4.980,2026-07-24T13:45:00.000Z,ANA,2026-07-30T22:22:16.000Z
158,87150000,151.00,1.510,2026-07-24T13:30:00.000Z,ANA,2026-07-30T22:22:13.000Z
859,87165001,225.00,2.250,2026-07-24T13:30:00.000Z,ANA,2026-07-30T22:22:13.000Z
1578,87163000,348.00,3.480,2026-07-24T13:30:00.000Z,ANA,2026-07-30T22:22:13.000Z
2323,87170000,782.00,7.820,2026-07-24T13:30:00.000Z,ANA,2026-07-30T22:22:14.000Z
3071,87270000,609.00,6.090,2026-07-24T13:30:00.000Z,ANA,2026-07-30T22:22:15.000Z
3819,87168590,499.00,4.990,2026-07-24T13:30:00.000Z,ANA,2026-07-30T22:22:16.000Z
157,87150000,151.00,1.510,2026-07-24T13:15:00.000Z,ANA,2026-07-30T22:22:13.000Z
858,87165001,225.00,2.250,2026-07-24T13:15:00.000Z,ANA,2026-07-30T22:22:13.000Z
1577,87163000,348.00,3.480,2026-07-24T13:15:00.000Z,ANA,2026-07-30T22:22:13.000Z
2322,87170000,784.00,7.840,2026-07-24T13:15:00.000Z,ANA,2026-07-30T22:22:14.000Z
3070,87270000,610.00,6.100,2026-07-24T13:15:00.000Z,ANA,2026-07-30T22:22:15.000Z
3818,87168590,499.00,4.990,2026-07-24T13:15:00.000Z,ANA,2026-07-30T22:22:16.000Z
156,87150000,151.00,1.510,2026-07-24T13:00:00.000Z,ANA,2026-07-30T22:22:13.000Z
857,87165001,226.00,2.260,2026-07-24T13:00:00.000Z,ANA,2026-07-30T22:22:13.000Z
1576,87163000,349.00,3.490,2026-07-24T13:00:00.000Z,ANA,2026-07-30T22:22:13.000Z
2321,87170000,785.00,7.850,2026-07-24T13:00:00.000Z,ANA,2026-07-30T22:22:14.000Z
3069,87270000,611.00,6.110,2026-07-24T13:00:00.000Z,ANA,2026-07-30T22:22:15.000Z
3817,87168590,500.00,5.000,2026-07-24T13:00:00.000Z,ANA,2026-07-30T22:22:16.000Z
155,87150000,152.00,1.520,2026-07-24T12:45:00.000Z,ANA,2026-07-30T22:22:13.000Z
1575,87163000,349.00,3.490,2026-07-24T12:45:00.000Z,ANA,2026-07-30T22:22:13.000Z
2320,87170000,787.00,7.870,2026-07-24T12:45:00.000Z,ANA,2026-07-30T22:22:14.000Z
3068,87270000,612.00,6.120,2026-07-24T12:45:00.000Z,ANA,2026-07-30T22:22:15.000Z
3816,87168590,500.00,5.000,2026-07-24T12:45:00.000Z,ANA,2026-07-30T22:22:16.000Z
154,87150000,152.00,1.520,2026-07-24T12:30:00.000Z,ANA,2026-07-30T22:22:13.000Z
856,87165001,227.00,2.270,2026-07-24T12:30:00.000Z,ANA,2026-07-30T22:22:13.000Z
1574,87163000,349.00,3.490,2026-07-24T12:30:00.000Z,ANA,2026-07-30T22:22:13.000Z
2319,87170000,789.00,7.890,2026-07-24T12:30:00.000Z,ANA,2026-07-30T22:22:14.000Z
3067,87270000,613.00,6.130,2026-07-24T12:30:00.000Z,ANA,2026-07-30T22:22:15.000Z
3815,87168590,502.00,5.020,2026-07-24T12:30:00.000Z,ANA,2026-07-30T22:22:16.000Z
153,87150000,152.00,1.520,2026-07-24T12:15:00.000Z,ANA,2026-07-30T22:22:13.000Z
855,87165001,227.00,2.270,2026-07-24T12:15:00.000Z,ANA,2026-07-30T22:22:13.000Z
1573,87163000,350.00,3.500,2026-07-24T12:15:00.000Z,ANA,2026-07-30T22:22:13.000Z
2318,87170000,790.00,7.900,2026-07-24T12:15:00.000Z,ANA,2026-07-30T22:22:14.000Z
3066,87270000,614.00,6.140,2026-07-24T12:15:00.000Z,ANA,2026-07-30T22:22:15.000Z
3814,87168590,503.00,5.030,2026-07-24T12:15:00.000Z,ANA,2026-07-30T22:22:16.000Z
152,87150000,152.00,1.520,2026-07-24T12:00:00.000Z,ANA,2026-07-30T22:22:13.000Z
854,87165001,227.00,2.270,2026-07-24T12:00:00.000Z,ANA,2026-07-30T22:22:13.000Z
1572,87163000,350.00,3.500,2026-07-24T12:00:00.000Z,ANA,2026-07-30T22:22:13.000Z
2317,87170000,792.00,7.920,2026-07-24T12:00:00.000Z,ANA,2026-07-30T22:22:14.000Z
3065,87270000,614.00,6.140,2026-07-24T12:00:00.000Z,ANA,2026-07-30T22:22:15.000Z
3813,87168590,502.00,5.020,2026-07-24T12:00:00.000Z,ANA,2026-07-30T22:22:16.000Z
151,87150000,152.00,1.520,2026-07-24T11:45:00.000Z,ANA,2026-07-30T22:22:13.000Z
853,87165001,229.00,2.290,2026-07-24T11:45:00.000Z,ANA,2026-07-30T22:22:13.000Z
1571,87163000,351.00,3.510,2026-07-24T11:45:00.000Z,ANA,2026-07-30T22:22:13.000Z
2316,87170000,794.00,7.940,2026-07-24T11:45:00.000Z,ANA,2026-07-30T22:22:14.000Z
3064,87270000,616.00,6.160,2026-07-24T11:45:00.000Z,ANA,2026-07-30T22:22:15.000Z
3812,87168590,503.00,5.030,2026-07-24T11:45:00.000Z,ANA,2026-07-30T22:22:16.000Z
150,87150000,153.00,1.530,2026-07-24T11:30:00.000Z,ANA,2026-07-30T22:22:13.000Z
1570,87163000,351.00,3.510,2026-07-24T11:30:00.000Z,ANA,2026-07-30T22:22:13.000Z
2315,87170000,796.00,7.960,2026-07-24T11:30:00.000Z,ANA,2026-07-30T22:22:14.000Z
3063,87270000,617.00,6.170,2026-07-24T11:30:00.000Z,ANA,2026-07-30T22:22:15.000Z
3811,87168590,505.00,5.050,2026-07-24T11:30:00.000Z,ANA,2026-07-30T22:22:16.000Z
149,87150000,153.00,1.530,2026-07-24T11:15:00.000Z,ANA,2026-07-30T22:22:13.000Z
852,87165001,229.00,2.290,2026-07-24T11:15:00.000Z,ANA,2026-07-30T22:22:13.000Z
1569,87163000,352.00,3.520,2026-07-24T11:15:00.000Z,ANA,2026-07-30T22:22:13.000Z
2314,87170000,797.00,7.970,2026-07-24T11:15:00.000Z,ANA,2026-07-30T22:22:14.000Z
3062,87270000,618.00,6.180,2026-07-24T11:15:00.000Z,ANA,2026-07-30T22:22:15.000Z
3810,87168590,505.00,5.050,2026-07-24T11:15:00.000Z,ANA,2026-07-30T22:22:16.000Z
148,87150000,153.00,1.530,2026-07-24T11:00:00.000Z,ANA,2026-07-30T22:22:13.000Z
851,87165001,230.00,2.300,2026-07-24T11:00:00.000Z,ANA,2026-07-30T22:22:13.000Z
1568,87163000,352.00,3.520,2026-07-24T11:00:00.000Z,ANA,2026-07-30T22:22:13.000Z
2313,87170000,799.00,7.990,2026-07-24T11:00:00.000Z,ANA,2026-07-30T22:22:14.000Z
3061,87270000,620.00,6.200,2026-07-24T11:00:00.000Z,ANA,2026-07-30T22:22:15.000Z
3809,87168590,506.00,5.060,2026-07-24T11:00:00.000Z,ANA,2026-07-30T22:22:16.000Z
147,87150000,153.00,1.530,2026-07-24T10:45:00.000Z,ANA,2026-07-30T22:22:13.000Z
850,87165001,229.00,2.290,2026-07-24T10:45:00.000Z,ANA,2026-07-30T22:22:13.000Z
1567,87163000,352.00,3.520,2026-07-24T10:45:00.000Z,ANA,2026-07-30T22:22:13.000Z
2312,87170000,800.00,8.000,2026-07-24T10:45:00.000Z,ANA,2026-07-30T22:22:14.000Z
3060,87270000,620.00,6.200,2026-07-24T10:45:00.000Z,ANA,2026-07-30T22:22:15.000Z
3808,87168590,506.00,5.060,2026-07-24T10:45:00.000Z,ANA,2026-07-30T22:22:16.000Z
146,87150000,154.00,1.540,2026-07-24T10:30:00.000Z,ANA,2026-07-30T22:22:13.000Z
849,87165001,230.00,2.300,2026-07-24T10:30:00.000Z,ANA,2026-07-30T22:22:13.000Z
1566,87163000,353.00,3.530,2026-07-24T10:30:00.000Z,ANA,2026-07-30T22:22:13.000Z
2311,87170000,802.00,8.020,2026-07-24T10:30:00.000Z,ANA,2026-07-30T22:22:14.000Z
3059,87270000,621.00,6.210,2026-07-24T10:30:00.000Z,ANA,2026-07-30T22:22:15.000Z
3807,87168590,507.00,5.070,2026-07-24T10:30:00.000Z,ANA,2026-07-30T22:22:16.000Z
145,87150000,154.00,1.540,2026-07-24T10:15:00.000Z,ANA,2026-07-30T22:22:13.000Z
848,87165001,231.00,2.310,2026-07-24T10:15:00.000Z,ANA,2026-07-30T22:22:13.000Z
1565,87163000,353.00,3.530,2026-07-24T10:15:00.000Z,ANA,2026-07-30T22:22:13.000Z
2310,87170000,804.00,8.040,2026-07-24T10:15:00.000Z,ANA,2026-07-30T22:22:14.000Z
3058,87270000,623.00,6.230,2026-07-24T10:15:00.000Z,ANA,2026-07-30T22:22:15.000Z
3806,87168590,508.00,5.080,2026-07-24T10:15:00.000Z,ANA,2026-07-30T22:22:16.000Z
144,87150000,154.00,1.540,2026-07-24T10:00:00.000Z,ANA,2026-07-30T22:22:13.000Z
847,87165001,231.00,2.310,2026-07-24T10:00:00.000Z,ANA,2026-07-30T22:22:13.000Z
1564,87163000,354.00,3.540,2026-07-24T10:00:00.000Z,ANA,2026-07-30T22:22:13.000Z
2309,87170000,806.00,8.060,2026-07-24T10:00:00.000Z,ANA,2026-07-30T22:22:14.000Z
3057,87270000,624.00,6.240,2026-07-24T10:00:00.000Z,ANA,2026-07-30T22:22:15.000Z
3805,87168590,509.00,5.090,2026-07-24T10:00:00.000Z,ANA,2026-07-30T22:22:16.000Z
143,87150000,155.00,1.550,2026-07-24T09:45:00.000Z,ANA,2026-07-30T22:22:13.000Z
846,87165001,232.00,2.320,2026-07-24T09:45:00.000Z,ANA,2026-07-30T22:22:13.000Z
1563,87163000,354.00,3.540,2026-07-24T09:45:00.000Z,ANA,2026-07-30T22:22:13.000Z
2308,87170000,807.00,8.070,2026-07-24T09:45:00.000Z,ANA,2026-07-30T22:22:14.000Z
3056,87270000,624.00,6.240,2026-07-24T09:45:00.000Z,ANA,2026-07-30T22:22:15.000Z
3804,87168590,510.00,5.100,2026-07-24T09:45:00.000Z,ANA,2026-07-30T22:22:16.000Z
142,87150000,155.00,1.550,2026-07-24T09:30:00.000Z,ANA,2026-07-30T22:22:13.000Z
845,87165001,232.00,2.320,2026-07-24T09:30:00.000Z,ANA,2026-07-30T22:22:13.000Z
1562,87163000,354.00,3.540,2026-07-24T09:30:00.000Z,ANA,2026-07-30T22:22:13.000Z
2307,87170000,809.00,8.090,2026-07-24T09:30:00.000Z,ANA,2026-07-30T22:22:14.000Z
3055,87270000,626.00,6.260,2026-07-24T09:30:00.000Z,ANA,2026-07-30T22:22:15.000Z
3803,87168590,510.00,5.100,2026-07-24T09:30:00.000Z,ANA,2026-07-30T22:22:16.000Z
141,87150000,155.00,1.550,2026-07-24T09:15:00.000Z,ANA,2026-07-30T22:22:13.000Z
844,87165001,232.00,2.320,2026-07-24T09:15:00.000Z,ANA,2026-07-30T22:22:13.000Z
1561,87163000,355.00,3.550,2026-07-24T09:15:00.000Z,ANA,2026-07-30T22:22:13.000Z
2306,87170000,811.00,8.110,2026-07-24T09:15:00.000Z,ANA,2026-07-30T22:22:14.000Z
3054,87270000,627.00,6.270,2026-07-24T09:15:00.000Z,ANA,2026-07-30T22:22:15.000Z
3802,87168590,511.00,5.110,2026-07-24T09:15:00.000Z,ANA,2026-07-30T22:22:16.000Z
140,87150000,156.00,1.560,2026-07-24T09:00:00.000Z,ANA,2026-07-30T22:22:13.000Z
1560,87163000,355.00,3.550,2026-07-24T09:00:00.000Z,ANA,2026-07-30T22:22:13.000Z
2305,87170000,812.00,8.120,2026-07-24T09:00:00.000Z,ANA,2026-07-30T22:22:14.000Z
3053,87270000,628.00,6.280,2026-07-24T09:00:00.000Z,ANA,2026-07-30T22:22:15.000Z
3801,87168590,511.00,5.110,2026-07-24T09:00:00.000Z,ANA,2026-07-30T22:22:16.000Z
139,87150000,156.00,1.560,2026-07-24T08:45:00.000Z,ANA,2026-07-30T22:22:13.000Z
843,87165001,233.00,2.330,2026-07-24T08:45:00.000Z,ANA,2026-07-30T22:22:13.000Z
1559,87163000,356.00,3.560,2026-07-24T08:45:00.000Z,ANA,2026-07-30T22:22:13.000Z
2304,87170000,814.00,8.140,2026-07-24T08:45:00.000Z,ANA,2026-07-30T22:22:14.000Z
3052,87270000,628.00,6.280,2026-07-24T08:45:00.000Z,ANA,2026-07-30T22:22:15.000Z
3800,87168590,511.00,5.110,2026-07-24T08:45:00.000Z,ANA,2026-07-30T22:22:16.000Z
138,87150000,156.00,1.560,2026-07-24T08:30:00.000Z,ANA,2026-07-30T22:22:13.000Z
842,87165001,234.00,2.340,2026-07-24T08:30:00.000Z,ANA,2026-07-30T22:22:13.000Z
1558,87163000,356.00,3.560,2026-07-24T08:30:00.000Z,ANA,2026-07-30T22:22:13.000Z
2303,87170000,816.00,8.160,2026-07-24T08:30:00.000Z,ANA,2026-07-30T22:22:14.000Z
3051,87270000,630.00,6.300,2026-07-24T08:30:00.000Z,ANA,2026-07-30T22:22:15.000Z
3799,87168590,512.00,5.120,2026-07-24T08:30:00.000Z,ANA,2026-07-30T22:22:16.000Z
137,87150000,157.00,1.570,2026-07-24T08:15:00.000Z,ANA,2026-07-30T22:22:13.000Z
841,87165001,234.00,2.340,2026-07-24T08:15:00.000Z,ANA,2026-07-30T22:22:13.000Z
1557,87163000,357.00,3.570,2026-07-24T08:15:00.000Z,ANA,2026-07-30T22:22:13.000Z
2302,87170000,817.00,8.170,2026-07-24T08:15:00.000Z,ANA,2026-07-30T22:22:14.000Z
3050,87270000,631.00,6.310,2026-07-24T08:15:00.000Z,ANA,2026-07-30T22:22:15.000Z
3798,87168590,514.00,5.140,2026-07-24T08:15:00.000Z,ANA,2026-07-30T22:22:16.000Z
136,87150000,157.00,1.570,2026-07-24T08:00:00.000Z,ANA,2026-07-30T22:22:13.000Z
840,87165001,235.00,2.350,2026-07-24T08:00:00.000Z,ANA,2026-07-30T22:22:13.000Z
1556,87163000,357.00,3.570,2026-07-24T08:00:00.000Z,ANA,2026-07-30T22:22:13.000Z
2301,87170000,819.00,8.190,2026-07-24T08:00:00.000Z,ANA,2026-07-30T22:22:14.000Z
3049,87270000,632.00,6.320,2026-07-24T08:00:00.000Z,ANA,2026-07-30T22:22:15.000Z
3797,87168590,514.00,5.140,2026-07-24T08:00:00.000Z,ANA,2026-07-30T22:22:16.000Z
135,87150000,157.00,1.570,2026-07-24T07:45:00.000Z,ANA,2026-07-30T22:22:13.000Z
839,87165001,235.00,2.350,2026-07-24T07:45:00.000Z,ANA,2026-07-30T22:22:13.000Z
1555,87163000,358.00,3.580,2026-07-24T07:45:00.000Z,ANA,2026-07-30T22:22:13.000Z
2300,87170000,821.00,8.210,2026-07-24T07:45:00.000Z,ANA,2026-07-30T22:22:14.000Z
3048,87270000,633.00,6.330,2026-07-24T07:45:00.000Z,ANA,2026-07-30T22:22:15.000Z
3796,87168590,515.00,5.150,2026-07-24T07:45:00.000Z,ANA,2026-07-30T22:22:16.000Z
134,87150000,158.00,1.580,2026-07-24T07:30:00.000Z,ANA,2026-07-30T22:22:13.000Z
838,87165001,236.00,2.360,2026-07-24T07:30:00.000Z,ANA,2026-07-30T22:22:13.000Z
1554,87163000,358.00,3.580,2026-07-24T07:30:00.000Z,ANA,2026-07-30T22:22:13.000Z
2299,87170000,822.00,8.220,2026-07-24T07:30:00.000Z,ANA,2026-07-30T22:22:14.000Z
3047,87270000,633.00,6.330,2026-07-24T07:30:00.000Z,ANA,2026-07-30T22:22:15.000Z
3795,87168590,517.00,5.170,2026-07-24T07:30:00.000Z,ANA,2026-07-30T22:22:16.000Z
133,87150000,158.00,1.580,2026-07-24T07:15:00.000Z,ANA,2026-07-30T22:22:13.000Z
1553,87163000,358.00,3.580,2026-07-24T07:15:00.000Z,ANA,2026-07-30T22:22:13.000Z
2298,87170000,824.00,8.240,2026-07-24T07:15:00.000Z,ANA,2026-07-30T22:22:14.000Z
3046,87270000,635.00,6.350,2026-07-24T07:15:00.000Z,ANA,2026-07-30T22:22:15.000Z
3794,87168590,517.00,5.170,2026-07-24T07:15:00.000Z,ANA,2026-07-30T22:22:16.000Z
132,87150000,158.00,1.580,2026-07-24T07:00:00.000Z,ANA,2026-07-30T22:22:13.000Z
837,87165001,237.00,2.370,2026-07-24T07:00:00.000Z,ANA,2026-07-30T22:22:13.000Z
1552,87163000,359.00,3.590,2026-07-24T07:00:00.000Z,ANA,2026-07-30T22:22:13.000Z
2297,87170000,826.00,8.260,2026-07-24T07:00:00.000Z,ANA,2026-07-30T22:22:14.000Z
3045,87270000,635.00,6.350,2026-07-24T07:00:00.000Z,ANA,2026-07-30T22:22:15.000Z
3793,87168590,517.00,5.170,2026-07-24T07:00:00.000Z,ANA,2026-07-30T22:22:16.000Z
131,87150000,158.00,1.580,2026-07-24T06:45:00.000Z,ANA,2026-07-30T22:22:13.000Z
1551,87163000,359.00,3.590,2026-07-24T06:45:00.000Z,ANA,2026-07-30T22:22:13.000Z
2296,87170000,828.00,8.280,2026-07-24T06:45:00.000Z,ANA,2026-07-30T22:22:14.000Z
3044,87270000,637.00,6.370,2026-07-24T06:45:00.000Z,ANA,2026-07-30T22:22:15.000Z
3792,87168590,518.00,5.180,2026-07-24T06:45:00.000Z,ANA,2026-07-30T22:22:16.000Z
130,87150000,159.00,1.590,2026-07-24T06:30:00.000Z,ANA,2026-07-30T22:22:13.000Z
836,87165001,239.00,2.390,2026-07-24T06:30:00.000Z,ANA,2026-07-30T22:22:13.000Z
1550,87163000,360.00,3.600,2026-07-24T06:30:00.000Z,ANA,2026-07-30T22:22:13.000Z
2295,87170000,829.00,8.290,2026-07-24T06:30:00.000Z,ANA,2026-07-30T22:22:14.000Z
3043,87270000,638.00,6.380,2026-07-24T06:30:00.000Z,ANA,2026-07-30T22:22:15.000Z
3791,87168590,520.00,5.200,2026-07-24T06:30:00.000Z,ANA,2026-07-30T22:22:16.000Z
129,87150000,159.00,1.590,2026-07-24T06:15:00.000Z,ANA,2026-07-30T22:22:13.000Z
1549,87163000,360.00,3.600,2026-07-24T06:15:00.000Z,ANA,2026-07-30T22:22:13.000Z
2294,87170000,831.00,8.310,2026-07-24T06:15:00.000Z,ANA,2026-07-30T22:22:14.000Z
3042,87270000,639.00,6.390,2026-07-24T06:15:00.000Z,ANA,2026-07-30T22:22:15.000Z
3790,87168590,521.00,5.210,2026-07-24T06:15:00.000Z,ANA,2026-07-30T22:22:16.000Z
128,87150000,159.00,1.590,2026-07-24T06:00:00.000Z,ANA,2026-07-30T22:22:13.000Z
1548,87163000,361.00,3.610,2026-07-24T06:00:00.000Z,ANA,2026-07-30T22:22:13.000Z
2293,87170000,833.00,8.330,2026-07-24T06:00:00.000Z,ANA,2026-07-30T22:22:14.000Z
3041,87270000,639.00,6.390,2026-07-24T06:00:00.000Z,ANA,2026-07-30T22:22:15.000Z
3789,87168590,520.00,5.200,2026-07-24T06:00:00.000Z,ANA,2026-07-30T22:22:16.000Z
127,87150000,160.00,1.600,2026-07-24T05:45:00.000Z,ANA,2026-07-30T22:22:13.000Z
1547,87163000,361.00,3.610,2026-07-24T05:45:00.000Z,ANA,2026-07-30T22:22:13.000Z
2292,87170000,834.00,8.340,2026-07-24T05:45:00.000Z,ANA,2026-07-30T22:22:14.000Z
3040,87270000,640.00,6.400,2026-07-24T05:45:00.000Z,ANA,2026-07-30T22:22:15.000Z
3788,87168590,523.00,5.230,2026-07-24T05:45:00.000Z,ANA,2026-07-30T22:22:16.000Z
126,87150000,160.00,1.600,2026-07-24T05:30:00.000Z,ANA,2026-07-30T22:22:13.000Z
835,87165001,240.00,2.400,2026-07-24T05:30:00.000Z,ANA,2026-07-30T22:22:13.000Z
1546,87163000,362.00,3.620,2026-07-24T05:30:00.000Z,ANA,2026-07-30T22:22:13.000Z
2291,87170000,836.00,8.360,2026-07-24T05:30:00.000Z,ANA,2026-07-30T22:22:14.000Z
3039,87270000,641.00,6.410,2026-07-24T05:30:00.000Z,ANA,2026-07-30T22:22:15.000Z
3787,87168590,523.00,5.230,2026-07-24T05:30:00.000Z,ANA,2026-07-30T22:22:16.000Z
125,87150000,160.00,1.600,2026-07-24T05:15:00.000Z,ANA,2026-07-30T22:22:13.000Z
834,87165001,241.00,2.410,2026-07-24T05:15:00.000Z,ANA,2026-07-30T22:22:13.000Z
1545,87163000,362.00,3.620,2026-07-24T05:15:00.000Z,ANA,2026-07-30T22:22:13.000Z
2290,87170000,838.00,8.380,2026-07-24T05:15:00.000Z,ANA,2026-07-30T22:22:14.000Z
3038,87270000,642.00,6.420,2026-07-24T05:15:00.000Z,ANA,2026-07-30T22:22:15.000Z
3786,87168590,524.00,5.240,2026-07-24T05:15:00.000Z,ANA,2026-07-30T22:22:16.000Z
124,87150000,161.00,1.610,2026-07-24T05:00:00.000Z,ANA,2026-07-30T22:22:13.000Z
833,87165001,242.00,2.420,2026-07-24T05:00:00.000Z,ANA,2026-07-30T22:22:13.000Z
1544,87163000,362.00,3.620,2026-07-24T05:00:00.000Z,ANA,2026-07-30T22:22:13.000Z
2289,87170000,840.00,8.400,2026-07-24T05:00:00.000Z,ANA,2026-07-30T22:22:14.000Z
3037,87270000,643.00,6.430,2026-07-24T05:00:00.000Z,ANA,2026-07-30T22:22:15.000Z
3785,87168590,525.00,5.250,2026-07-24T05:00:00.000Z,ANA,2026-07-30T22:22:16.000Z
123,87150000,161.00,1.610,2026-07-24T04:45:00.000Z,ANA,2026-07-30T22:22:13.000Z
832,87165001,242.00,2.420,2026-07-24T04:45:00.000Z,ANA,2026-07-30T22:22:13.000Z
1543,87163000,363.00,3.630,2026-07-24T04:45:00.000Z,ANA,2026-07-30T22:22:13.000Z
2288,87170000,841.00,8.410,2026-07-24T04:45:00.000Z,ANA,2026-07-30T22:22:14.000Z
3036,87270000,644.00,6.440,2026-07-24T04:45:00.000Z,ANA,2026-07-30T22:22:15.000Z
3784,87168590,526.00,5.260,2026-07-24T04:45:00.000Z,ANA,2026-07-30T22:22:16.000Z
122,87150000,161.00,1.610,2026-07-24T04:30:00.000Z,ANA,2026-07-30T22:22:13.000Z
831,87165001,243.00,2.430,2026-07-24T04:30:00.000Z,ANA,2026-07-30T22:22:13.000Z
1542,87163000,364.00,3.640,2026-07-24T04:30:00.000Z,ANA,2026-07-30T22:22:13.000Z
2287,87170000,844.00,8.440,2026-07-24T04:30:00.000Z,ANA,2026-07-30T22:22:14.000Z
3035,87270000,645.00,6.450,2026-07-24T04:30:00.000Z,ANA,2026-07-30T22:22:15.000Z
3783,87168590,525.00,5.250,2026-07-24T04:30:00.000Z,ANA,2026-07-30T22:22:16.000Z
121,87150000,162.00,1.620,2026-07-24T04:15:00.000Z,ANA,2026-07-30T22:22:13.000Z
830,87165001,243.00,2.430,2026-07-24T04:15:00.000Z,ANA,2026-07-30T22:22:13.000Z
1541,87163000,364.00,3.640,2026-07-24T04:15:00.000Z,ANA,2026-07-30T22:22:13.000Z
2286,87170000,845.00,8.450,2026-07-24T04:15:00.000Z,ANA,2026-07-30T22:22:14.000Z
3034,87270000,646.00,6.460,2026-07-24T04:15:00.000Z,ANA,2026-07-30T22:22:15.000Z
3782,87168590,527.00,5.270,2026-07-24T04:15:00.000Z,ANA,2026-07-30T22:22:16.000Z
120,87150000,162.00,1.620,2026-07-24T04:00:00.000Z,ANA,2026-07-30T22:22:13.000Z
829,87165001,243.00,2.430,2026-07-24T04:00:00.000Z,ANA,2026-07-30T22:22:13.000Z
1540,87163000,364.00,3.640,2026-07-24T04:00:00.000Z,ANA,2026-07-30T22:22:13.000Z
2285,87170000,847.00,8.470,2026-07-24T04:00:00.000Z,ANA,2026-07-30T22:22:14.000Z
3033,87270000,647.00,6.470,2026-07-24T04:00:00.000Z,ANA,2026-07-30T22:22:15.000Z
3781,87168590,526.00,5.260,2026-07-24T04:00:00.000Z,ANA,2026-07-30T22:22:16.000Z
119,87150000,163.00,1.630,2026-07-24T03:45:00.000Z,ANA,2026-07-30T22:22:13.000Z
1539,87163000,365.00,3.650,2026-07-24T03:45:00.000Z,ANA,2026-07-30T22:22:13.000Z
2284,87170000,849.00,8.490,2026-07-24T03:45:00.000Z,ANA,2026-07-30T22:22:14.000Z
3032,87270000,647.00,6.470,2026-07-24T03:45:00.000Z,ANA,2026-07-30T22:22:15.000Z
3780,87168590,528.00,5.280,2026-07-24T03:45:00.000Z,ANA,2026-07-30T22:22:16.000Z
118,87150000,163.00,1.630,2026-07-24T03:30:00.000Z,ANA,2026-07-30T22:22:13.000Z
828,87165001,245.00,2.450,2026-07-24T03:30:00.000Z,ANA,2026-07-30T22:22:13.000Z
1538,87163000,366.00,3.660,2026-07-24T03:30:00.000Z,ANA,2026-07-30T22:22:13.000Z
2283,87170000,850.00,8.500,2026-07-24T03:30:00.000Z,ANA,2026-07-30T22:22:14.000Z
3031,87270000,648.00,6.480,2026-07-24T03:30:00.000Z,ANA,2026-07-30T22:22:15.000Z
3779,87168590,530.00,5.300,2026-07-24T03:30:00.000Z,ANA,2026-07-30T22:22:16.000Z
117,87150000,163.00,1.630,2026-07-24T03:15:00.000Z,ANA,2026-07-30T22:22:13.000Z
827,87165001,245.00,2.450,2026-07-24T03:15:00.000Z,ANA,2026-07-30T22:22:13.000Z
1537,87163000,366.00,3.660,2026-07-24T03:15:00.000Z,ANA,2026-07-30T22:22:13.000Z
2282,87170000,852.00,8.520,2026-07-24T03:15:00.000Z,ANA,2026-07-30T22:22:14.000Z
3030,87270000,650.00,6.500,2026-07-24T03:15:00.000Z,ANA,2026-07-30T22:22:15.000Z
3778,87168590,531.00,5.310,2026-07-24T03:15:00.000Z,ANA,2026-07-30T22:22:16.000Z
116,87150000,164.00,1.640,2026-07-24T03:00:00.000Z,ANA,2026-07-30T22:22:13.000Z
1536,87163000,366.00,3.660,2026-07-24T03:00:00.000Z,ANA,2026-07-30T22:22:13.000Z
2281,87170000,854.00,8.540,2026-07-24T03:00:00.000Z,ANA,2026-07-30T22:22:14.000Z
3029,87270000,650.00,6.500,2026-07-24T03:00:00.000Z,ANA,2026-07-30T22:22:15.000Z
3777,87168590,530.00,5.300,2026-07-24T03:00:00.000Z,ANA,2026-07-30T22:22:16.000Z
115,87150000,164.00,1.640,2026-07-24T02:45:00.000Z,ANA,2026-07-30T22:22:13.000Z
1535,87163000,367.00,3.670,2026-07-24T02:45:00.000Z,ANA,2026-07-30T22:22:13.000Z
2280,87170000,856.00,8.560,2026-07-24T02:45:00.000Z,ANA,2026-07-30T22:22:14.000Z
3028,87270000,651.00,6.510,2026-07-24T02:45:00.000Z,ANA,2026-07-30T22:22:15.000Z
3776,87168590,532.00,5.320,2026-07-24T02:45:00.000Z,ANA,2026-07-30T22:22:16.000Z
114,87150000,164.00,1.640,2026-07-24T02:30:00.000Z,ANA,2026-07-30T22:22:13.000Z
826,87165001,246.00,2.460,2026-07-24T02:30:00.000Z,ANA,2026-07-30T22:22:13.000Z
1534,87163000,368.00,3.680,2026-07-24T02:30:00.000Z,ANA,2026-07-30T22:22:13.000Z
2279,87170000,858.00,8.580,2026-07-24T02:30:00.000Z,ANA,2026-07-30T22:22:14.000Z
3027,87270000,651.00,6.510,2026-07-24T02:30:00.000Z,ANA,2026-07-30T22:22:15.000Z
3775,87168590,533.00,5.330,2026-07-24T02:30:00.000Z,ANA,2026-07-30T22:22:16.000Z
113,87150000,165.00,1.650,2026-07-24T02:15:00.000Z,ANA,2026-07-30T22:22:13.000Z
825,87165001,247.00,2.470,2026-07-24T02:15:00.000Z,ANA,2026-07-30T22:22:13.000Z
1533,87163000,368.00,3.680,2026-07-24T02:15:00.000Z,ANA,2026-07-30T22:22:13.000Z
2278,87170000,859.00,8.590,2026-07-24T02:15:00.000Z,ANA,2026-07-30T22:22:14.000Z
3026,87270000,652.00,6.520,2026-07-24T02:15:00.000Z,ANA,2026-07-30T22:22:15.000Z
3774,87168590,533.00,5.330,2026-07-24T02:15:00.000Z,ANA,2026-07-30T22:22:16.000Z
112,87150000,165.00,1.650,2026-07-24T02:00:00.000Z,ANA,2026-07-30T22:22:13.000Z
824,87165001,247.00,2.470,2026-07-24T02:00:00.000Z,ANA,2026-07-30T22:22:13.000Z
1532,87163000,368.00,3.680,2026-07-24T02:00:00.000Z,ANA,2026-07-30T22:22:13.000Z
2277,87170000,861.00,8.610,2026-07-24T02:00:00.000Z,ANA,2026-07-30T22:22:14.000Z
3025,87270000,653.00,6.530,2026-07-24T02:00:00.000Z,ANA,2026-07-30T22:22:15.000Z
3773,87168590,534.00,5.340,2026-07-24T02:00:00.000Z,ANA,2026-07-30T22:22:16.000Z
111,87150000,165.00,1.650,2026-07-24T01:45:00.000Z,ANA,2026-07-30T22:22:13.000Z
823,87165001,248.00,2.480,2026-07-24T01:45:00.000Z,ANA,2026-07-30T22:22:13.000Z
1531,87163000,369.00,3.690,2026-07-24T01:45:00.000Z,ANA,2026-07-30T22:22:13.000Z
2276,87170000,864.00,8.640,2026-07-24T01:45:00.000Z,ANA,2026-07-30T22:22:14.000Z
3024,87270000,655.00,6.550,2026-07-24T01:45:00.000Z,ANA,2026-07-30T22:22:15.000Z
3772,87168590,536.00,5.360,2026-07-24T01:45:00.000Z,ANA,2026-07-30T22:22:16.000Z
110,87150000,166.00,1.660,2026-07-24T01:30:00.000Z,ANA,2026-07-30T22:22:13.000Z
822,87165001,248.00,2.480,2026-07-24T01:30:00.000Z,ANA,2026-07-30T22:22:13.000Z
1530,87163000,369.00,3.690,2026-07-24T01:30:00.000Z,ANA,2026-07-30T22:22:13.000Z
2275,87170000,865.00,8.650,2026-07-24T01:30:00.000Z,ANA,2026-07-30T22:22:14.000Z
3023,87270000,655.00,6.550,2026-07-24T01:30:00.000Z,ANA,2026-07-30T22:22:15.000Z
3771,87168590,536.00,5.360,2026-07-24T01:30:00.000Z,ANA,2026-07-30T22:22:16.000Z
109,87150000,166.00,1.660,2026-07-24T01:15:00.000Z,ANA,2026-07-30T22:22:13.000Z
1529,87163000,370.00,3.700,2026-07-24T01:15:00.000Z,ANA,2026-07-30T22:22:13.000Z
2274,87170000,867.00,8.670,2026-07-24T01:15:00.000Z,ANA,2026-07-30T22:22:14.000Z
3022,87270000,656.00,6.560,2026-07-24T01:15:00.000Z,ANA,2026-07-30T22:22:15.000Z
3770,87168590,537.00,5.370,2026-07-24T01:15:00.000Z,ANA,2026-07-30T22:22:16.000Z
108,87150000,167.00,1.670,2026-07-24T01:00:00.000Z,ANA,2026-07-30T22:22:13.000Z
821,87165001,249.00,2.490,2026-07-24T01:00:00.000Z,ANA,2026-07-30T22:22:13.000Z
1528,87163000,370.00,3.700,2026-07-24T01:00:00.000Z,ANA,2026-07-30T22:22:13.000Z
2273,87170000,869.00,8.690,2026-07-24T01:00:00.000Z,ANA,2026-07-30T22:22:14.000Z
3021,87270000,657.00,6.570,2026-07-24T01:00:00.000Z,ANA,2026-07-30T22:22:15.000Z
3769,87168590,536.00,5.360,2026-07-24T01:00:00.000Z,ANA,2026-07-30T22:22:16.000Z
107,87150000,167.00,1.670,2026-07-24T00:45:00.000Z,ANA,2026-07-30T22:22:13.000Z
820,87165001,250.00,2.500,2026-07-24T00:45:00.000Z,ANA,2026-07-30T22:22:13.000Z
1527,87163000,370.00,3.700,2026-07-24T00:45:00.000Z,ANA,2026-07-30T22:22:13.000Z
2272,87170000,871.00,8.710,2026-07-24T00:45:00.000Z,ANA,2026-07-30T22:22:14.000Z
3020,87270000,658.00,6.580,2026-07-24T00:45:00.000Z,ANA,2026-07-30T22:22:15.000Z
3768,87168590,539.00,5.390,2026-07-24T00:45:00.000Z,ANA,2026-07-30T22:22:16.000Z
106,87150000,167.00,1.670,2026-07-24T00:30:00.000Z,ANA,2026-07-30T22:22:13.000Z
819,87165001,251.00,2.510,2026-07-24T00:30:00.000Z,ANA,2026-07-30T22:22:13.000Z
1526,87163000,371.00,3.710,2026-07-24T00:30:00.000Z,ANA,2026-07-30T22:22:13.000Z
2271,87170000,873.00,8.730,2026-07-24T00:30:00.000Z,ANA,2026-07-30T22:22:14.000Z
3019,87270000,658.00,6.580,2026-07-24T00:30:00.000Z,ANA,2026-07-30T22:22:15.000Z
3767,87168590,539.00,5.390,2026-07-24T00:30:00.000Z,ANA,2026-07-30T22:22:16.000Z
105,87150000,168.00,1.680,2026-07-24T00:15:00.000Z,ANA,2026-07-30T22:22:13.000Z
1525,87163000,371.00,3.710,2026-07-24T00:15:00.000Z,ANA,2026-07-30T22:22:13.000Z
2270,87170000,875.00,8.750,2026-07-24T00:15:00.000Z,ANA,2026-07-30T22:22:14.000Z
3018,87270000,659.00,6.590,2026-07-24T00:15:00.000Z,ANA,2026-07-30T22:22:15.000Z
3766,87168590,541.00,5.410,2026-07-24T00:15:00.000Z,ANA,2026-07-30T22:22:16.000Z
104,87150000,168.00,1.680,2026-07-24T00:00:00.000Z,ANA,2026-07-30T22:22:13.000Z
818,87165001,251.00,2.510,2026-07-24T00:00:00.000Z,ANA,2026-07-30T22:22:13.000Z
1524,87163000,371.00,3.710,2026-07-24T00:00:00.000Z,ANA,2026-07-30T22:22:13.000Z
2269,87170000,877.00,8.770,2026-07-24T00:00:00.000Z,ANA,2026-07-30T22:22:14.000Z
3017,87270000,660.00,6.600,2026-07-24T00:00:00.000Z,ANA,2026-07-30T22:22:15.000Z
3765,87168590,540.00,5.400,2026-07-24T00:00:00.000Z,ANA,2026-07-30T22:22:16.000Z
103,87150000,169.00,1.690,2026-07-23T23:45:00.000Z,ANA,2026-07-30T22:22:13.000Z
1523,87163000,372.00,3.720,2026-07-23T23:45:00.000Z,ANA,2026-07-30T22:22:13.000Z
2268,87170000,879.00,8.790,2026-07-23T23:45:00.000Z,ANA,2026-07-30T22:22:14.000Z
3016,87270000,661.00,6.610,2026-07-23T23:45:00.000Z,ANA,2026-07-30T22:22:15.000Z
3764,87168590,541.00,5.410,2026-07-23T23:45:00.000Z,ANA,2026-07-30T22:22:16.000Z
102,87150000,169.00,1.690,2026-07-23T23:30:00.000Z,ANA,2026-07-30T22:22:13.000Z
817,87165001,252.00,2.520,2026-07-23T23:30:00.000Z,ANA,2026-07-30T22:22:13.000Z
1522,87163000,372.00,3.720,2026-07-23T23:30:00.000Z,ANA,2026-07-30T22:22:13.000Z
2267,87170000,881.00,8.810,2026-07-23T23:30:00.000Z,ANA,2026-07-30T22:22:14.000Z
3015,87270000,661.00,6.610,2026-07-23T23:30:00.000Z,ANA,2026-07-30T22:22:15.000Z
3763,87168590,543.00,5.430,2026-07-23T23:30:00.000Z,ANA,2026-07-30T22:22:16.000Z
101,87150000,169.00,1.690,2026-07-23T23:15:00.000Z,ANA,2026-07-30T22:22:13.000Z
1521,87163000,373.00,3.730,2026-07-23T23:15:00.000Z,ANA,2026-07-30T22:22:13.000Z
2266,87170000,883.00,8.830,2026-07-23T23:15:00.000Z,ANA,2026-07-30T22:22:14.000Z
3014,87270000,662.00,6.620,2026-07-23T23:15:00.000Z,ANA,2026-07-30T22:22:15.000Z
3762,87168590,545.00,5.450,2026-07-23T23:15:00.000Z,ANA,2026-07-30T22:22:16.000Z
100,87150000,170.00,1.700,2026-07-23T23:00:00.000Z,ANA,2026-07-30T22:22:13.000Z
816,87165001,254.00,2.540,2026-07-23T23:00:00.000Z,ANA,2026-07-30T22:22:13.000Z
1520,87163000,373.00,3.730,2026-07-23T23:00:00.000Z,ANA,2026-07-30T22:22:13.000Z
2265,87170000,885.00,8.850,2026-07-23T23:00:00.000Z,ANA,2026-07-30T22:22:14.000Z
3013,87270000,663.00,6.630,2026-07-23T23:00:00.000Z,ANA,2026-07-30T22:22:15.000Z
3761,87168590,545.00,5.450,2026-07-23T23:00:00.000Z,ANA,2026-07-30T22:22:16.000Z
99,87150000,170.00,1.700,2026-07-23T22:45:00.000Z,ANA,2026-07-30T22:22:13.000Z
1519,87163000,374.00,3.740,2026-07-23T22:45:00.000Z,ANA,2026-07-30T22:22:13.000Z
2264,87170000,887.00,8.870,2026-07-23T22:45:00.000Z,ANA,2026-07-30T22:22:14.000Z
3012,87270000,664.00,6.640,2026-07-23T22:45:00.000Z,ANA,2026-07-30T22:22:15.000Z
3760,87168590,546.00,5.460,2026-07-23T22:45:00.000Z,ANA,2026-07-30T22:22:16.000Z
98,87150000,171.00,1.710,2026-07-23T22:30:00.000Z,ANA,2026-07-30T22:22:13.000Z
815,87165001,254.00,2.540,2026-07-23T22:30:00.000Z,ANA,2026-07-30T22:22:13.000Z
1518,87163000,374.00,3.740,2026-07-23T22:30:00.000Z,ANA,2026-07-30T22:22:13.000Z
2263,87170000,888.00,8.880,2026-07-23T22:30:00.000Z,ANA,2026-07-30T22:22:14.000Z
3011,87270000,664.00,6.640,2026-07-23T22:30:00.000Z,ANA,2026-07-30T22:22:15.000Z
3759,87168590,547.00,5.470,2026-07-23T22:30:00.000Z,ANA,2026-07-30T22:22:16.000Z
97,87150000,171.00,1.710,2026-07-23T22:15:00.000Z,ANA,2026-07-30T22:22:13.000Z
814,87165001,255.00,2.550,2026-07-23T22:15:00.000Z,ANA,2026-07-30T22:22:13.000Z
1517,87163000,374.00,3.740,2026-07-23T22:15:00.000Z,ANA,2026-07-30T22:22:13.000Z
2262,87170000,890.00,8.900,2026-07-23T22:15:00.000Z,ANA,2026-07-30T22:22:14.000Z
3010,87270000,665.00,6.650,2026-07-23T22:15:00.000Z,ANA,2026-07-30T22:22:15.000Z
3758,87168590,548.00,5.480,2026-07-23T22:15:00.000Z,ANA,2026-07-30T22:22:16.000Z
96,87150000,171.00,1.710,2026-07-23T22:00:00.000Z,ANA,2026-07-30T22:22:13.000Z
813,87165001,256.00,2.560,2026-07-23T22:00:00.000Z,ANA,2026-07-30T22:22:13.000Z
1516,87163000,375.00,3.750,2026-07-23T22:00:00.000Z,ANA,2026-07-30T22:22:13.000Z
2261,87170000,892.00,8.920,2026-07-23T22:00:00.000Z,ANA,2026-07-30T22:22:14.000Z
3009,87270000,665.00,6.650,2026-07-23T22:00:00.000Z,ANA,2026-07-30T22:22:15.000Z
3757,87168590,549.00,5.490,2026-07-23T22:00:00.000Z,ANA,2026-07-30T22:22:16.000Z
95,87150000,172.00,1.720,2026-07-23T21:45:00.000Z,ANA,2026-07-30T22:22:13.000Z
812,87165001,257.00,2.570,2026-07-23T21:45:00.000Z,ANA,2026-07-30T22:22:13.000Z
1515,87163000,375.00,3.750,2026-07-23T21:45:00.000Z,ANA,2026-07-30T22:22:13.000Z
2260,87170000,894.00,8.940,2026-07-23T21:45:00.000Z,ANA,2026-07-30T22:22:14.000Z
3008,87270000,666.00,6.660,2026-07-23T21:45:00.000Z,ANA,2026-07-30T22:22:15.000Z
3756,87168590,550.00,5.500,2026-07-23T21:45:00.000Z,ANA,2026-07-30T22:22:16.000Z
94,87150000,172.00,1.720,2026-07-23T21:30:00.000Z,ANA,2026-07-30T22:22:13.000Z
1514,87163000,376.00,3.760,2026-07-23T21:30:00.000Z,ANA,2026-07-30T22:22:13.000Z
2259,87170000,896.00,8.960,2026-07-23T21:30:00.000Z,ANA,2026-07-30T22:22:14.000Z
3007,87270000,667.00,6.670,2026-07-23T21:30:00.000Z,ANA,2026-07-30T22:22:15.000Z
3755,87168590,551.00,5.510,2026-07-23T21:30:00.000Z,ANA,2026-07-30T22:22:16.000Z
93,87150000,172.00,1.720,2026-07-23T21:15:00.000Z,ANA,2026-07-30T22:22:13.000Z
1513,87163000,376.00,3.760,2026-07-23T21:15:00.000Z,ANA,2026-07-30T22:22:13.000Z
2258,87170000,899.00,8.990,2026-07-23T21:15:00.000Z,ANA,2026-07-30T22:22:14.000Z
3006,87270000,668.00,6.680,2026-07-23T21:15:00.000Z,ANA,2026-07-30T22:22:15.000Z
3754,87168590,552.00,5.520,2026-07-23T21:15:00.000Z,ANA,2026-07-30T22:22:16.000Z
92,87150000,172.00,1.720,2026-07-23T21:00:00.000Z,ANA,2026-07-30T22:22:13.000Z
811,87165001,258.00,2.580,2026-07-23T21:00:00.000Z,ANA,2026-07-30T22:22:13.000Z
1512,87163000,378.00,3.780,2026-07-23T21:00:00.000Z,ANA,2026-07-30T22:22:13.000Z
2257,87170000,899.00,8.990,2026-07-23T21:00:00.000Z,ANA,2026-07-30T22:22:14.000Z
3005,87270000,668.00,6.680,2026-07-23T21:00:00.000Z,ANA,2026-07-30T22:22:15.000Z
3753,87168590,553.00,5.530,2026-07-23T21:00:00.000Z,ANA,2026-07-30T22:22:16.000Z
91,87150000,173.00,1.730,2026-07-23T20:45:00.000Z,ANA,2026-07-30T22:22:13.000Z
810,87165001,259.00,2.590,2026-07-23T20:45:00.000Z,ANA,2026-07-30T22:22:13.000Z
1511,87163000,378.00,3.780,2026-07-23T20:45:00.000Z,ANA,2026-07-30T22:22:13.000Z
2256,87170000,902.00,9.020,2026-07-23T20:45:00.000Z,ANA,2026-07-30T22:22:14.000Z
3004,87270000,668.00,6.680,2026-07-23T20:45:00.000Z,ANA,2026-07-30T22:22:15.000Z
3752,87168590,554.00,5.540,2026-07-23T20:45:00.000Z,ANA,2026-07-30T22:22:16.000Z
90,87150000,173.00,1.730,2026-07-23T20:30:00.000Z,ANA,2026-07-30T22:22:13.000Z
809,87165001,259.00,2.590,2026-07-23T20:30:00.000Z,ANA,2026-07-30T22:22:13.000Z
1510,87163000,379.00,3.790,2026-07-23T20:30:00.000Z,ANA,2026-07-30T22:22:13.000Z
2255,87170000,903.00,9.030,2026-07-23T20:30:00.000Z,ANA,2026-07-30T22:22:14.000Z
3003,87270000,669.00,6.690,2026-07-23T20:30:00.000Z,ANA,2026-07-30T22:22:15.000Z
3751,87168590,555.00,5.550,2026-07-23T20:30:00.000Z,ANA,2026-07-30T22:22:16.000Z
89,87150000,173.00,1.730,2026-07-23T20:15:00.000Z,ANA,2026-07-30T22:22:13.000Z
1509,87163000,379.00,3.790,2026-07-23T20:15:00.000Z,ANA,2026-07-30T22:22:13.000Z
2254,87170000,906.00,9.060,2026-07-23T20:15:00.000Z,ANA,2026-07-30T22:22:14.000Z
3002,87270000,670.00,6.700,2026-07-23T20:15:00.000Z,ANA,2026-07-30T22:22:15.000Z
3750,87168590,556.00,5.560,2026-07-23T20:15:00.000Z,ANA,2026-07-30T22:22:16.000Z
88,87150000,173.00,1.730,2026-07-23T20:00:00.000Z,ANA,2026-07-30T22:22:13.000Z
1508,87163000,379.00,3.790,2026-07-23T20:00:00.000Z,ANA,2026-07-30T22:22:13.000Z
2253,87170000,907.00,9.070,2026-07-23T20:00:00.000Z,ANA,2026-07-30T22:22:14.000Z
3001,87270000,669.00,6.690,2026-07-23T20:00:00.000Z,ANA,2026-07-30T22:22:15.000Z
3749,87168590,558.00,5.580,2026-07-23T20:00:00.000Z,ANA,2026-07-30T22:22:16.000Z
87,87150000,173.00,1.730,2026-07-23T19:45:00.000Z,ANA,2026-07-30T22:22:13.000Z
808,87165001,261.00,2.610,2026-07-23T19:45:00.000Z,ANA,2026-07-30T22:22:13.000Z
1507,87163000,380.00,3.800,2026-07-23T19:45:00.000Z,ANA,2026-07-30T22:22:13.000Z
2252,87170000,910.00,9.100,2026-07-23T19:45:00.000Z,ANA,2026-07-30T22:22:14.000Z
3000,87270000,671.00,6.710,2026-07-23T19:45:00.000Z,ANA,2026-07-30T22:22:15.000Z
3748,87168590,557.00,5.570,2026-07-23T19:45:00.000Z,ANA,2026-07-30T22:22:16.000Z
86,87150000,174.00,1.740,2026-07-23T19:30:00.000Z,ANA,2026-07-30T22:22:13.000Z
807,87165001,262.00,2.620,2026-07-23T19:30:00.000Z,ANA,2026-07-30T22:22:13.000Z
1506,87163000,380.00,3.800,2026-07-23T19:30:00.000Z,ANA,2026-07-30T22:22:13.000Z
2251,87170000,912.00,9.120,2026-07-23T19:30:00.000Z,ANA,2026-07-30T22:22:14.000Z
2999,87270000,672.00,6.720,2026-07-23T19:30:00.000Z,ANA,2026-07-30T22:22:15.000Z
3747,87168590,561.00,5.610,2026-07-23T19:30:00.000Z,ANA,2026-07-30T22:22:16.000Z
85,87150000,174.00,1.740,2026-07-23T19:15:00.000Z,ANA,2026-07-30T22:22:13.000Z
806,87165001,262.00,2.620,2026-07-23T19:15:00.000Z,ANA,2026-07-30T22:22:13.000Z
1505,87163000,380.00,3.800,2026-07-23T19:15:00.000Z,ANA,2026-07-30T22:22:13.000Z
2250,87170000,914.00,9.140,2026-07-23T19:15:00.000Z,ANA,2026-07-30T22:22:14.000Z
2998,87270000,672.00,6.720,2026-07-23T19:15:00.000Z,ANA,2026-07-30T22:22:15.000Z
3746,87168590,563.00,5.630,2026-07-23T19:15:00.000Z,ANA,2026-07-30T22:22:16.000Z
84,87150000,174.00,1.740,2026-07-23T19:00:00.000Z,ANA,2026-07-30T22:22:13.000Z
1504,87163000,382.00,3.820,2026-07-23T19:00:00.000Z,ANA,2026-07-30T22:22:13.000Z
2249,87170000,916.00,9.160,2026-07-23T19:00:00.000Z,ANA,2026-07-30T22:22:14.000Z
2997,87270000,673.00,6.730,2026-07-23T19:00:00.000Z,ANA,2026-07-30T22:22:15.000Z
3745,87168590,563.00,5.630,2026-07-23T19:00:00.000Z,ANA,2026-07-30T22:22:16.000Z
83,87150000,175.00,1.750,2026-07-23T18:45:00.000Z,ANA,2026-07-30T22:22:13.000Z
805,87165001,264.00,2.640,2026-07-23T18:45:00.000Z,ANA,2026-07-30T22:22:13.000Z
1503,87163000,382.00,3.820,2026-07-23T18:45:00.000Z,ANA,2026-07-30T22:22:13.000Z
2248,87170000,917.00,9.170,2026-07-23T18:45:00.000Z,ANA,2026-07-30T22:22:14.000Z
2996,87270000,674.00,6.740,2026-07-23T18:45:00.000Z,ANA,2026-07-30T22:22:15.000Z
3744,87168590,564.00,5.640,2026-07-23T18:45:00.000Z,ANA,2026-07-30T22:22:16.000Z
82,87150000,175.00,1.750,2026-07-23T18:30:00.000Z,ANA,2026-07-30T22:22:13.000Z
804,87165001,264.00,2.640,2026-07-23T18:30:00.000Z,ANA,2026-07-30T22:22:13.000Z
1502,87163000,382.00,3.820,2026-07-23T18:30:00.000Z,ANA,2026-07-30T22:22:13.000Z
2247,87170000,920.00,9.200,2026-07-23T18:30:00.000Z,ANA,2026-07-30T22:22:14.000Z
2995,87270000,674.00,6.740,2026-07-23T18:30:00.000Z,ANA,2026-07-30T22:22:15.000Z
3743,87168590,565.00,5.650,2026-07-23T18:30:00.000Z,ANA,2026-07-30T22:22:16.000Z
81,87150000,175.00,1.750,2026-07-23T18:15:00.000Z,ANA,2026-07-30T22:22:13.000Z
803,87165001,266.00,2.660,2026-07-23T18:15:00.000Z,ANA,2026-07-30T22:22:13.000Z
1501,87163000,383.00,3.830,2026-07-23T18:15:00.000Z,ANA,2026-07-30T22:22:13.000Z
2246,87170000,921.00,9.210,2026-07-23T18:15:00.000Z,ANA,2026-07-30T22:22:14.000Z
2994,87270000,674.00,6.740,2026-07-23T18:15:00.000Z,ANA,2026-07-30T22:22:15.000Z
3742,87168590,567.00,5.670,2026-07-23T18:15:00.000Z,ANA,2026-07-30T22:22:16.000Z
80,87150000,175.00,1.750,2026-07-23T18:00:00.000Z,ANA,2026-07-30T22:22:13.000Z
802,87165001,266.00,2.660,2026-07-23T18:00:00.000Z,ANA,2026-07-30T22:22:13.000Z
1500,87163000,383.00,3.830,2026-07-23T18:00:00.000Z,ANA,2026-07-30T22:22:13.000Z
2245,87170000,924.00,9.240,2026-07-23T18:00:00.000Z,ANA,2026-07-30T22:22:14.000Z
2993,87270000,675.00,6.750,2026-07-23T18:00:00.000Z,ANA,2026-07-30T22:22:15.000Z
3741,87168590,568.00,5.680,2026-07-23T18:00:00.000Z,ANA,2026-07-30T22:22:16.000Z
79,87150000,176.00,1.760,2026-07-23T17:45:00.000Z,ANA,2026-07-30T22:22:13.000Z
801,87165001,266.00,2.660,2026-07-23T17:45:00.000Z,ANA,2026-07-30T22:22:13.000Z
1499,87163000,384.00,3.840,2026-07-23T17:45:00.000Z,ANA,2026-07-30T22:22:13.000Z
2244,87170000,926.00,9.260,2026-07-23T17:45:00.000Z,ANA,2026-07-30T22:22:14.000Z
2992,87270000,674.00,6.740,2026-07-23T17:45:00.000Z,ANA,2026-07-30T22:22:15.000Z
3740,87168590,569.00,5.690,2026-07-23T17:45:00.000Z,ANA,2026-07-30T22:22:16.000Z
78,87150000,176.00,1.760,2026-07-23T17:30:00.000Z,ANA,2026-07-30T22:22:13.000Z
800,87165001,268.00,2.680,2026-07-23T17:30:00.000Z,ANA,2026-07-30T22:22:13.000Z
1498,87163000,385.00,3.850,2026-07-23T17:30:00.000Z,ANA,2026-07-30T22:22:13.000Z
2243,87170000,929.00,9.290,2026-07-23T17:30:00.000Z,ANA,2026-07-30T22:22:14.000Z
2991,87270000,674.00,6.740,2026-07-23T17:30:00.000Z,ANA,2026-07-30T22:22:15.000Z
3739,87168590,569.00,5.690,2026-07-23T17:30:00.000Z,ANA,2026-07-30T22:22:16.000Z
77,87150000,177.00,1.770,2026-07-23T17:15:00.000Z,ANA,2026-07-30T22:22:13.000Z
799,87165001,269.00,2.690,2026-07-23T17:15:00.000Z,ANA,2026-07-30T22:22:13.000Z
1497,87163000,385.00,3.850,2026-07-23T17:15:00.000Z,ANA,2026-07-30T22:22:13.000Z
2242,87170000,930.00,9.300,2026-07-23T17:15:00.000Z,ANA,2026-07-30T22:22:14.000Z
2990,87270000,676.00,6.760,2026-07-23T17:15:00.000Z,ANA,2026-07-30T22:22:15.000Z
3738,87168590,570.00,5.700,2026-07-23T17:15:00.000Z,ANA,2026-07-30T22:22:16.000Z
76,87150000,177.00,1.770,2026-07-23T17:00:00.000Z,ANA,2026-07-30T22:22:13.000Z
798,87165001,269.00,2.690,2026-07-23T17:00:00.000Z,ANA,2026-07-30T22:22:13.000Z
1496,87163000,386.00,3.860,2026-07-23T17:00:00.000Z,ANA,2026-07-30T22:22:13.000Z
2241,87170000,933.00,9.330,2026-07-23T17:00:00.000Z,ANA,2026-07-30T22:22:14.000Z
2989,87270000,676.00,6.760,2026-07-23T17:00:00.000Z,ANA,2026-07-30T22:22:15.000Z
3737,87168590,571.00,5.710,2026-07-23T17:00:00.000Z,ANA,2026-07-30T22:22:16.000Z
75,87150000,178.00,1.780,2026-07-23T16:45:00.000Z,ANA,2026-07-30T22:22:13.000Z
1495,87163000,387.00,3.870,2026-07-23T16:45:00.000Z,ANA,2026-07-30T22:22:13.000Z
2240,87170000,934.00,9.340,2026-07-23T16:45:00.000Z,ANA,2026-07-30T22:22:14.000Z
2988,87270000,677.00,6.770,2026-07-23T16:45:00.000Z,ANA,2026-07-30T22:22:15.000Z
3736,87168590,573.00,5.730,2026-07-23T16:45:00.000Z,ANA,2026-07-30T22:22:16.000Z
74,87150000,178.00,1.780,2026-07-23T16:30:00.000Z,ANA,2026-07-30T22:22:13.000Z
797,87165001,270.00,2.700,2026-07-23T16:30:00.000Z,ANA,2026-07-30T22:22:13.000Z
1494,87163000,387.00,3.870,2026-07-23T16:30:00.000Z,ANA,2026-07-30T22:22:13.000Z
2239,87170000,937.00,9.370,2026-07-23T16:30:00.000Z,ANA,2026-07-30T22:22:14.000Z
2987,87270000,677.00,6.770,2026-07-23T16:30:00.000Z,ANA,2026-07-30T22:22:15.000Z
3735,87168590,573.00,5.730,2026-07-23T16:30:00.000Z,ANA,2026-07-30T22:22:16.000Z
73,87150000,178.00,1.780,2026-07-23T16:15:00.000Z,ANA,2026-07-30T22:22:13.000Z
796,87165001,269.00,2.690,2026-07-23T16:15:00.000Z,ANA,2026-07-30T22:22:13.000Z
1493,87163000,388.00,3.880,2026-07-23T16:15:00.000Z,ANA,2026-07-30T22:22:13.000Z
2238,87170000,939.00,9.390,2026-07-23T16:15:00.000Z,ANA,2026-07-30T22:22:14.000Z
2986,87270000,678.00,6.780,2026-07-23T16:15:00.000Z,ANA,2026-07-30T22:22:15.000Z
3734,87168590,575.00,5.750,2026-07-23T16:15:00.000Z,ANA,2026-07-30T22:22:16.000Z
72,87150000,179.00,1.790,2026-07-23T16:00:00.000Z,ANA,2026-07-30T22:22:13.000Z
795,87165001,270.00,2.700,2026-07-23T16:00:00.000Z,ANA,2026-07-30T22:22:13.000Z
1492,87163000,389.00,3.890,2026-07-23T16:00:00.000Z,ANA,2026-07-30T22:22:13.000Z
2237,87170000,941.00,9.410,2026-07-23T16:00:00.000Z,ANA,2026-07-30T22:22:14.000Z
2985,87270000,678.00,6.780,2026-07-23T16:00:00.000Z,ANA,2026-07-30T22:22:15.000Z
3733,87168590,575.00,5.750,2026-07-23T16:00:00.000Z,ANA,2026-07-30T22:22:16.000Z
71,87150000,179.00,1.790,2026-07-23T15:45:00.000Z,ANA,2026-07-30T22:22:13.000Z
794,87165001,271.00,2.710,2026-07-23T15:45:00.000Z,ANA,2026-07-30T22:22:13.000Z
1491,87163000,390.00,3.900,2026-07-23T15:45:00.000Z,ANA,2026-07-30T22:22:13.000Z
2236,87170000,943.00,9.430,2026-07-23T15:45:00.000Z,ANA,2026-07-30T22:22:14.000Z
2984,87270000,678.00,6.780,2026-07-23T15:45:00.000Z,ANA,2026-07-30T22:22:15.000Z
3732,87168590,577.00,5.770,2026-07-23T15:45:00.000Z,ANA,2026-07-30T22:22:16.000Z
70,87150000,180.00,1.800,2026-07-23T15:30:00.000Z,ANA,2026-07-30T22:22:13.000Z
793,87165001,272.00,2.720,2026-07-23T15:30:00.000Z,ANA,2026-07-30T22:22:13.000Z
1490,87163000,391.00,3.910,2026-07-23T15:30:00.000Z,ANA,2026-07-30T22:22:13.000Z
2235,87170000,944.00,9.440,2026-07-23T15:30:00.000Z,ANA,2026-07-30T22:22:14.000Z
2983,87270000,679.00,6.790,2026-07-23T15:30:00.000Z,ANA,2026-07-30T22:22:15.000Z
3731,87168590,579.00,5.790,2026-07-23T15:30:00.000Z,ANA,2026-07-30T22:22:16.000Z
69,87150000,180.00,1.800,2026-07-23T15:15:00.000Z,ANA,2026-07-30T22:22:13.000Z
792,87165001,272.00,2.720,2026-07-23T15:15:00.000Z,ANA,2026-07-30T22:22:13.000Z
1489,87163000,391.00,3.910,2026-07-23T15:15:00.000Z,ANA,2026-07-30T22:22:13.000Z
2234,87170000,947.00,9.470,2026-07-23T15:15:00.000Z,ANA,2026-07-30T22:22:14.000Z
2982,87270000,679.00,6.790,2026-07-23T15:15:00.000Z,ANA,2026-07-30T22:22:15.000Z
3730,87168590,578.00,5.780,2026-07-23T15:15:00.000Z,ANA,2026-07-30T22:22:16.000Z
68,87150000,181.00,1.810,2026-07-23T15:00:00.000Z,ANA,2026-07-30T22:22:13.000Z
791,87165001,272.00,2.720,2026-07-23T15:00:00.000Z,ANA,2026-07-30T22:22:13.000Z
1488,87163000,391.00,3.910,2026-07-23T15:00:00.000Z,ANA,2026-07-30T22:22:13.000Z
2233,87170000,949.00,9.490,2026-07-23T15:00:00.000Z,ANA,2026-07-30T22:22:14.000Z
2981,87270000,679.00,6.790,2026-07-23T15:00:00.000Z,ANA,2026-07-30T22:22:15.000Z
3729,87168590,581.00,5.810,2026-07-23T15:00:00.000Z,ANA,2026-07-30T22:22:16.000Z
67,87150000,181.00,1.810,2026-07-23T14:45:00.000Z,ANA,2026-07-30T22:22:13.000Z
790,87165001,273.00,2.730,2026-07-23T14:45:00.000Z,ANA,2026-07-30T22:22:13.000Z
1487,87163000,391.00,3.910,2026-07-23T14:45:00.000Z,ANA,2026-07-30T22:22:13.000Z
2232,87170000,951.00,9.510,2026-07-23T14:45:00.000Z,ANA,2026-07-30T22:22:14.000Z
2980,87270000,679.00,6.790,2026-07-23T14:45:00.000Z,ANA,2026-07-30T22:22:15.000Z
3728,87168590,584.00,5.840,2026-07-23T14:45:00.000Z,ANA,2026-07-30T22:22:16.000Z
66,87150000,181.00,1.810,2026-07-23T14:30:00.000Z,ANA,2026-07-30T22:22:13.000Z
789,87165001,274.00,2.740,2026-07-23T14:30:00.000Z,ANA,2026-07-30T22:22:13.000Z
1486,87163000,391.00,3.910,2026-07-23T14:30:00.000Z,ANA,2026-07-30T22:22:13.000Z
2231,87170000,954.00,9.540,2026-07-23T14:30:00.000Z,ANA,2026-07-30T22:22:14.000Z
2979,87270000,680.00,6.800,2026-07-23T14:30:00.000Z,ANA,2026-07-30T22:22:15.000Z
3727,87168590,585.00,5.850,2026-07-23T14:30:00.000Z,ANA,2026-07-30T22:22:16.000Z
65,87150000,182.00,1.820,2026-07-23T14:15:00.000Z,ANA,2026-07-30T22:22:13.000Z
788,87165001,275.00,2.750,2026-07-23T14:15:00.000Z,ANA,2026-07-30T22:22:13.000Z
1485,87163000,392.00,3.920,2026-07-23T14:15:00.000Z,ANA,2026-07-30T22:22:13.000Z
2230,87170000,956.00,9.560,2026-07-23T14:15:00.000Z,ANA,2026-07-30T22:22:14.000Z
2978,87270000,680.00,6.800,2026-07-23T14:15:00.000Z,ANA,2026-07-30T22:22:15.000Z
3726,87168590,588.00,5.880,2026-07-23T14:15:00.000Z,ANA,2026-07-30T22:22:16.000Z
64,87150000,182.00,1.820,2026-07-23T14:00:00.000Z,ANA,2026-07-30T22:22:13.000Z
787,87165001,275.00,2.750,2026-07-23T14:00:00.000Z,ANA,2026-07-30T22:22:13.000Z
1484,87163000,392.00,3.920,2026-07-23T14:00:00.000Z,ANA,2026-07-30T22:22:13.000Z
2229,87170000,958.00,9.580,2026-07-23T14:00:00.000Z,ANA,2026-07-30T22:22:14.000Z
2977,87270000,681.00,6.810,2026-07-23T14:00:00.000Z,ANA,2026-07-30T22:22:15.000Z
3725,87168590,588.00,5.880,2026-07-23T14:00:00.000Z,ANA,2026-07-30T22:22:16.000Z
63,87150000,183.00,1.830,2026-07-23T13:45:00.000Z,ANA,2026-07-30T22:22:13.000Z
786,87165001,276.00,2.760,2026-07-23T13:45:00.000Z,ANA,2026-07-30T22:22:13.000Z
1483,87163000,393.00,3.930,2026-07-23T13:45:00.000Z,ANA,2026-07-30T22:22:13.000Z
2228,87170000,959.00,9.590,2026-07-23T13:45:00.000Z,ANA,2026-07-30T22:22:14.000Z
2976,87270000,681.00,6.810,2026-07-23T13:45:00.000Z,ANA,2026-07-30T22:22:15.000Z
3724,87168590,591.00,5.910,2026-07-23T13:45:00.000Z,ANA,2026-07-30T22:22:16.000Z
62,87150000,183.00,1.830,2026-07-23T13:30:00.000Z,ANA,2026-07-30T22:22:13.000Z
785,87165001,276.00,2.760,2026-07-23T13:30:00.000Z,ANA,2026-07-30T22:22:13.000Z
1482,87163000,394.00,3.940,2026-07-23T13:30:00.000Z,ANA,2026-07-30T22:22:13.000Z
2227,87170000,962.00,9.620,2026-07-23T13:30:00.000Z,ANA,2026-07-30T22:22:14.000Z
2975,87270000,681.00,6.810,2026-07-23T13:30:00.000Z,ANA,2026-07-30T22:22:15.000Z
3723,87168590,590.00,5.900,2026-07-23T13:30:00.000Z,ANA,2026-07-30T22:22:16.000Z
61,87150000,184.00,1.840,2026-07-23T13:15:00.000Z,ANA,2026-07-30T22:22:13.000Z
784,87165001,277.00,2.770,2026-07-23T13:15:00.000Z,ANA,2026-07-30T22:22:13.000Z
1481,87163000,394.00,3.940,2026-07-23T13:15:00.000Z,ANA,2026-07-30T22:22:13.000Z
2226,87170000,963.00,9.630,2026-07-23T13:15:00.000Z,ANA,2026-07-30T22:22:14.000Z
2974,87270000,682.00,6.820,2026-07-23T13:15:00.000Z,ANA,2026-07-30T22:22:15.000Z
3722,87168590,593.00,5.930,2026-07-23T13:15:00.000Z,ANA,2026-07-30T22:22:16.000Z
60,87150000,184.00,1.840,2026-07-23T13:00:00.000Z,ANA,2026-07-30T22:22:13.000Z
1480,87163000,395.00,3.950,2026-07-23T13:00:00.000Z,ANA,2026-07-30T22:22:13.000Z
2225,87170000,966.00,9.660,2026-07-23T13:00:00.000Z,ANA,2026-07-30T22:22:14.000Z
2973,87270000,682.00,6.820,2026-07-23T13:00:00.000Z,ANA,2026-07-30T22:22:15.000Z
3721,87168590,595.00,5.950,2026-07-23T13:00:00.000Z,ANA,2026-07-30T22:22:16.000Z
59,87150000,185.00,1.850,2026-07-23T12:45:00.000Z,ANA,2026-07-30T22:22:13.000Z
783,87165001,278.00,2.780,2026-07-23T12:45:00.000Z,ANA,2026-07-30T22:22:13.000Z
1479,87163000,395.00,3.950,2026-07-23T12:45:00.000Z,ANA,2026-07-30T22:22:13.000Z
2224,87170000,968.00,9.680,2026-07-23T12:45:00.000Z,ANA,2026-07-30T22:22:14.000Z
2972,87270000,682.00,6.820,2026-07-23T12:45:00.000Z,ANA,2026-07-30T22:22:15.000Z
3720,87168590,597.00,5.970,2026-07-23T12:45:00.000Z,ANA,2026-07-30T22:22:16.000Z
58,87150000,185.00,1.850,2026-07-23T12:30:00.000Z,ANA,2026-07-30T22:22:13.000Z
782,87165001,279.00,2.790,2026-07-23T12:30:00.000Z,ANA,2026-07-30T22:22:13.000Z
1478,87163000,396.00,3.960,2026-07-23T12:30:00.000Z,ANA,2026-07-30T22:22:13.000Z
2223,87170000,969.00,9.690,2026-07-23T12:30:00.000Z,ANA,2026-07-30T22:22:14.000Z
2971,87270000,682.00,6.820,2026-07-23T12:30:00.000Z,ANA,2026-07-30T22:22:15.000Z
3719,87168590,600.00,6.000,2026-07-23T12:30:00.000Z,ANA,2026-07-30T22:22:16.000Z
57,87150000,187.00,1.870,2026-07-23T12:15:00.000Z,ANA,2026-07-30T22:22:13.000Z
781,87165001,280.00,2.800,2026-07-23T12:15:00.000Z,ANA,2026-07-30T22:22:13.000Z
1477,87163000,397.00,3.970,2026-07-23T12:15:00.000Z,ANA,2026-07-30T22:22:13.000Z
2222,87170000,971.00,9.710,2026-07-23T12:15:00.000Z,ANA,2026-07-30T22:22:14.000Z
2970,87270000,683.00,6.830,2026-07-23T12:15:00.000Z,ANA,2026-07-30T22:22:15.000Z
3718,87168590,604.00,6.040,2026-07-23T12:15:00.000Z,ANA,2026-07-30T22:22:16.000Z
56,87150000,195.00,1.950,2026-07-23T12:00:00.000Z,ANA,2026-07-30T22:22:13.000Z
780,87165001,281.00,2.810,2026-07-23T12:00:00.000Z,ANA,2026-07-30T22:22:13.000Z
1476,87163000,397.00,3.970,2026-07-23T12:00:00.000Z,ANA,2026-07-30T22:22:13.000Z
2221,87170000,973.00,9.730,2026-07-23T12:00:00.000Z,ANA,2026-07-30T22:22:14.000Z
2969,87270000,682.00,6.820,2026-07-23T12:00:00.000Z,ANA,2026-07-30T22:22:15.000Z
3717,87168590,606.00,6.060,2026-07-23T12:00:00.000Z,ANA,2026-07-30T22:22:16.000Z
55,87150000,225.00,2.250,2026-07-23T11:45:00.000Z,ANA,2026-07-30T22:22:13.000Z
779,87165001,282.00,2.820,2026-07-23T11:45:00.000Z,ANA,2026-07-30T22:22:13.000Z
1475,87163000,398.00,3.980,2026-07-23T11:45:00.000Z,ANA,2026-07-30T22:22:13.000Z
2220,87170000,975.00,9.750,2026-07-23T11:45:00.000Z,ANA,2026-07-30T22:22:14.000Z
2968,87270000,682.00,6.820,2026-07-23T11:45:00.000Z,ANA,2026-07-30T22:22:15.000Z
3716,87168590,604.00,6.040,2026-07-23T11:45:00.000Z,ANA,2026-07-30T22:22:16.000Z
54,87150000,236.00,2.360,2026-07-23T11:30:00.000Z,ANA,2026-07-30T22:22:13.000Z
778,87165001,283.00,2.830,2026-07-23T11:30:00.000Z,ANA,2026-07-30T22:22:13.000Z
1474,87163000,398.00,3.980,2026-07-23T11:30:00.000Z,ANA,2026-07-30T22:22:13.000Z
2219,87170000,977.00,9.770,2026-07-23T11:30:00.000Z,ANA,2026-07-30T22:22:14.000Z
2967,87270000,684.00,6.840,2026-07-23T11:30:00.000Z,ANA,2026-07-30T22:22:15.000Z
3715,87168590,609.00,6.090,2026-07-23T11:30:00.000Z,ANA,2026-07-30T22:22:16.000Z
53,87150000,236.00,2.360,2026-07-23T11:15:00.000Z,ANA,2026-07-30T22:22:13.000Z
777,87165001,284.00,2.840,2026-07-23T11:15:00.000Z,ANA,2026-07-30T22:22:13.000Z
1473,87163000,399.00,3.990,2026-07-23T11:15:00.000Z,ANA,2026-07-30T22:22:13.000Z
2218,87170000,979.00,9.790,2026-07-23T11:15:00.000Z,ANA,2026-07-30T22:22:14.000Z
2966,87270000,683.00,6.830,2026-07-23T11:15:00.000Z,ANA,2026-07-30T22:22:15.000Z
3714,87168590,613.00,6.130,2026-07-23T11:15:00.000Z,ANA,2026-07-30T22:22:16.000Z
52,87150000,237.00,2.370,2026-07-23T11:00:00.000Z,ANA,2026-07-30T22:22:13.000Z
776,87165001,286.00,2.860,2026-07-23T11:00:00.000Z,ANA,2026-07-30T22:22:13.000Z
1472,87163000,400.00,4.000,2026-07-23T11:00:00.000Z,ANA,2026-07-30T22:22:13.000Z
2217,87170000,981.00,9.810,2026-07-23T11:00:00.000Z,ANA,2026-07-30T22:22:14.000Z
2965,87270000,684.00,6.840,2026-07-23T11:00:00.000Z,ANA,2026-07-30T22:22:15.000Z
3713,87168590,613.00,6.130,2026-07-23T11:00:00.000Z,ANA,2026-07-30T22:22:16.000Z
51,87150000,239.00,2.390,2026-07-23T10:45:00.000Z,ANA,2026-07-30T22:22:13.000Z
775,87165001,289.00,2.890,2026-07-23T10:45:00.000Z,ANA,2026-07-30T22:22:13.000Z
1471,87163000,400.00,4.000,2026-07-23T10:45:00.000Z,ANA,2026-07-30T22:22:13.000Z
2216,87170000,983.00,9.830,2026-07-23T10:45:00.000Z,ANA,2026-07-30T22:22:14.000Z
2964,87270000,684.00,6.840,2026-07-23T10:45:00.000Z,ANA,2026-07-30T22:22:15.000Z
3712,87168590,615.00,6.150,2026-07-23T10:45:00.000Z,ANA,2026-07-30T22:22:16.000Z
50,87150000,240.00,2.400,2026-07-23T10:30:00.000Z,ANA,2026-07-30T22:22:13.000Z
774,87165001,291.00,2.910,2026-07-23T10:30:00.000Z,ANA,2026-07-30T22:22:13.000Z
1470,87163000,401.00,4.010,2026-07-23T10:30:00.000Z,ANA,2026-07-30T22:22:13.000Z
2215,87170000,985.00,9.850,2026-07-23T10:30:00.000Z,ANA,2026-07-30T22:22:14.000Z
2963,87270000,684.00,6.840,2026-07-23T10:30:00.000Z,ANA,2026-07-30T22:22:15.000Z
3711,87168590,615.00,6.150,2026-07-23T10:30:00.000Z,ANA,2026-07-30T22:22:16.000Z
49,87150000,241.00,2.410,2026-07-23T10:15:00.000Z,ANA,2026-07-30T22:22:13.000Z
773,87165001,294.00,2.940,2026-07-23T10:15:00.000Z,ANA,2026-07-30T22:22:13.000Z
1469,87163000,402.00,4.020,2026-07-23T10:15:00.000Z,ANA,2026-07-30T22:22:13.000Z
2214,87170000,986.00,9.860,2026-07-23T10:15:00.000Z,ANA,2026-07-30T22:22:14.000Z
2962,87270000,683.00,6.830,2026-07-23T10:15:00.000Z,ANA,2026-07-30T22:22:15.000Z
3710,87168590,615.00,6.150,2026-07-23T10:15:00.000Z,ANA,2026-07-30T22:22:16.000Z
48,87150000,242.00,2.420,2026-07-23T10:00:00.000Z,ANA,2026-07-30T22:22:13.000Z
772,87165001,295.00,2.950,2026-07-23T10:00:00.000Z,ANA,2026-07-30T22:22:13.000Z
1468,87163000,403.00,4.030,2026-07-23T10:00:00.000Z,ANA,2026-07-30T22:22:13.000Z
2213,87170000,989.00,9.890,2026-07-23T10:00:00.000Z,ANA,2026-07-30T22:22:14.000Z
2961,87270000,684.00,6.840,2026-07-23T10:00:00.000Z,ANA,2026-07-30T22:22:15.000Z
3709,87168590,615.00,6.150,2026-07-23T10:00:00.000Z,ANA,2026-07-30T22:22:16.000Z
47,87150000,243.00,2.430,2026-07-23T09:45:00.000Z,ANA,2026-07-30T22:22:13.000Z
771,87165001,295.00,2.950,2026-07-23T09:45:00.000Z,ANA,2026-07-30T22:22:13.000Z
1467,87163000,404.00,4.040,2026-07-23T09:45:00.000Z,ANA,2026-07-30T22:22:13.000Z
2212,87170000,991.00,9.910,2026-07-23T09:45:00.000Z,ANA,2026-07-30T22:22:14.000Z
2960,87270000,684.00,6.840,2026-07-23T09:45:00.000Z,ANA,2026-07-30T22:22:15.000Z
3708,87168590,617.00,6.170,2026-07-23T09:45:00.000Z,ANA,2026-07-30T22:22:16.000Z
46,87150000,243.00,2.430,2026-07-23T09:30:00.000Z,ANA,2026-07-30T22:22:13.000Z
770,87165001,294.00,2.940,2026-07-23T09:30:00.000Z,ANA,2026-07-30T22:22:13.000Z
1466,87163000,406.00,4.060,2026-07-23T09:30:00.000Z,ANA,2026-07-30T22:22:13.000Z
2211,87170000,993.00,9.930,2026-07-23T09:30:00.000Z,ANA,2026-07-30T22:22:14.000Z
2959,87270000,685.00,6.850,2026-07-23T09:30:00.000Z,ANA,2026-07-30T22:22:15.000Z
3707,87168590,617.00,6.170,2026-07-23T09:30:00.000Z,ANA,2026-07-30T22:22:16.000Z
45,87150000,244.00,2.440,2026-07-23T09:15:00.000Z,ANA,2026-07-30T22:22:13.000Z
769,87165001,293.00,2.930,2026-07-23T09:15:00.000Z,ANA,2026-07-30T22:22:13.000Z
1465,87163000,411.00,4.110,2026-07-23T09:15:00.000Z,ANA,2026-07-30T22:22:13.000Z
2210,87170000,994.00,9.940,2026-07-23T09:15:00.000Z,ANA,2026-07-30T22:22:14.000Z
2958,87270000,684.00,6.840,2026-07-23T09:15:00.000Z,ANA,2026-07-30T22:22:15.000Z
3706,87168590,621.00,6.210,2026-07-23T09:15:00.000Z,ANA,2026-07-30T22:22:16.000Z
44,87150000,244.00,2.440,2026-07-23T09:00:00.000Z,ANA,2026-07-30T22:22:13.000Z
768,87165001,293.00,2.930,2026-07-23T09:00:00.000Z,ANA,2026-07-30T22:22:13.000Z
1464,87163000,421.00,4.210,2026-07-23T09:00:00.000Z,ANA,2026-07-30T22:22:13.000Z
2209,87170000,997.00,9.970,2026-07-23T09:00:00.000Z,ANA,2026-07-30T22:22:14.000Z
2957,87270000,685.00,6.850,2026-07-23T09:00:00.000Z,ANA,2026-07-30T22:22:15.000Z
3705,87168590,620.00,6.200,2026-07-23T09:00:00.000Z,ANA,2026-07-30T22:22:16.000Z
43,87150000,245.00,2.450,2026-07-23T08:45:00.000Z,ANA,2026-07-30T22:22:13.000Z
767,87165001,293.00,2.930,2026-07-23T08:45:00.000Z,ANA,2026-07-30T22:22:13.000Z
1463,87163000,435.00,4.350,2026-07-23T08:45:00.000Z,ANA,2026-07-30T22:22:13.000Z
2208,87170000,998.00,9.980,2026-07-23T08:45:00.000Z,ANA,2026-07-30T22:22:14.000Z
2956,87270000,685.00,6.850,2026-07-23T08:45:00.000Z,ANA,2026-07-30T22:22:15.000Z
3704,87168590,623.00,6.230,2026-07-23T08:45:00.000Z,ANA,2026-07-30T22:22:16.000Z
42,87150000,245.00,2.450,2026-07-23T08:30:00.000Z,ANA,2026-07-30T22:22:13.000Z
766,87165001,293.00,2.930,2026-07-23T08:30:00.000Z,ANA,2026-07-30T22:22:13.000Z
1462,87163000,455.00,4.550,2026-07-23T08:30:00.000Z,ANA,2026-07-30T22:22:13.000Z
2207,87170000,1001.00,10.010,2026-07-23T08:30:00.000Z,ANA,2026-07-30T22:22:14.000Z
2955,87270000,686.00,6.860,2026-07-23T08:30:00.000Z,ANA,2026-07-30T22:22:15.000Z
3703,87168590,626.00,6.260,2026-07-23T08:30:00.000Z,ANA,2026-07-30T22:22:16.000Z
41,87150000,246.00,2.460,2026-07-23T08:15:00.000Z,ANA,2026-07-30T22:22:13.000Z
765,87165001,294.00,2.940,2026-07-23T08:15:00.000Z,ANA,2026-07-30T22:22:13.000Z
1461,87163000,466.00,4.660,2026-07-23T08:15:00.000Z,ANA,2026-07-30T22:22:13.000Z
2206,87170000,1003.00,10.030,2026-07-23T08:15:00.000Z,ANA,2026-07-30T22:22:14.000Z
2954,87270000,684.00,6.840,2026-07-23T08:15:00.000Z,ANA,2026-07-30T22:22:15.000Z
3702,87168590,627.00,6.270,2026-07-23T08:15:00.000Z,ANA,2026-07-30T22:22:16.000Z
40,87150000,246.00,2.460,2026-07-23T08:00:00.000Z,ANA,2026-07-30T22:22:13.000Z
764,87165001,295.00,2.950,2026-07-23T08:00:00.000Z,ANA,2026-07-30T22:22:13.000Z
1460,87163000,475.00,4.750,2026-07-23T08:00:00.000Z,ANA,2026-07-30T22:22:13.000Z
2205,87170000,1005.00,10.050,2026-07-23T08:00:00.000Z,ANA,2026-07-30T22:22:14.000Z
2953,87270000,685.00,6.850,2026-07-23T08:00:00.000Z,ANA,2026-07-30T22:22:15.000Z
3701,87168590,629.00,6.290,2026-07-23T08:00:00.000Z,ANA,2026-07-30T22:22:16.000Z
39,87150000,247.00,2.470,2026-07-23T07:45:00.000Z,ANA,2026-07-30T22:22:13.000Z
763,87165001,294.00,2.940,2026-07-23T07:45:00.000Z,ANA,2026-07-30T22:22:13.000Z
1459,87163000,485.00,4.850,2026-07-23T07:45:00.000Z,ANA,2026-07-30T22:22:13.000Z
2204,87170000,1006.00,10.060,2026-07-23T07:45:00.000Z,ANA,2026-07-30T22:22:14.000Z
2952,87270000,686.00,6.860,2026-07-23T07:45:00.000Z,ANA,2026-07-30T22:22:15.000Z
3700,87168590,632.00,6.320,2026-07-23T07:45:00.000Z,ANA,2026-07-30T22:22:16.000Z
38,87150000,247.00,2.470,2026-07-23T07:30:00.000Z,ANA,2026-07-30T22:22:13.000Z
762,87165001,295.00,2.950,2026-07-23T07:30:00.000Z,ANA,2026-07-30T22:22:13.000Z
1458,87163000,487.00,4.870,2026-07-23T07:30:00.000Z,ANA,2026-07-30T22:22:13.000Z
2203,87170000,1008.00,10.080,2026-07-23T07:30:00.000Z,ANA,2026-07-30T22:22:14.000Z
2951,87270000,684.00,6.840,2026-07-23T07:30:00.000Z,ANA,2026-07-30T22:22:15.000Z
3699,87168590,633.00,6.330,2026-07-23T07:30:00.000Z,ANA,2026-07-30T22:22:16.000Z
37,87150000,248.00,2.480,2026-07-23T07:15:00.000Z,ANA,2026-07-30T22:22:13.000Z
761,87165001,297.00,2.970,2026-07-23T07:15:00.000Z,ANA,2026-07-30T22:22:13.000Z
1457,87163000,489.00,4.890,2026-07-23T07:15:00.000Z,ANA,2026-07-30T22:22:13.000Z
2202,87170000,1009.00,10.090,2026-07-23T07:15:00.000Z,ANA,2026-07-30T22:22:14.000Z
2950,87270000,685.00,6.850,2026-07-23T07:15:00.000Z,ANA,2026-07-30T22:22:15.000Z
3698,87168590,636.00,6.360,2026-07-23T07:15:00.000Z,ANA,2026-07-30T22:22:16.000Z
36,87150000,248.00,2.480,2026-07-23T07:00:00.000Z,ANA,2026-07-30T22:22:13.000Z
760,87165001,298.00,2.980,2026-07-23T07:00:00.000Z,ANA,2026-07-30T22:22:13.000Z
1456,87163000,490.00,4.900,2026-07-23T07:00:00.000Z,ANA,2026-07-30T22:22:13.000Z
2201,87170000,1012.00,10.120,2026-07-23T07:00:00.000Z,ANA,2026-07-30T22:22:14.000Z
2949,87270000,685.00,6.850,2026-07-23T07:00:00.000Z,ANA,2026-07-30T22:22:15.000Z
3697,87168590,635.00,6.350,2026-07-23T07:00:00.000Z,ANA,2026-07-30T22:22:16.000Z
35,87150000,249.00,2.490,2026-07-23T06:45:00.000Z,ANA,2026-07-30T22:22:13.000Z
759,87165001,298.00,2.980,2026-07-23T06:45:00.000Z,ANA,2026-07-30T22:22:13.000Z
1455,87163000,491.00,4.910,2026-07-23T06:45:00.000Z,ANA,2026-07-30T22:22:13.000Z
2200,87170000,1014.00,10.140,2026-07-23T06:45:00.000Z,ANA,2026-07-30T22:22:14.000Z
2948,87270000,684.00,6.840,2026-07-23T06:45:00.000Z,ANA,2026-07-30T22:22:15.000Z
3696,87168590,640.00,6.400,2026-07-23T06:45:00.000Z,ANA,2026-07-30T22:22:16.000Z
34,87150000,249.00,2.490,2026-07-23T06:30:00.000Z,ANA,2026-07-30T22:22:13.000Z
758,87165001,299.00,2.990,2026-07-23T06:30:00.000Z,ANA,2026-07-30T22:22:13.000Z
1454,87163000,492.00,4.920,2026-07-23T06:30:00.000Z,ANA,2026-07-30T22:22:13.000Z
2199,87170000,1015.00,10.150,2026-07-23T06:30:00.000Z,ANA,2026-07-30T22:22:14.000Z
2947,87270000,684.00,6.840,2026-07-23T06:30:00.000Z,ANA,2026-07-30T22:22:15.000Z
3695,87168590,640.00,6.400,2026-07-23T06:30:00.000Z,ANA,2026-07-30T22:22:16.000Z
33,87150000,250.00,2.500,2026-07-23T06:15:00.000Z,ANA,2026-07-30T22:22:13.000Z
757,87165001,300.00,3.000,2026-07-23T06:15:00.000Z,ANA,2026-07-30T22:22:13.000Z
1453,87163000,492.00,4.920,2026-07-23T06:15:00.000Z,ANA,2026-07-30T22:22:13.000Z
2198,87170000,1018.00,10.180,2026-07-23T06:15:00.000Z,ANA,2026-07-30T22:22:14.000Z
2946,87270000,685.00,6.850,2026-07-23T06:15:00.000Z,ANA,2026-07-30T22:22:15.000Z
3694,87168590,643.00,6.430,2026-07-23T06:15:00.000Z,ANA,2026-07-30T22:22:16.000Z
32,87150000,250.00,2.500,2026-07-23T06:00:00.000Z,ANA,2026-07-30T22:22:13.000Z
756,87165001,301.00,3.010,2026-07-23T06:00:00.000Z,ANA,2026-07-30T22:22:13.000Z
1452,87163000,493.00,4.930,2026-07-23T06:00:00.000Z,ANA,2026-07-30T22:22:13.000Z
2197,87170000,1020.00,10.200,2026-07-23T06:00:00.000Z,ANA,2026-07-30T22:22:14.000Z
2945,87270000,684.00,6.840,2026-07-23T06:00:00.000Z,ANA,2026-07-30T22:22:15.000Z
3693,87168590,646.00,6.460,2026-07-23T06:00:00.000Z,ANA,2026-07-30T22:22:16.000Z
31,87150000,250.00,2.500,2026-07-23T05:45:00.000Z,ANA,2026-07-30T22:22:13.000Z
755,87165001,302.00,3.020,2026-07-23T05:45:00.000Z,ANA,2026-07-30T22:22:13.000Z
1451,87163000,494.00,4.940,2026-07-23T05:45:00.000Z,ANA,2026-07-30T22:22:13.000Z
2196,87170000,1021.00,10.210,2026-07-23T05:45:00.000Z,ANA,2026-07-30T22:22:14.000Z
2944,87270000,685.00,6.850,2026-07-23T05:45:00.000Z,ANA,2026-07-30T22:22:15.000Z
3692,87168590,647.00,6.470,2026-07-23T05:45:00.000Z,ANA,2026-07-30T22:22:16.000Z
30,87150000,250.00,2.500,2026-07-23T05:30:00.000Z,ANA,2026-07-30T22:22:13.000Z
754,87165001,303.00,3.030,2026-07-23T05:30:00.000Z,ANA,2026-07-30T22:22:13.000Z
1450,87163000,495.00,4.950,2026-07-23T05:30:00.000Z,ANA,2026-07-30T22:22:13.000Z
2195,87170000,1024.00,10.240,2026-07-23T05:30:00.000Z,ANA,2026-07-30T22:22:14.000Z
2943,87270000,685.00,6.850,2026-07-23T05:30:00.000Z,ANA,2026-07-30T22:22:15.000Z
3691,87168590,651.00,6.510,2026-07-23T05:30:00.000Z,ANA,2026-07-30T22:22:16.000Z
29,87150000,250.00,2.500,2026-07-23T05:15:00.000Z,ANA,2026-07-30T22:22:13.000Z
753,87165001,305.00,3.050,2026-07-23T05:15:00.000Z,ANA,2026-07-30T22:22:13.000Z
1449,87163000,495.00,4.950,2026-07-23T05:15:00.000Z,ANA,2026-07-30T22:22:13.000Z
2194,87170000,1026.00,10.260,2026-07-23T05:15:00.000Z,ANA,2026-07-30T22:22:14.000Z
2942,87270000,684.00,6.840,2026-07-23T05:15:00.000Z,ANA,2026-07-30T22:22:15.000Z
3690,87168590,653.00,6.530,2026-07-23T05:15:00.000Z,ANA,2026-07-30T22:22:16.000Z
28,87150000,250.00,2.500,2026-07-23T05:00:00.000Z,ANA,2026-07-30T22:22:13.000Z
752,87165001,305.00,3.050,2026-07-23T05:00:00.000Z,ANA,2026-07-30T22:22:13.000Z
1448,87163000,496.00,4.960,2026-07-23T05:00:00.000Z,ANA,2026-07-30T22:22:13.000Z
2193,87170000,1028.00,10.280,2026-07-23T05:00:00.000Z,ANA,2026-07-30T22:22:14.000Z
2941,87270000,684.00,6.840,2026-07-23T05:00:00.000Z,ANA,2026-07-30T22:22:15.000Z
3689,87168590,654.00,6.540,2026-07-23T05:00:00.000Z,ANA,2026-07-30T22:22:16.000Z
27,87150000,250.00,2.500,2026-07-23T04:45:00.000Z,ANA,2026-07-30T22:22:13.000Z
751,87165001,306.00,3.060,2026-07-23T04:45:00.000Z,ANA,2026-07-30T22:22:13.000Z
1447,87163000,497.00,4.970,2026-07-23T04:45:00.000Z,ANA,2026-07-30T22:22:13.000Z
2192,87170000,1030.00,10.300,2026-07-23T04:45:00.000Z,ANA,2026-07-30T22:22:14.000Z
2940,87270000,684.00,6.840,2026-07-23T04:45:00.000Z,ANA,2026-07-30T22:22:15.000Z
3688,87168590,657.00,6.570,2026-07-23T04:45:00.000Z,ANA,2026-07-30T22:22:16.000Z
26,87150000,251.00,2.510,2026-07-23T04:30:00.000Z,ANA,2026-07-30T22:22:13.000Z
750,87165001,308.00,3.080,2026-07-23T04:30:00.000Z,ANA,2026-07-30T22:22:13.000Z
1446,87163000,497.00,4.970,2026-07-23T04:30:00.000Z,ANA,2026-07-30T22:22:13.000Z
2191,87170000,1032.00,10.320,2026-07-23T04:30:00.000Z,ANA,2026-07-30T22:22:14.000Z
2939,87270000,684.00,6.840,2026-07-23T04:30:00.000Z,ANA,2026-07-30T22:22:15.000Z
3687,87168590,659.00,6.590,2026-07-23T04:30:00.000Z,ANA,2026-07-30T22:22:16.000Z
25,87150000,251.00,2.510,2026-07-23T04:15:00.000Z,ANA,2026-07-30T22:22:13.000Z
749,87165001,309.00,3.090,2026-07-23T04:15:00.000Z,ANA,2026-07-30T22:22:13.000Z
1445,87163000,498.00,4.980,2026-07-23T04:15:00.000Z,ANA,2026-07-30T22:22:13.000Z
2190,87170000,1034.00,10.340,2026-07-23T04:15:00.000Z,ANA,2026-07-30T22:22:14.000Z
2938,87270000,684.00,6.840,2026-07-23T04:15:00.000Z,ANA,2026-07-30T22:22:15.000Z
3686,87168590,661.00,6.610,2026-07-23T04:15:00.000Z,ANA,2026-07-30T22:22:16.000Z
24,87150000,252.00,2.520,2026-07-23T04:00:00.000Z,ANA,2026-07-30T22:22:13.000Z
748,87165001,310.00,3.100,2026-07-23T04:00:00.000Z,ANA,2026-07-30T22:22:13.000Z
1444,87163000,499.00,4.990,2026-07-23T04:00:00.000Z,ANA,2026-07-30T22:22:13.000Z
2189,87170000,1036.00,10.360,2026-07-23T04:00:00.000Z,ANA,2026-07-30T22:22:14.000Z
2937,87270000,684.00,6.840,2026-07-23T04:00:00.000Z,ANA,2026-07-30T22:22:15.000Z
3685,87168590,663.00,6.630,2026-07-23T04:00:00.000Z,ANA,2026-07-30T22:22:16.000Z
23,87150000,252.00,2.520,2026-07-23T03:45:00.000Z,ANA,2026-07-30T22:22:13.000Z
747,87165001,312.00,3.120,2026-07-23T03:45:00.000Z,ANA,2026-07-30T22:22:13.000Z
1443,87163000,500.00,5.000,2026-07-23T03:45:00.000Z,ANA,2026-07-30T22:22:13.000Z
2188,87170000,1038.00,10.380,2026-07-23T03:45:00.000Z,ANA,2026-07-30T22:22:14.000Z
2936,87270000,683.00,6.830,2026-07-23T03:45:00.000Z,ANA,2026-07-30T22:22:15.000Z
3684,87168590,663.00,6.630,2026-07-23T03:45:00.000Z,ANA,2026-07-30T22:22:16.000Z
22,87150000,253.00,2.530,2026-07-23T03:30:00.000Z,ANA,2026-07-30T22:22:13.000Z
746,87165001,312.00,3.120,2026-07-23T03:30:00.000Z,ANA,2026-07-30T22:22:13.000Z
1442,87163000,501.00,5.010,2026-07-23T03:30:00.000Z,ANA,2026-07-30T22:22:13.000Z
2187,87170000,1041.00,10.410,2026-07-23T03:30:00.000Z,ANA,2026-07-30T22:22:14.000Z
2935,87270000,682.00,6.820,2026-07-23T03:30:00.000Z,ANA,2026-07-30T22:22:15.000Z
3683,87168590,666.00,6.660,2026-07-23T03:30:00.000Z,ANA,2026-07-30T22:22:16.000Z
21,87150000,253.00,2.530,2026-07-23T03:15:00.000Z,ANA,2026-07-30T22:22:13.000Z
745,87165001,314.00,3.140,2026-07-23T03:15:00.000Z,ANA,2026-07-30T22:22:13.000Z
1441,87163000,502.00,5.020,2026-07-23T03:15:00.000Z,ANA,2026-07-30T22:22:13.000Z
2186,87170000,1042.00,10.420,2026-07-23T03:15:00.000Z,ANA,2026-07-30T22:22:14.000Z
2934,87270000,683.00,6.830,2026-07-23T03:15:00.000Z,ANA,2026-07-30T22:22:15.000Z
3682,87168590,668.00,6.680,2026-07-23T03:15:00.000Z,ANA,2026-07-30T22:22:16.000Z
20,87150000,254.00,2.540,2026-07-23T03:00:00.000Z,ANA,2026-07-30T22:22:13.000Z
744,87165001,315.00,3.150,2026-07-23T03:00:00.000Z,ANA,2026-07-30T22:22:13.000Z
1440,87163000,503.00,5.030,2026-07-23T03:00:00.000Z,ANA,2026-07-30T22:22:13.000Z
2185,87170000,1045.00,10.450,2026-07-23T03:00:00.000Z,ANA,2026-07-30T22:22:14.000Z
2933,87270000,681.00,6.810,2026-07-23T03:00:00.000Z,ANA,2026-07-30T22:22:15.000Z
3681,87168590,669.00,6.690,2026-07-23T03:00:00.000Z,ANA,2026-07-30T22:22:16.000Z
19,87150000,255.00,2.550,2026-07-23T02:45:00.000Z,ANA,2026-07-30T22:22:13.000Z
743,87165001,316.00,3.160,2026-07-23T02:45:00.000Z,ANA,2026-07-30T22:22:13.000Z
1439,87163000,504.00,5.040,2026-07-23T02:45:00.000Z,ANA,2026-07-30T22:22:13.000Z
2184,87170000,1048.00,10.480,2026-07-23T02:45:00.000Z,ANA,2026-07-30T22:22:14.000Z
2932,87270000,681.00,6.810,2026-07-23T02:45:00.000Z,ANA,2026-07-30T22:22:15.000Z
3680,87168590,671.00,6.710,2026-07-23T02:45:00.000Z,ANA,2026-07-30T22:22:16.000Z
18,87150000,255.00,2.550,2026-07-23T02:30:00.000Z,ANA,2026-07-30T22:22:13.000Z
742,87165001,316.00,3.160,2026-07-23T02:30:00.000Z,ANA,2026-07-30T22:22:13.000Z
1438,87163000,506.00,5.060,2026-07-23T02:30:00.000Z,ANA,2026-07-30T22:22:13.000Z
2183,87170000,1049.00,10.490,2026-07-23T02:30:00.000Z,ANA,2026-07-30T22:22:14.000Z
2931,87270000,682.00,6.820,2026-07-23T02:30:00.000Z,ANA,2026-07-30T22:22:15.000Z
3679,87168590,673.00,6.730,2026-07-23T02:30:00.000Z,ANA,2026-07-30T22:22:16.000Z
17,87150000,257.00,2.570,2026-07-23T02:15:00.000Z,ANA,2026-07-30T22:22:13.000Z
741,87165001,317.00,3.170,2026-07-23T02:15:00.000Z,ANA,2026-07-30T22:22:13.000Z
1437,87163000,506.00,5.060,2026-07-23T02:15:00.000Z,ANA,2026-07-30T22:22:13.000Z
2182,87170000,1051.00,10.510,2026-07-23T02:15:00.000Z,ANA,2026-07-30T22:22:14.000Z
2930,87270000,680.00,6.800,2026-07-23T02:15:00.000Z,ANA,2026-07-30T22:22:15.000Z
3678,87168590,674.00,6.740,2026-07-23T02:15:00.000Z,ANA,2026-07-30T22:22:16.000Z
16,87150000,258.00,2.580,2026-07-23T02:00:00.000Z,ANA,2026-07-30T22:22:13.000Z
740,87165001,319.00,3.190,2026-07-23T02:00:00.000Z,ANA,2026-07-30T22:22:13.000Z
1436,87163000,508.00,5.080,2026-07-23T02:00:00.000Z,ANA,2026-07-30T22:22:13.000Z
2181,87170000,1054.00,10.540,2026-07-23T02:00:00.000Z,ANA,2026-07-30T22:22:14.000Z
2929,87270000,680.00,6.800,2026-07-23T02:00:00.000Z,ANA,2026-07-30T22:22:15.000Z
3677,87168590,674.00,6.740,2026-07-23T02:00:00.000Z,ANA,2026-07-30T22:22:16.000Z
15,87150000,258.00,2.580,2026-07-23T01:45:00.000Z,ANA,2026-07-30T22:22:13.000Z
739,87165001,320.00,3.200,2026-07-23T01:45:00.000Z,ANA,2026-07-30T22:22:13.000Z
1435,87163000,509.00,5.090,2026-07-23T01:45:00.000Z,ANA,2026-07-30T22:22:13.000Z
2180,87170000,1055.00,10.550,2026-07-23T01:45:00.000Z,ANA,2026-07-30T22:22:14.000Z
2928,87270000,680.00,6.800,2026-07-23T01:45:00.000Z,ANA,2026-07-30T22:22:15.000Z
3676,87168590,680.00,6.800,2026-07-23T01:45:00.000Z,ANA,2026-07-30T22:22:16.000Z
14,87150000,259.00,2.590,2026-07-23T01:30:00.000Z,ANA,2026-07-30T22:22:13.000Z
738,87165001,321.00,3.210,2026-07-23T01:30:00.000Z,ANA,2026-07-30T22:22:13.000Z
1434,87163000,511.00,5.110,2026-07-23T01:30:00.000Z,ANA,2026-07-30T22:22:13.000Z
2179,87170000,1060.00,10.600,2026-07-23T01:30:00.000Z,ANA,2026-07-30T22:22:14.000Z
2927,87270000,679.00,6.790,2026-07-23T01:30:00.000Z,ANA,2026-07-30T22:22:15.000Z
3675,87168590,682.00,6.820,2026-07-23T01:30:00.000Z,ANA,2026-07-30T22:22:16.000Z
13,87150000,260.00,2.600,2026-07-23T01:15:00.000Z,ANA,2026-07-30T22:22:13.000Z
737,87165001,322.00,3.220,2026-07-23T01:15:00.000Z,ANA,2026-07-30T22:22:13.000Z
1433,87163000,512.00,5.120,2026-07-23T01:15:00.000Z,ANA,2026-07-30T22:22:13.000Z
2178,87170000,1060.00,10.600,2026-07-23T01:15:00.000Z,ANA,2026-07-30T22:22:14.000Z
2926,87270000,677.00,6.770,2026-07-23T01:15:00.000Z,ANA,2026-07-30T22:22:15.000Z
3674,87168590,684.00,6.840,2026-07-23T01:15:00.000Z,ANA,2026-07-30T22:22:16.000Z
12,87150000,260.00,2.600,2026-07-23T01:00:00.000Z,ANA,2026-07-30T22:22:13.000Z
736,87165001,323.00,3.230,2026-07-23T01:00:00.000Z,ANA,2026-07-30T22:22:13.000Z
1432,87163000,513.00,5.130,2026-07-23T01:00:00.000Z,ANA,2026-07-30T22:22:13.000Z
2177,87170000,1063.00,10.630,2026-07-23T01:00:00.000Z,ANA,2026-07-30T22:22:14.000Z
2925,87270000,677.00,6.770,2026-07-23T01:00:00.000Z,ANA,2026-07-30T22:22:15.000Z
3673,87168590,687.00,6.870,2026-07-23T01:00:00.000Z,ANA,2026-07-30T22:22:16.000Z
11,87150000,260.00,2.600,2026-07-23T00:45:00.000Z,ANA,2026-07-30T22:22:13.000Z
735,87165001,325.00,3.250,2026-07-23T00:45:00.000Z,ANA,2026-07-30T22:22:13.000Z
1431,87163000,514.00,5.140,2026-07-23T00:45:00.000Z,ANA,2026-07-30T22:22:13.000Z
2176,87170000,1065.00,10.650,2026-07-23T00:45:00.000Z,ANA,2026-07-30T22:22:14.000Z
2924,87270000,677.00,6.770,2026-07-23T00:45:00.000Z,ANA,2026-07-30T22:22:15.000Z
3672,87168590,688.00,6.880,2026-07-23T00:45:00.000Z,ANA,2026-07-30T22:22:16.000Z
10,87150000,261.00,2.610,2026-07-23T00:30:00.000Z,ANA,2026-07-30T22:22:13.000Z
734,87165001,324.00,3.240,2026-07-23T00:30:00.000Z,ANA,2026-07-30T22:22:13.000Z
1430,87163000,516.00,5.160,2026-07-23T00:30:00.000Z,ANA,2026-07-30T22:22:13.000Z
2175,87170000,1068.00,10.680,2026-07-23T00:30:00.000Z,ANA,2026-07-30T22:22:14.000Z
2923,87270000,675.00,6.750,2026-07-23T00:30:00.000Z,ANA,2026-07-30T22:22:15.000Z
3671,87168590,692.00,6.920,2026-07-23T00:30:00.000Z,ANA,2026-07-30T22:22:16.000Z
9,87150000,262.00,2.620,2026-07-23T00:15:00.000Z,ANA,2026-07-30T22:22:13.000Z
733,87165001,327.00,3.270,2026-07-23T00:15:00.000Z,ANA,2026-07-30T22:22:13.000Z
1429,87163000,517.00,5.170,2026-07-23T00:15:00.000Z,ANA,2026-07-30T22:22:13.000Z
2174,87170000,1070.00,10.700,2026-07-23T00:15:00.000Z,ANA,2026-07-30T22:22:14.000Z
2922,87270000,675.00,6.750,2026-07-23T00:15:00.000Z,ANA,2026-07-30T22:22:15.000Z
3670,87168590,692.00,6.920,2026-07-23T00:15:00.000Z,ANA,2026-07-30T22:22:16.000Z
8,87150000,263.00,2.630,2026-07-23T00:00:00.000Z,ANA,2026-07-30T22:22:13.000Z
732,87165001,328.00,3.280,2026-07-23T00:00:00.000Z,ANA,2026-07-30T22:22:13.000Z
1428,87163000,518.00,5.180,2026-07-23T00:00:00.000Z,ANA,2026-07-30T22:22:13.000Z
2173,87170000,1072.00,10.720,2026-07-23T00:00:00.000Z,ANA,2026-07-30T22:22:14.000Z
2921,87270000,674.00,6.740,2026-07-23T00:00:00.000Z,ANA,2026-07-30T22:22:15.000Z
3669,87168590,694.00,6.940,2026-07-23T00:00:00.000Z,ANA,2026-07-30T22:22:16.000Z
